[{"icpc_id":"安阳工学院","shortname":"安阳工学院","id":"安阳工学院","name":"安阳工学院","formal_name":"安阳工学院"},{"icpc_id":"北方工业大学","shortname":"北方工业大学","id":"北方工业大学","name":"北方工业大学","formal_name":"北方工业大学"},{"icpc_id":"北京化工大学","shortname":"北京化工大学","id":"北京化工大学","name":"北京化工大学","formal_name":"北京化工大学"},{"icpc_id":"北京师范大学","shortname":"北京师范大学","id":"北京师范大学","name":"北京师范大学","formal_name":"北京师范大学"},{"icpc_id":"北京师范大学（珠海校区）","shortname":"北京师范大学（珠海校区）","id":"北京师范大学（珠海校区）","name":"北京师范大学（珠海校区）","formal_name":"北京师范大学（珠海校区）"},{"icpc_id":"常熟理工学院","shortname":"常熟理工学院","id":"常熟理工学院","name":"常熟理工学院","formal_name":"常熟理工学院"},{"icpc_id":"成都东软学院","shortname":"成都东软学院","id":"成都东软学院","name":"成都东软学院","formal_name":"成都东软学院"},{"icpc_id":"成都理工大学","shortname":"成都理工大学","id":"成都理工大学","name":"成都理工大学","formal_name":"成都理工大学"},{"icpc_id":"大连理工大学","shortname":"大连理工大学","id":"大连理工大学","name":"大连理工大学","formal_name":"大连理工大学"},{"icpc_id":"电子科技大学","shortname":"电子科技大学","id":"电子科技大学","name":"电子科技大学","formal_name":"电子科技大学"},{"icpc_id":"东北大学","shortname":"东北大学","id":"东北大学","name":"东北大学","formal_name":"东北大学"},{"icpc_id":"东北农业大学","shortname":"东北农业大学","id":"东北农业大学","name":"东北农业大学","formal_name":"东北农业大学"},{"icpc_id":"东北师范大学","shortname":"东北师范大学","id":"东北师范大学","name":"东北师范大学","formal_name":"东北师范大学"},{"icpc_id":"东华大学","shortname":"东华大学","id":"东华大学","name":"东华大学","formal_name":"东华大学"},{"icpc_id":"福建师范大学","shortname":"福建师范大学","id":"福建师范大学","name":"福建师范大学","formal_name":"福建师范大学"},{"icpc_id":"福州大学","shortname":"福州大学","id":"福州大学","name":"福州大学","formal_name":"福州大学"},{"icpc_id":"复旦大学","shortname":"复旦大学","id":"复旦大学","name":"复旦大学","formal_name":"复旦大学"},{"icpc_id":"广东财经大学","shortname":"广东财经大学","id":"广东财经大学","name":"广东财经大学","formal_name":"广东财经大学"},{"icpc_id":"广东金融学院","shortname":"广东金融学院","id":"广东金融学院","name":"广东金融学院","formal_name":"广东金融学院"},{"icpc_id":"广西师范大学","shortname":"广西师范大学","id":"广西师范大学","name":"广西师范大学","formal_name":"广西师范大学"},{"icpc_id":"国防科技大学","shortname":"国防科技大学","id":"国防科技大学","name":"国防科技大学","formal_name":"国防科技大学"},{"icpc_id":"哈尔滨工业大学","shortname":"哈尔滨工业大学","id":"哈尔滨工业大学","name":"哈尔滨工业大学","formal_name":"哈尔滨工业大学"},{"icpc_id":"哈尔滨理工大学","shortname":"哈尔滨理工大学","id":"哈尔滨理工大学","name":"哈尔滨理工大学","formal_name":"哈尔滨理工大学"},{"icpc_id":"杭州电子科技大学","shortname":"杭州电子科技大学","id":"杭州电子科技大学","name":"杭州电子科技大学","formal_name":"杭州电子科技大学"},{"icpc_id":"杭州师范大学","shortname":"杭州师范大学","id":"杭州师范大学","name":"杭州师范大学","formal_name":"杭州师范大学"},{"icpc_id":"合肥学院","shortname":"合肥学院","id":"合肥学院","name":"合肥学院","formal_name":"合肥学院"},{"icpc_id":"河北大学","shortname":"河北大学","id":"河北大学","name":"河北大学","formal_name":"河北大学"},{"icpc_id":"河北农业大学","shortname":"河北农业大学","id":"河北农业大学","name":"河北农业大学","formal_name":"河北农业大学"},{"icpc_id":"河北师范大学","shortname":"河北师范大学","id":"河北师范大学","name":"河北师范大学","formal_name":"河北师范大学"},{"icpc_id":"河南大学","shortname":"河南大学","id":"河南大学","name":"河南大学","formal_name":"河南大学"},{"icpc_id":"河南理工大学","shortname":"河南理工大学","id":"河南理工大学","name":"河南理工大学","formal_name":"河南理工大学"},{"icpc_id":"河南农业大学","shortname":"河南农业大学","id":"河南农业大学","name":"河南农业大学","formal_name":"河南农业大学"},{"icpc_id":"华南师范大学","shortname":"华南师范大学","id":"华南师范大学","name":"华南师范大学","formal_name":"华南师范大学"},{"icpc_id":"华中师范大学","shortname":"华中师范大学","id":"华中师范大学","name":"华中师范大学","formal_name":"华中师范大学"},{"icpc_id":"怀化学院","shortname":"怀化学院","id":"怀化学院","name":"怀化学院","formal_name":"怀化学院"},{"icpc_id":"吉林大学","shortname":"吉林大学","id":"吉林大学","name":"吉林大学","formal_name":"吉林大学"},{"icpc_id":"暨南大学","shortname":"暨南大学","id":"暨南大学","name":"暨南大学","formal_name":"暨南大学"},{"icpc_id":"嘉应学院","shortname":"嘉应学院","id":"嘉应学院","name":"嘉应学院","formal_name":"嘉应学院"},{"icpc_id":"江西财经大学","shortname":"江西财经大学","id":"江西财经大学","name":"江西财经大学","formal_name":"江西财经大学"},{"icpc_id":"江西科技学院","shortname":"江西科技学院","id":"江西科技学院","name":"江西科技学院","formal_name":"江西科技学院"},{"icpc_id":"江西师范大学","shortname":"江西师范大学","id":"江西师范大学","name":"江西师范大学","formal_name":"江西师范大学"},{"icpc_id":"乐山师范学院","shortname":"乐山师范学院","id":"乐山师范学院","name":"乐山师范学院","formal_name":"乐山师范学院"},{"icpc_id":"辽宁大学","shortname":"辽宁大学","id":"辽宁大学","name":"辽宁大学","formal_name":"辽宁大学"},{"icpc_id":"闽南师范大学","shortname":"闽南师范大学","id":"闽南师范大学","name":"闽南师范大学","formal_name":"闽南师范大学"},{"icpc_id":"南昌大学","shortname":"南昌大学","id":"南昌大学","name":"南昌大学","formal_name":"南昌大学"},{"icpc_id":"南昌航空大学","shortname":"南昌航空大学","id":"南昌航空大学","name":"南昌航空大学","formal_name":"南昌航空大学"},{"icpc_id":"南方科技大学","shortname":"南方科技大学","id":"南方科技大学","name":"南方科技大学","formal_name":"南方科技大学"},{"icpc_id":"南京大学","shortname":"南京大学","id":"南京大学","name":"南京大学","formal_name":"南京大学"},{"icpc_id":"南京航空航天大学","shortname":"南京航空航天大学","id":"南京航空航天大学","name":"南京航空航天大学","formal_name":"南京航空航天大学"},{"icpc_id":"南京晓庄学院","shortname":"南京晓庄学院","id":"南京晓庄学院","name":"南京晓庄学院","formal_name":"南京晓庄学院"},{"icpc_id":"南京信息工程大学","shortname":"南京信息工程大学","id":"南京信息工程大学","name":"南京信息工程大学","formal_name":"南京信息工程大学"},{"icpc_id":"南京邮电大学","shortname":"南京邮电大学","id":"南京邮电大学","name":"南京邮电大学","formal_name":"南京邮电大学"},{"icpc_id":"南阳理工学院","shortname":"南阳理工学院","id":"南阳理工学院","name":"南阳理工学院","formal_name":"南阳理工学院"},{"icpc_id":"内蒙古师范大学","shortname":"内蒙古师范大学","id":"内蒙古师范大学","name":"内蒙古师范大学","formal_name":"内蒙古师范大学"},{"icpc_id":"宁波大学","shortname":"宁波大学","id":"宁波大学","name":"宁波大学","formal_name":"宁波大学"},{"icpc_id":"青岛大学","shortname":"青岛大学","id":"青岛大学","name":"青岛大学","formal_name":"青岛大学"},{"icpc_id":"三峡大学","shortname":"三峡大学","id":"三峡大学","name":"三峡大学","formal_name":"三峡大学"},{"icpc_id":"厦门大学嘉庚学院","shortname":"厦门大学嘉庚学院","id":"厦门大学嘉庚学院","name":"厦门大学嘉庚学院","formal_name":"厦门大学嘉庚学院"},{"icpc_id":"山东大学","shortname":"山东大学","id":"山东大学","name":"山东大学","formal_name":"山东大学"},{"icpc_id":"山东科技大学","shortname":"山东科技大学","id":"山东科技大学","name":"山东科技大学","formal_name":"山东科技大学"},{"icpc_id":"山东理工大学","shortname":"山东理工大学","id":"山东理工大学","name":"山东理工大学","formal_name":"山东理工大学"},{"icpc_id":"山东农业大学","shortname":"山东农业大学","id":"山东农业大学","name":"山东农业大学","formal_name":"山东农业大学"},{"icpc_id":"上海大学","shortname":"上海大学","id":"上海大学","name":"上海大学","formal_name":"上海大学"},{"icpc_id":"上海电机学院","shortname":"上海电机学院","id":"上海电机学院","name":"上海电机学院","formal_name":"上海电机学院"},{"icpc_id":"绍兴文理学院","shortname":"绍兴文理学院","id":"绍兴文理学院","name":"绍兴文理学院","formal_name":"绍兴文理学院"},{"icpc_id":"深圳大学","shortname":"深圳大学","id":"深圳大学","name":"深圳大学","formal_name":"深圳大学"},{"icpc_id":"深圳技术大学","shortname":"深圳技术大学","id":"深圳技术大学","name":"深圳技术大学","formal_name":"深圳技术大学"},{"icpc_id":"深圳可达教育科技有限公司","shortname":"深圳可达教育科技有限公司","id":"深圳可达教育科技有限公司","name":"深圳可达教育科技有限公司","formal_name":"深圳可达教育科技有限公司"},{"icpc_id":"树德学院","shortname":"树德学院","id":"树德学院","name":"树德学院","formal_name":"树德学院"},{"icpc_id":"四川大学","shortname":"四川大学","id":"四川大学","name":"四川大学","formal_name":"四川大学"},{"icpc_id":"苏州大学","shortname":"苏州大学","id":"苏州大学","name":"苏州大学","formal_name":"苏州大学"},{"icpc_id":"天津大学","shortname":"天津大学","id":"天津大学","name":"天津大学","formal_name":"天津大学"},{"icpc_id":"天津大学仁爱学院","shortname":"天津大学仁爱学院","id":"天津大学仁爱学院","name":"天津大学仁爱学院","formal_name":"天津大学仁爱学院"},{"icpc_id":"天津工业大学","shortname":"天津工业大学","id":"天津工业大学","name":"天津工业大学","formal_name":"天津工业大学"},{"icpc_id":"同济大学","shortname":"同济大学","id":"同济大学","name":"同济大学","formal_name":"同济大学"},{"icpc_id":"武汉纺织大学","shortname":"武汉纺织大学","id":"武汉纺织大学","name":"武汉纺织大学","formal_name":"武汉纺织大学"},{"icpc_id":"武汉工程大学","shortname":"武汉工程大学","id":"武汉工程大学","name":"武汉工程大学","formal_name":"武汉工程大学"},{"icpc_id":"武汉科技大学","shortname":"武汉科技大学","id":"武汉科技大学","name":"武汉科技大学","formal_name":"武汉科技大学"},{"icpc_id":"西安电子科技大学","shortname":"西安电子科技大学","id":"西安电子科技大学","name":"西安电子科技大学","formal_name":"西安电子科技大学"},{"icpc_id":"西安理工大学","shortname":"西安理工大学","id":"西安理工大学","name":"西安理工大学","formal_name":"西安理工大学"},{"icpc_id":"西北工业大学","shortname":"西北工业大学","id":"西北工业大学","name":"西北工业大学","formal_name":"西北工业大学"},{"icpc_id":"西北农林科技大学","shortname":"西北农林科技大学","id":"西北农林科技大学","name":"西北农林科技大学","formal_name":"西北农林科技大学"},{"icpc_id":"西藏民族大学","shortname":"西藏民族大学","id":"西藏民族大学","name":"西藏民族大学","formal_name":"西藏民族大学"},{"icpc_id":"西南科技大学","shortname":"西南科技大学","id":"西南科技大学","name":"西南科技大学","formal_name":"西南科技大学"},{"icpc_id":"西南民族大学","shortname":"西南民族大学","id":"西南民族大学","name":"西南民族大学","formal_name":"西南民族大学"},{"icpc_id":"烟台大学","shortname":"烟台大学","id":"烟台大学","name":"烟台大学","formal_name":"烟台大学"},{"icpc_id":"燕山大学","shortname":"燕山大学","id":"燕山大学","name":"燕山大学","formal_name":"燕山大学"},{"icpc_id":"战略支援部队信息工程大学","shortname":"战略支援部队信息工程大学","id":"战略支援部队信息工程大学","name":"战略支援部队信息工程大学","formal_name":"战略支援部队信息工程大学"},{"icpc_id":"长春工业大学","shortname":"长春工业大学","id":"长春工业大学","name":"长春工业大学","formal_name":"长春工业大学"},{"icpc_id":"长沙理工大学","shortname":"长沙理工大学","id":"长沙理工大学","name":"长沙理工大学","formal_name":"长沙理工大学"},{"icpc_id":"浙大宁波理工学院","shortname":"浙大宁波理工学院","id":"浙大宁波理工学院","name":"浙大宁波理工学院","formal_name":"浙大宁波理工学院"},{"icpc_id":"浙江工商大学杭州商学院","shortname":"浙江工商大学杭州商学院","id":"浙江工商大学杭州商学院","name":"浙江工商大学杭州商学院","formal_name":"浙江工商大学杭州商学院"},{"icpc_id":"浙江工业大学","shortname":"浙江工业大学","id":"浙江工业大学","name":"浙江工业大学","formal_name":"浙江工业大学"},{"icpc_id":"浙江工业大学之江学院","shortname":"浙江工业大学之江学院","id":"浙江工业大学之江学院","name":"浙江工业大学之江学院","formal_name":"浙江工业大学之江学院"},{"icpc_id":"浙江科技学院","shortname":"浙江科技学院","id":"浙江科技学院","name":"浙江科技学院","formal_name":"浙江科技学院"},{"icpc_id":"浙江师范大学","shortname":"浙江师范大学","id":"浙江师范大学","name":"浙江师范大学","formal_name":"浙江师范大学"},{"icpc_id":"浙江万里学院","shortname":"浙江万里学院","id":"浙江万里学院","name":"浙江万里学院","formal_name":"浙江万里学院"},{"icpc_id":"浙江中医药大学","shortname":"浙江中医药大学","id":"浙江中医药大学","name":"浙江中医药大学","formal_name":"浙江中医药大学"},{"icpc_id":"中国传媒大学","shortname":"中国传媒大学","id":"中国传媒大学","name":"中国传媒大学","formal_name":"中国传媒大学"},{"icpc_id":"中国地质大学（武汉）","shortname":"中国地质大学（武汉）","id":"中国地质大学（武汉）","name":"中国地质大学（武汉）","formal_name":"中国地质大学（武汉）"},{"icpc_id":"中国计量大学","shortname":"中国计量大学","id":"中国计量大学","name":"中国计量大学","formal_name":"中国计量大学"},{"icpc_id":"中国矿业大学","shortname":"中国矿业大学","id":"中国矿业大学","name":"中国矿业大学","formal_name":"中国矿业大学"},{"icpc_id":"中国石油大学（北京）","shortname":"中国石油大学（北京）","id":"中国石油大学（北京）","name":"中国石油大学（北京）","formal_name":"中国石油大学（北京）"},{"icpc_id":"中南民族大学","shortname":"中南民族大学","id":"中南民族大学","name":"中南民族大学","formal_name":"中南民族大学"},{"icpc_id":"中山大学","shortname":"中山大学","id":"中山大学","name":"中山大学","formal_name":"中山大学"}]