[{"externalid":"F001","group_ids":["Participants"],"affiliation":"安阳工学院","id":"F001","icpc_id":"F001","name":"珂曼煜熠","organization_id":"安阳工学院","members":""},{"externalid":"F002","group_ids":["Participants"],"affiliation":"安阳工学院","id":"F002","icpc_id":"F002","name":"向月亮看齐","organization_id":"安阳工学院","members":""},{"externalid":"F007","group_ids":["Participants"],"affiliation":"北方工业大学","id":"F007","icpc_id":"F007","name":"邪王真眼是最强","organization_id":"北方工业大学","members":""},{"externalid":"F014","group_ids":["Participants"],"affiliation":"北京化工大学","id":"F014","icpc_id":"F014","name":"我们学校解封了","organization_id":"北京化工大学","members":""},{"externalid":"F015","group_ids":["Participants"],"affiliation":"北京化工大学","id":"F015","icpc_id":"F015","name":"蒙得都队","organization_id":"北京化工大学","members":""},{"externalid":"F016","group_ids":["Participants"],"affiliation":"北京化工大学","id":"F016","icpc_id":"F016","name":"咸鱼小队","organization_id":"北京化工大学","members":""},{"externalid":"F017","group_ids":["Participants"],"affiliation":"北京化工大学","id":"F017","icpc_id":"F017","name":"buct三队","organization_id":"北京化工大学","members":""},{"externalid":"F018","group_ids":["Participants"],"affiliation":"北京化工大学","id":"F018","icpc_id":"F018","name":"surprise","organization_id":"北京化工大学","members":""},{"externalid":"F032","group_ids":["Participants"],"affiliation":"北京师范大学","id":"F032","icpc_id":"F032","name":"英雄可不能临阵脱逃啊","organization_id":"北京师范大学","members":""},{"externalid":"F033","group_ids":["Participants"],"affiliation":"北京师范大学","id":"F033","icpc_id":"F033","name":"收了地摊来比赛","organization_id":"北京师范大学","members":""},{"externalid":"F038","group_ids":["Participants"],"affiliation":"北京师范大学（珠海校区）","id":"F038","icpc_id":"F038","name":"努力做","organization_id":"北京师范大学（珠海校区）","members":""},{"externalid":"F050","group_ids":["Participants"],"affiliation":"常熟理工学院","id":"F050","icpc_id":"F050","name":"都行","organization_id":"常熟理工学院","members":""},{"externalid":"F053","group_ids":["Participants"],"affiliation":"电子科技大学","id":"F053","icpc_id":"F053","name":"UpperClass","organization_id":"电子科技大学","members":""},{"externalid":"F058","group_ids":["Participants"],"affiliation":"成都东软学院","id":"F058","icpc_id":"F058","name":"阿巴阿巴阿巴","organization_id":"成都东软学院","members":""},{"externalid":"F061","group_ids":["Participants"],"affiliation":"成都理工大学","id":"F061","icpc_id":"F061","name":"恭喜以上队伍获得银牌","organization_id":"成都理工大学","members":""},{"externalid":"F062","group_ids":["Participants"],"affiliation":"成都理工大学","id":"F062","icpc_id":"F062","name":"精神小火发量多","organization_id":"成都理工大学","members":""},{"externalid":"F063","group_ids":["Participants"],"affiliation":"四川大学","id":"F063","icpc_id":"F063","name":"学妹全球后援会","organization_id":"四川大学","members":""},{"externalid":"F070","group_ids":["Participants"],"affiliation":"大连理工大学","id":"F070","icpc_id":"F070","name":"新年新气象","organization_id":"大连理工大学","members":""},{"externalid":"F073","group_ids":["Participants"],"affiliation":"中国地质大学（武汉）","id":"F073","icpc_id":"F073","name":"女生1","organization_id":"中国地质大学（武汉）","members":""},{"externalid":"F074","group_ids":["Participants"],"affiliation":"中国地质大学（武汉）","id":"F074","icpc_id":"F074","name":"南望山女生","organization_id":"中国地质大学（武汉）","members":""},{"externalid":"F077","group_ids":["Participants"],"affiliation":"东北大学","id":"F077","icpc_id":"F077","name":"全员女装","organization_id":"东北大学","members":""},{"externalid":"F078","group_ids":["Participants"],"affiliation":"东北大学","id":"F078","icpc_id":"F078","name":"多喝岩浆","organization_id":"东北大学","members":""},{"externalid":"F079","group_ids":["Participants"],"affiliation":"东北大学","id":"F079","icpc_id":"F079","name":"马就完事儿","organization_id":"东北大学","members":""},{"externalid":"F088","group_ids":["Participants"],"affiliation":"东北农业大学","id":"F088","icpc_id":"F088","name":"晚安玛卡巴卡","organization_id":"东北农业大学","members":""},{"externalid":"F089","group_ids":["Participants"],"affiliation":"东北农业大学","id":"F089","icpc_id":"F089","name":"dlk失联了","organization_id":"东北农业大学","members":""},{"externalid":"F092","group_ids":["Participants"],"affiliation":"东北师范大学","id":"F092","icpc_id":"F092","name":"福娃和她的信徒们","organization_id":"东北师范大学","members":""},{"externalid":"F093","group_ids":["Participants"],"affiliation":"东北师范大学","id":"F093","icpc_id":"F093","name":"勾指起誓","organization_id":"东北师范大学","members":""},{"externalid":"F095","group_ids":["Participants"],"affiliation":"东华大学","id":"F095","icpc_id":"F095","name":"52Hz的鱼","organization_id":"东华大学","members":""},{"externalid":"F116","group_ids":["Participants"],"affiliation":"福建师范大学","id":"F116","icpc_id":"F116","name":"没意外应该可以","organization_id":"福建师范大学","members":""},{"externalid":"F117","group_ids":["Participants"],"affiliation":"福建师范大学","id":"F117","icpc_id":"F117","name":"给我也整一个","organization_id":"福建师范大学","members":""},{"externalid":"F119","group_ids":["Participants"],"affiliation":"福州大学","id":"F119","icpc_id":"F119","name":"我就队","organization_id":"福州大学","members":""},{"externalid":"F120","group_ids":["Participants"],"affiliation":"福州大学","id":"F120","icpc_id":"F120","name":"海盐炸鸡沙拉","organization_id":"福州大学","members":""},{"externalid":"F124","group_ids":["Participants"],"affiliation":"复旦大学","id":"F124","icpc_id":"F124","name":"时间太短来不及想队名了","organization_id":"复旦大学","members":""},{"externalid":"F129","group_ids":["Participants"],"affiliation":"广东财经大学","id":"F129","icpc_id":"F129","name":"红橙作伴","organization_id":"广东财经大学","members":""},{"externalid":"F131","group_ids":["Participants"],"affiliation":"广东金融学院","id":"F131","icpc_id":"F131","name":"临时抱佛脚被佛摸摸头","organization_id":"广东金融学院","members":""},{"externalid":"F135","group_ids":["Participants"],"affiliation":"广西师范大学","id":"F135","icpc_id":"F135","name":"Preference","organization_id":"广西师范大学","members":""},{"externalid":"F142","group_ids":["Participants"],"affiliation":"国防科技大学","id":"F142","icpc_id":"F142","name":"业余选手","organization_id":"国防科技大学","members":""},{"externalid":"F146","group_ids":["Participants"],"affiliation":"哈尔滨工业大学","id":"F146","icpc_id":"F146","name":"我不知道啊","organization_id":"哈尔滨工业大学","members":""},{"externalid":"F158","group_ids":["Participants"],"affiliation":"哈尔滨理工大学","id":"F158","icpc_id":"F158","name":"哈理工7队","organization_id":"哈尔滨理工大学","members":""},{"externalid":"F164","group_ids":["Participants"],"affiliation":"杭州电子科技大学","id":"F164","icpc_id":"F164","name":"眼泪打转转","organization_id":"杭州电子科技大学","members":""},{"externalid":"F168","group_ids":["Participants"],"affiliation":"浙江工商大学杭州商学院","id":"F168","icpc_id":"F168","name":"好想出去玩但又懒得动","organization_id":"浙江工商大学杭州商学院","members":""},{"externalid":"F169","group_ids":["Participants"],"affiliation":"杭州师范大学","id":"F169","icpc_id":"F169","name":"一碗鱼","organization_id":"杭州师范大学","members":""},{"externalid":"F172","group_ids":["Participants"],"affiliation":"合肥学院","id":"F172","icpc_id":"F172","name":"练字小分队","organization_id":"合肥学院","members":""},{"externalid":"F178","group_ids":["Participants"],"affiliation":"河北大学","id":"F178","icpc_id":"F178","name":"云帆WAHAHAHA","organization_id":"河北大学","members":""},{"externalid":"F181","group_ids":["Participants"],"affiliation":"河北农业大学","id":"F181","icpc_id":"F181","name":"CodingGirl","organization_id":"河北农业大学","members":""},{"externalid":"F183","group_ids":["Participants"],"affiliation":"河北师范大学","id":"F183","icpc_id":"F183","name":"天晨破晓","organization_id":"河北师范大学","members":""},{"externalid":"F184","group_ids":["Participants"],"affiliation":"河北师范大学","id":"F184","icpc_id":"F184","name":"战上云霄","organization_id":"河北师范大学","members":""},{"externalid":"F191","group_ids":["Participants"],"affiliation":"河南大学","id":"F191","icpc_id":"F191","name":"职业划水队","organization_id":"河南大学","members":""},{"externalid":"F194","group_ids":["Participants"],"affiliation":"河南理工大学","id":"F194","icpc_id":"F194","name":"不瞒了我们是女装","organization_id":"河南理工大学","members":""},{"externalid":"F195","group_ids":["Participants"],"affiliation":"河南理工大学","id":"F195","icpc_id":"F195","name":"天使之翼","organization_id":"河南理工大学","members":""},{"externalid":"F198","group_ids":["Participants"],"affiliation":"河南农业大学","id":"F198","icpc_id":"F198","name":"老干爹","organization_id":"河南农业大学","members":""},{"externalid":"F210","group_ids":["Participants"],"affiliation":"华南师范大学","id":"F210","icpc_id":"F210","name":"启航队","organization_id":"华南师范大学","members":""},{"externalid":"F216","group_ids":["Participants"],"affiliation":"华中师范大学","id":"F216","icpc_id":"F216","name":"学妹带飞","organization_id":"华中师范大学","members":""},{"externalid":"F217","group_ids":["Participants"],"affiliation":"华中师范大学","id":"F217","icpc_id":"F217","name":"我就是来膜大佬的","organization_id":"华中师范大学","members":""},{"externalid":"F219","group_ids":["Participants"],"affiliation":"怀化学院","id":"F219","icpc_id":"F219","name":"HHTCACM1","organization_id":"怀化学院","members":""},{"externalid":"F220","group_ids":["Participants"],"affiliation":"吉林大学","id":"F220","icpc_id":"F220","name":"emmmmmmm","organization_id":"吉林大学","members":""},{"externalid":"F223","group_ids":["Participants"],"affiliation":"暨南大学","id":"F223","icpc_id":"F223","name":"能喝八吨奶茶","organization_id":"暨南大学","members":""},{"externalid":"F225","group_ids":["Participants"],"affiliation":"嘉应学院","id":"F225","icpc_id":"F225","name":"凤梨麻麻带两崽","organization_id":"嘉应学院","members":""},{"externalid":"F228","group_ids":["Participants"],"affiliation":"江西财经大学","id":"F228","icpc_id":"F228","name":"5G冲浪队","organization_id":"江西财经大学","members":""},{"externalid":"F229","group_ids":["Participants"],"affiliation":"江西财经大学","id":"F229","icpc_id":"F229","name":"出名要趁年轻","organization_id":"江西财经大学","members":""},{"externalid":"F230","group_ids":["Participants"],"affiliation":"江西财经大学","id":"F230","icpc_id":"F230","name":"是主成分子啊","organization_id":"江西财经大学","members":""},{"externalid":"F233","group_ids":["Participants"],"affiliation":"江西科技学院","id":"F233","icpc_id":"F233","name":"让我康康签到题在哪","organization_id":"江西科技学院","members":""},{"externalid":"F234","group_ids":["Participants"],"affiliation":"江西师范大学","id":"F234","icpc_id":"F234","name":"啊这这","organization_id":"江西师范大学","members":""},{"externalid":"F235","group_ids":["Participants"],"affiliation":"江西师范大学","id":"F235","icpc_id":"F235","name":"奥利奥小甜心","organization_id":"江西师范大学","members":""},{"externalid":"F236","group_ids":["Participants"],"affiliation":"江西师范大学","id":"F236","icpc_id":"F236","name":"就随便拿个牌","organization_id":"江西师范大学","members":""},{"externalid":"F239","group_ids":["Participants"],"affiliation":"金陵科技学院","id":"F239","icpc_id":"F239","name":"划船不用桨","organization_id":"金陵科技学院","members":""},{"externalid":"F240","group_ids":["Participants"],"affiliation":"深圳可达教育科技有限公司","id":"F240","icpc_id":"F240","name":"可达三号","organization_id":"深圳可达教育科技有限公司","members":""},{"externalid":"F248","group_ids":["Participants"],"affiliation":"中国矿业大学","id":"F248","icpc_id":"F248","name":"接力2020","organization_id":"中国矿业大学","members":""},{"externalid":"F250","group_ids":["Participants"],"affiliation":"中国矿业大学徐海学院","id":"F250","icpc_id":"F250","name":"Agile3","organization_id":"中国矿业大学徐海学院","members":""},{"externalid":"F251","group_ids":["Participants"],"affiliation":"乐山师范学院","id":"F251","icpc_id":"F251","name":"开天PD","organization_id":"乐山师范学院","members":""},{"externalid":"F253","group_ids":["Participants"],"affiliation":"辽宁大学","id":"F253","icpc_id":"F253","name":"南果梨真好吃","organization_id":"辽宁大学","members":""},{"externalid":"F255","group_ids":["Participants"],"affiliation":"闽南师范大学","id":"F255","icpc_id":"F255","name":"我们不是菜鸡","organization_id":"闽南师范大学","members":""},{"externalid":"F256","group_ids":["Participants"],"affiliation":"闽南师范大学","id":"F256","icpc_id":"F256","name":"叽里呱啦冲冲冲","organization_id":"闽南师范大学","members":""},{"externalid":"F258","group_ids":["Participants"],"affiliation":"南昌大学","id":"F258","icpc_id":"F258","name":"与世无争","organization_id":"南昌大学","members":""},{"externalid":"F262","group_ids":["Participants"],"affiliation":"南昌航空大学","id":"F262","icpc_id":"F262","name":"小桥流水","organization_id":"南昌航空大学","members":""},{"externalid":"F269","group_ids":["Participants"],"affiliation":"南京大学","id":"F269","icpc_id":"F269","name":"名字短一点的筛凝艾慕","organization_id":"南京大学","members":""},{"externalid":"F284","group_ids":["Participants"],"affiliation":"南方科技大学","id":"F284","icpc_id":"F284","name":"圣加仑","organization_id":"南方科技大学","members":""},{"externalid":"F285","group_ids":["Participants"],"affiliation":"南方科技大学","id":"F285","icpc_id":"F285","name":"楚格","organization_id":"南方科技大学","members":""},{"externalid":"F290","group_ids":["Participants"],"affiliation":"南京航空航天大学","id":"F290","icpc_id":"F290","name":"匈牙利牛肉焗饭","organization_id":"南京航空航天大学","members":""},{"externalid":"F293","group_ids":["Participants"],"affiliation":"南京晓庄学院","id":"F293","icpc_id":"F293","name":"凉队早点睡","organization_id":"南京晓庄学院","members":""},{"externalid":"F295","group_ids":["Participants"],"affiliation":"南京信息工程大学","id":"F295","icpc_id":"F295","name":"我都可以","organization_id":"南京信息工程大学","members":""},{"externalid":"F296","group_ids":["Participants"],"affiliation":"南京信息工程大学","id":"F296","icpc_id":"F296","name":"来生要不要做咸鱼女啊","organization_id":"南京信息工程大学","members":""},{"externalid":"F298","group_ids":["Participants"],"affiliation":"南阳理工学院","id":"F298","icpc_id":"F298","name":"重在参与","organization_id":"南阳理工学院","members":""},{"externalid":"F299","group_ids":["Participants"],"affiliation":"南阳理工学院","id":"F299","icpc_id":"F299","name":"小学生打国家运动队","organization_id":"南阳理工学院","members":""},{"externalid":"F301","group_ids":["Participants"],"affiliation":"南京邮电大学","id":"F301","icpc_id":"F301","name":"三只小青wa ","organization_id":"南京邮电大学","members":""},{"externalid":"F302","group_ids":["Participants"],"affiliation":"南京邮电大学","id":"F302","icpc_id":"F302","name":"啊我活了","organization_id":"南京邮电大学","members":""},{"externalid":"F303","group_ids":["Participants"],"affiliation":"南京邮电大学","id":"F303","icpc_id":"F303","name":"摸鱼划水快乐多","organization_id":"南京邮电大学","members":""},{"externalid":"F304","group_ids":["Participants"],"affiliation":"南京邮电大学","id":"F304","icpc_id":"F304","name":"灭霸是无敌的","organization_id":"南京邮电大学","members":""},{"externalid":"F305","group_ids":["Participants"],"affiliation":"南京邮电大学","id":"F305","icpc_id":"F305","name":"柑橘味香气","organization_id":"南京邮电大学","members":""},{"externalid":"F309","group_ids":["Participants"],"affiliation":"内蒙古师范大学","id":"F309","icpc_id":"F309","name":"天生一","organization_id":"内蒙古师范大学","members":""},{"externalid":"F311","group_ids":["Participants"],"affiliation":"宁波大学","id":"F311","icpc_id":"F311","name":"NBU美少女","organization_id":"宁波大学","members":""},{"externalid":"F313","group_ids":["Participants"],"affiliation":"浙大宁波理工学院","id":"F313","icpc_id":"F313","name":"我很高贵wa没机会","organization_id":"浙大宁波理工学院","members":""},{"externalid":"F315","group_ids":["Participants"],"affiliation":"青岛大学","id":"F315","icpc_id":"F315","name":"莫吉托","organization_id":"青岛大学","members":""},{"externalid":"F317","group_ids":["Participants"],"affiliation":"三峡大学","id":"F317","icpc_id":"F317","name":"求求你给我一个牌牌吧","organization_id":"三峡大学","members":""},{"externalid":"F318","group_ids":["Participants"],"affiliation":"三峡大学","id":"F318","icpc_id":"F318","name":"我们的牌牌是银色的","organization_id":"三峡大学","members":""},{"externalid":"F322","group_ids":["Participants"],"affiliation":"厦门大学嘉庚学院","id":"F322","icpc_id":"F322","name":"喝了AD钙就AC","organization_id":"厦门大学嘉庚学院","members":""},{"externalid":"F323","group_ids":["Participants"],"affiliation":"山东大学","id":"F323","icpc_id":"F323","name":"这个我们想一想","organization_id":"山东大学","members":""},{"externalid":"F328","group_ids":["Participants"],"affiliation":"山东理工大学","id":"F328","icpc_id":"F328","name":"乘风破浪的姐姐","organization_id":"山东理工大学","members":""},{"externalid":"F329","group_ids":["Participants"],"affiliation":"山东理工大学","id":"F329","icpc_id":"F329","name":"富贵在天","organization_id":"山东理工大学","members":""},{"externalid":"F333","group_ids":["Participants"],"affiliation":"山东农业大学","id":"F333","icpc_id":"F333","name":"超级女生","organization_id":"山东农业大学","members":""},{"externalid":"F335","group_ids":["Participants"],"affiliation":"山东科技大学","id":"F335","icpc_id":"F335","name":"SKD女武神","organization_id":"山东科技大学","members":""},{"externalid":"F347","group_ids":["Participants"],"affiliation":"上海大学","id":"F347","icpc_id":"F347","name":"WYJ","organization_id":"上海大学","members":""},{"externalid":"F350","group_ids":["Participants"],"affiliation":"上海电机学院","id":"F350","icpc_id":"F350","name":"我们想拿奖","organization_id":"上海电机学院","members":""},{"externalid":"F354","group_ids":["Participants"],"affiliation":"绍兴文理学院","id":"F354","icpc_id":"F354","name":"考研精神小妹","organization_id":"绍兴文理学院","members":""},{"externalid":"F355","group_ids":["Participants"],"affiliation":"深圳大学","id":"F355","icpc_id":"F355","name":"弹起我心爱的拉普拉斯","organization_id":"深圳大学","members":""},{"externalid":"F358","group_ids":["Participants"],"affiliation":"深圳技术大学","id":"F358","icpc_id":"F358","name":"她们","organization_id":"深圳技术大学","members":""},{"externalid":"F361","group_ids":["Participants"],"affiliation":"中国石油大学（北京）","id":"F361","icpc_id":"F361","name":"石油之月","organization_id":"中国石油大学（北京）","members":""},{"externalid":"F362","group_ids":["Participants"],"affiliation":"中国石油大学（北京）","id":"F362","icpc_id":"F362","name":"石油之雪","organization_id":"中国石油大学（北京）","members":""},{"externalid":"F363","group_ids":["Participants"],"affiliation":"中国石油大学（北京）","id":"F363","icpc_id":"F363","name":"石油之光","organization_id":"中国石油大学（北京）","members":""},{"externalid":"F364","group_ids":["Participants"],"affiliation":"中国石油大学（北京）","id":"F364","icpc_id":"F364","name":"石油之花","organization_id":"中国石油大学（北京）","members":""},{"externalid":"F367","group_ids":["Participants"],"affiliation":"树德学院","id":"F367","icpc_id":"F367","name":"三匹狼","organization_id":"树德学院","members":""},{"externalid":"F369","group_ids":["Participants"],"affiliation":"苏州大学","id":"F369","icpc_id":"F369","name":"不取队名好嘛","organization_id":"苏州大学","members":""},{"externalid":"F370","group_ids":["Participants"],"affiliation":"苏州大学","id":"F370","icpc_id":"F370","name":"taro bobo","organization_id":"苏州大学","members":""},{"externalid":"F374","group_ids":["Participants"],"affiliation":"天津大学","id":"F374","icpc_id":"F374","name":"lucy boom","organization_id":"天津大学","members":""},{"externalid":"F375","group_ids":["Participants"],"affiliation":"天津大学","id":"F375","icpc_id":"F375","name":"皮卡丘~","organization_id":"天津大学","members":""},{"externalid":"F379","group_ids":["Participants"],"affiliation":"天津大学仁爱学院","id":"F379","icpc_id":"F379","name":"晨曦微露","organization_id":"天津大学仁爱学院","members":""},{"externalid":"F380","group_ids":["Participants"],"affiliation":"天津大学仁爱学院","id":"F380","icpc_id":"F380","name":"皮卡皮 皮卡啾","organization_id":"天津大学仁爱学院","members":""},{"externalid":"F383","group_ids":["Participants"],"affiliation":"天津工业大学","id":"F383","icpc_id":"F383","name":"时北北学长的后援队","organization_id":"天津工业大学","members":""},{"externalid":"F384","group_ids":["Participants"],"affiliation":"同济大学","id":"F384","icpc_id":"F384","name":"黄渡少女404 ","organization_id":"同济大学","members":""},{"externalid":"F387","group_ids":["Participants"],"affiliation":"浙江万里学院","id":"F387","icpc_id":"F387","name":"秃头少女WA的一声哭出来","organization_id":"浙江万里学院","members":""},{"externalid":"F392","group_ids":["Participants"],"affiliation":"武汉纺织大学","id":"F392","icpc_id":"F392","name":"AC钙奶","organization_id":"武汉纺织大学","members":""},{"externalid":"F394","group_ids":["Participants"],"affiliation":"武汉工程大学","id":"F394","icpc_id":"F394","name":"不要咕咕咕","organization_id":"武汉工程大学","members":""},{"externalid":"F395","group_ids":["Participants"],"affiliation":"武汉科技大学","id":"F395","icpc_id":"F395","name":"毕加思索","organization_id":"武汉科技大学","members":""},{"externalid":"F399","group_ids":["Participants"],"affiliation":"西安理工大学","id":"F399","icpc_id":"F399","name":"我做的都队","organization_id":"西安理工大学","members":""},{"externalid":"F403","group_ids":["Participants"],"affiliation":"西北农林科技大学","id":"F403","icpc_id":"F403","name":"风华正茂的妹妹们","organization_id":"西北农林科技大学","members":""},{"externalid":"F404","group_ids":["Participants"],"affiliation":"西安电子科技大学","id":"F404","icpc_id":"F404","name":"啊哈哈哈哈哈哈","organization_id":"西安电子科技大学","members":""},{"externalid":"F405","group_ids":["Participants"],"affiliation":"西北工业大学","id":"F405","icpc_id":"F405","name":"2020","organization_id":"西北工业大学","members":""},{"externalid":"F412","group_ids":["Participants"],"affiliation":"西藏民族大学","id":"F412","icpc_id":"F412","name":"秦汉和园","organization_id":"西藏民族大学","members":""},{"externalid":"F414","group_ids":["Participants"],"affiliation":"西南大学","id":"F414","icpc_id":"F414","name":"swu_FortheUnion","organization_id":"西南大学","members":""},{"externalid":"F417","group_ids":["Participants"],"affiliation":"西南科技大学","id":"F417","icpc_id":"F417","name":"三年抱俩","organization_id":"西南科技大学","members":""},{"externalid":"F422","group_ids":["Participants"],"affiliation":"西南民族大学","id":"F422","icpc_id":"F422","name":"全世界最好的月饼","organization_id":"西南民族大学","members":""},{"externalid":"F423","group_ids":["Participants"],"affiliation":"西南民族大学","id":"F423","icpc_id":"F423","name":"队名已隐藏","organization_id":"西南民族大学","members":""},{"externalid":"F427","group_ids":["Participants"],"affiliation":"战略支援部队信息工程大学","id":"F427","icpc_id":"F427","name":"呱呱呱","organization_id":"战略支援部队信息工程大学","members":""},{"externalid":"F428","group_ids":["Participants"],"affiliation":"战略支援部队信息工程大学","id":"F428","icpc_id":"F428","name":"玉豫钰","organization_id":"战略支援部队信息工程大学","members":""},{"externalid":"F429","group_ids":["Participants"],"affiliation":"烟台大学","id":"F429","icpc_id":"F429","name":"洋芋参","organization_id":"烟台大学","members":""},{"externalid":"F431","group_ids":["Participants"],"affiliation":"燕山大学","id":"F431","icpc_id":"F431","name":"小魔仙","organization_id":"燕山大学","members":""},{"externalid":"F433","group_ids":["Participants"],"affiliation":"长春工业大学","id":"F433","icpc_id":"F433","name":"面向样例编程队","organization_id":"长春工业大学","members":""},{"externalid":"F440","group_ids":["Participants"],"affiliation":"长沙理工大学","id":"F440","icpc_id":"F440","name":"拥抱变化","organization_id":"长沙理工大学","members":""},{"externalid":"F447","group_ids":["Participants"],"affiliation":"浙江工业大学","id":"F447","icpc_id":"F447","name":"你抽卡必井","organization_id":"浙江工业大学","members":""},{"externalid":"F448","group_ids":["Participants"],"affiliation":"浙江工业大学","id":"F448","icpc_id":"F448","name":"吉祥物的自我修养","organization_id":"浙江工业大学","members":""},{"externalid":"F449","group_ids":["Participants"],"affiliation":"浙江工业大学","id":"F449","icpc_id":"F449","name":"三只小猪佩奇","organization_id":"浙江工业大学","members":""},{"externalid":"F454","group_ids":["Participants"],"affiliation":"浙江科技学院","id":"F454","icpc_id":"F454","name":"untitle","organization_id":"浙江科技学院","members":""},{"externalid":"F455","group_ids":["Participants"],"affiliation":"浙江科技学院","id":"F455","icpc_id":"F455","name":"菜鸡摸鱼小分队","organization_id":"浙江科技学院","members":""},{"externalid":"F460","group_ids":["Participants"],"affiliation":"浙江农林大学","id":"F460","icpc_id":"F460","name":"鸭鸭不在乎","organization_id":"浙江农林大学","members":""},{"externalid":"F461","group_ids":["Participants"],"affiliation":"浙江农林大学","id":"F461","icpc_id":"F461","name":"你说得队","organization_id":"浙江农林大学","members":""},{"externalid":"F465","group_ids":["Participants"],"affiliation":"浙江师范大学","id":"F465","icpc_id":"F465","name":"秃鸡队","organization_id":"浙江师范大学","members":""},{"externalid":"F466","group_ids":["Participants"],"affiliation":"浙江师范大学","id":"F466","icpc_id":"F466","name":"带不走气球了","organization_id":"浙江师范大学","members":""},{"externalid":"F470","group_ids":["Participants"],"affiliation":"浙江中医药大学","id":"F470","icpc_id":"F470","name":"妙妙妙A种子","organization_id":"浙江中医药大学","members":""},{"externalid":"F471","group_ids":["Participants"],"affiliation":"浙江中医药大学","id":"F471","icpc_id":"F471","name":"零城","organization_id":"浙江中医药大学","members":""},{"externalid":"F482","group_ids":["Participants"],"affiliation":"浙江工业大学之江学院","id":"F482","icpc_id":"F482","name":"哼哼","organization_id":"浙江工业大学之江学院","members":""},{"externalid":"F485","group_ids":["Participants"],"affiliation":"中国传媒大学","id":"F485","icpc_id":"F485","name":"夏日长吃小肉串喝杏仁茶","organization_id":"中国传媒大学","members":""},{"externalid":"F486","group_ids":["Participants"],"affiliation":"中国传媒大学","id":"F486","icpc_id":"F486","name":"什么时候再吃冰淇淋呀","organization_id":"中国传媒大学","members":""},{"externalid":"F487","group_ids":["Participants"],"affiliation":"中国传媒大学","id":"F487","icpc_id":"F487","name":"扣扣秃头","organization_id":"中国传媒大学","members":""},{"externalid":"F488","group_ids":["Participants"],"affiliation":"中山大学","id":"F488","icpc_id":"F488","name":"非日常派队","organization_id":"中山大学","members":""},{"externalid":"F493","group_ids":["Participants"],"affiliation":"中国计量大学","id":"F493","icpc_id":"F493","name":"可爱小废物","organization_id":"中国计量大学","members":""},{"externalid":"F495","group_ids":["Participants"],"affiliation":"中南民族大学","id":"F495","icpc_id":"F495","name":"SCUEC女队","organization_id":"中南民族大学","members":""},{"externalid":"F496","group_ids":["Participants"],"affiliation":"中南民族大学","id":"F496","icpc_id":"F496","name":"朴实无华且枯燥","organization_id":"中南民族大学","members":""}]