[{"externalid":"T001","group_ids":["正式队伍"],"affiliation":"安徽大学","id":"T001","icpc_id":"T001","name":"实际上就是菜","organization_id":"安徽大学","members":""},{"externalid":"T002","group_ids":["女队"],"affiliation":"安阳工学院","id":"T002","icpc_id":"T002","name":"珂曼煜熠","organization_id":"安阳工学院","members":""},{"externalid":"T003","group_ids":["正式队伍"],"affiliation":"安阳工学院","id":"T003","icpc_id":"T003","name":"向太阳看齐","organization_id":"安阳工学院","members":""},{"externalid":"T004","group_ids":["打星"],"affiliation":"北方工业大学","id":"T004","icpc_id":"T004","name":"AK我们换性别","organization_id":"北方工业大学","members":""},{"externalid":"T005","group_ids":["正式队伍"],"affiliation":"北华大学","id":"T005","icpc_id":"T005","name":"全体起立","organization_id":"北华大学","members":""},{"externalid":"T006","group_ids":["正式队伍"],"affiliation":"北京大学","id":"T006","icpc_id":"T006","name":"我垫你们底","organization_id":"北京大学","members":""},{"externalid":"T007","group_ids":["正式队伍"],"affiliation":"北京大学","id":"T007","icpc_id":"T007","name":"一塔湖图","organization_id":"北京大学","members":""},{"externalid":"T008","group_ids":["正式队伍"],"affiliation":"北京大学","id":"T008","icpc_id":"T008","name":"一一一丨","organization_id":"北京大学","members":""},{"externalid":"T009","group_ids":["正式队伍"],"affiliation":"北京航空航天大学","id":"T009","icpc_id":"T009","name":"辉夜大小姐想让我AC","organization_id":"北京航空航天大学","members":""},{"externalid":"T010","group_ids":["正式队伍"],"affiliation":"北京航空航天大学","id":"T010","icpc_id":"T010","name":"三个队友跑了","organization_id":"北京航空航天大学","members":""},{"externalid":"T011","group_ids":["正式队伍"],"affiliation":"北京航空航天大学","id":"T011","icpc_id":"T011","name":"我不知道_png","organization_id":"北京航空航天大学","members":""},{"externalid":"T012","group_ids":["女队"],"affiliation":"北京化工大学","id":"T012","icpc_id":"T012","name":"我们学校解封了","organization_id":"北京化工大学","members":""},{"externalid":"T013","group_ids":["正式队伍"],"affiliation":"北京化工大学","id":"T013","icpc_id":"T013","name":"我只能爬","organization_id":"北京化工大学","members":""},{"externalid":"T014","group_ids":["女队"],"affiliation":"北京化工大学","id":"T014","icpc_id":"T014","name":"咸鱼小队","organization_id":"北京化工大学","members":""},{"externalid":"T015","group_ids":["打星"],"affiliation":"北京交通大学","id":"T015","icpc_id":"T015","name":"艾维物质","organization_id":"北京交通大学","members":""},{"externalid":"T016","group_ids":["打星"],"affiliation":"北京交通大学","id":"T016","icpc_id":"T016","name":"欢乐写假题","organization_id":"北京交通大学","members":""},{"externalid":"T017","group_ids":["打星"],"affiliation":"北京交通大学","id":"T017","icpc_id":"T017","name":"万寿无疆","organization_id":"北京交通大学","members":""},{"externalid":"T018","group_ids":["正式队伍"],"affiliation":"北京交通大学","id":"T018","icpc_id":"T018","name":"芜湖菜","organization_id":"北京交通大学","members":""},{"externalid":"T019","group_ids":["正式队伍"],"affiliation":"北京交通大学","id":"T019","icpc_id":"T019","name":"一笑奈何","organization_id":"北京交通大学","members":""},{"externalid":"T020","group_ids":["打星"],"affiliation":"北京交通大学（威海）","id":"T020","icpc_id":"T020","name":"响亮的名字","organization_id":"北京交通大学（威海）","members":""},{"externalid":"T021","group_ids":["正式队伍"],"affiliation":"北京理工大学","id":"T021","icpc_id":"T021","name":"putchar","organization_id":"北京理工大学","members":""},{"externalid":"T022","group_ids":["正式队伍"],"affiliation":"北京理工大学","id":"T022","icpc_id":"T022","name":"克鲁斯卡尔大战克苏鲁","organization_id":"北京理工大学","members":""},{"externalid":"T023","group_ids":["正式队伍"],"affiliation":"北京理工大学","id":"T023","icpc_id":"T023","name":"摸鱼两年半","organization_id":"北京理工大学","members":""},{"externalid":"T024","group_ids":["正式队伍"],"affiliation":"北京林业大学","id":"T024","icpc_id":"T024","name":"北林幻想机场","organization_id":"北京林业大学","members":""},{"externalid":"T025","group_ids":["打星"],"affiliation":"北京林业大学","id":"T025","icpc_id":"T025","name":"冲就完事","organization_id":"北京林业大学","members":""},{"externalid":"T026","group_ids":["正式队伍"],"affiliation":"北京师范大学","id":"T026","icpc_id":"T026","name":"人菜瘾大","organization_id":"北京师范大学","members":""},{"externalid":"T027","group_ids":["女队"],"affiliation":"北京师范大学","id":"T027","icpc_id":"T027","name":"英雄可不能临阵脱逃啊","organization_id":"北京师范大学","members":""},{"externalid":"T028","group_ids":["打星"],"affiliation":"北京信息科技大学","id":"T028","icpc_id":"T028","name":"威海一日游","organization_id":"北京信息科技大学","members":""},{"externalid":"T029","group_ids":["正式队伍"],"affiliation":"北京邮电大学","id":"T029","icpc_id":"T029","name":"常数抛光机","organization_id":"北京邮电大学","members":""},{"externalid":"T030","group_ids":["打星"],"affiliation":"北京邮电大学","id":"T030","icpc_id":"T030","name":"恶魔妈妈买面膜","organization_id":"北京邮电大学","members":""},{"externalid":"T031","group_ids":["正式队伍"],"affiliation":"北京邮电大学","id":"T031","icpc_id":"T031","name":"鸿蒙","organization_id":"北京邮电大学","members":""},{"externalid":"T032","group_ids":["打星"],"affiliation":"北京邮电大学","id":"T032","icpc_id":"T032","name":"就不起队名了","organization_id":"北京邮电大学","members":""},{"externalid":"T033","group_ids":["打星"],"affiliation":"北京邮电大学","id":"T033","icpc_id":"T033","name":"莱鸡","organization_id":"北京邮电大学","members":""},{"externalid":"T034","group_ids":["正式队伍"],"affiliation":"北京邮电大学","id":"T034","icpc_id":"T034","name":"幸福安心养老所","organization_id":"北京邮电大学","members":""},{"externalid":"T035","group_ids":["正式队伍"],"affiliation":"常熟理工学院","id":"T035","icpc_id":"T035","name":"ACM太好玩了","organization_id":"常熟理工学院","members":""},{"externalid":"T036","group_ids":["正式队伍"],"affiliation":"成都东软学院","id":"T036","icpc_id":"T036","name":"德莉莎","organization_id":"成都东软学院","members":""},{"externalid":"T037","group_ids":["正式队伍"],"affiliation":"成都东软学院","id":"T037","icpc_id":"T037","name":"我们队长英语无敌","organization_id":"成都东软学院","members":""},{"externalid":"T038","group_ids":["正式队伍"],"affiliation":"成都信息工程大学","id":"T038","icpc_id":"T038","name":"飞龙在天","organization_id":"成都信息工程大学","members":""},{"externalid":"T039","group_ids":["正式队伍"],"affiliation":"大连海事大学","id":"T039","icpc_id":"T039","name":"风花雪月","organization_id":"大连海事大学","members":""},{"externalid":"T040","group_ids":["正式队伍"],"affiliation":"大连理工大学","id":"T040","icpc_id":"T040","name":"暴力写挂乱搞AC","organization_id":"大连理工大学","members":""},{"externalid":"T041","group_ids":["正式队伍"],"affiliation":"大连理工大学","id":"T041","icpc_id":"T041","name":"很有精神","organization_id":"大连理工大学","members":""},{"externalid":"T042","group_ids":["正式队伍"],"affiliation":"电子科技大学","id":"T042","icpc_id":"T042","name":"Guest_WiFi","organization_id":"电子科技大学","members":""},{"externalid":"T043","group_ids":["正式队伍"],"affiliation":"电子科技大学","id":"T043","icpc_id":"T043","name":"rwby","organization_id":"电子科技大学","members":""},{"externalid":"T044","group_ids":["正式队伍"],"affiliation":"电子科技大学","id":"T044","icpc_id":"T044","name":"UpperClass","organization_id":"电子科技大学","members":""},{"externalid":"T045","group_ids":["正式队伍"],"affiliation":"电子科技大学","id":"T045","icpc_id":"T045","name":"魔法少女","organization_id":"电子科技大学","members":""},{"externalid":"T046","group_ids":["正式队伍"],"affiliation":"电子科技大学中山学院","id":"T046","icpc_id":"T046","name":"中山学院一队","organization_id":"电子科技大学中山学院","members":""},{"externalid":"T047","group_ids":["正式队伍"],"affiliation":"东北大学","id":"T047","icpc_id":"T047","name":"三千","organization_id":"东北大学","members":""},{"externalid":"T048","group_ids":["正式队伍"],"affiliation":"东北大学","id":"T048","icpc_id":"T048","name":"月饼","organization_id":"东北大学","members":""},{"externalid":"T049","group_ids":["正式队伍"],"affiliation":"东北大学秦皇岛分校","id":"T049","icpc_id":"T049","name":"CFA-Y剑指","organization_id":"东北大学秦皇岛分校","members":""},{"externalid":"T050","group_ids":["正式队伍"],"affiliation":"东北大学秦皇岛分校","id":"T050","icpc_id":"T050","name":"Friday","organization_id":"东北大学秦皇岛分校","members":""},{"externalid":"T051","group_ids":["正式队伍"],"affiliation":"东北大学秦皇岛分校","id":"T051","icpc_id":"T051","name":"不兼容","organization_id":"东北大学秦皇岛分校","members":""},{"externalid":"T052","group_ids":["正式队伍"],"affiliation":"东北大学秦皇岛分校","id":"T052","icpc_id":"T052","name":"面包杀手","organization_id":"东北大学秦皇岛分校","members":""},{"externalid":"T053","group_ids":["正式队伍"],"affiliation":"东北农业大学","id":"T053","icpc_id":"T053","name":"辉夜大小姐想让我AC","organization_id":"东北农业大学","members":""},{"externalid":"T054","group_ids":["正式队伍"],"affiliation":"东北农业大学","id":"T054","icpc_id":"T054","name":"我突然想起一道题.jpg","organization_id":"东北农业大学","members":""},{"externalid":"T055","group_ids":["正式队伍"],"affiliation":"东北师范大学","id":"T055","icpc_id":"T055","name":"碎月","organization_id":"东北师范大学","members":""},{"externalid":"T056","group_ids":["打星"],"affiliation":"东华大学","id":"T056","icpc_id":"T056","name":"无证驾驶","organization_id":"东华大学","members":""},{"externalid":"T057","group_ids":["打星"],"affiliation":"东华大学","id":"T057","icpc_id":"T057","name":"严涵和他的妈妈们","organization_id":"东华大学","members":""},{"externalid":"T058","group_ids":["正式队伍"],"affiliation":"东南大学","id":"T058","icpc_id":"T058","name":"艾斯易悠都行","organization_id":"东南大学","members":""},{"externalid":"T059","group_ids":["打星"],"affiliation":"东南大学","id":"T059","icpc_id":"T059","name":"常盘台女子技校","organization_id":"东南大学","members":""},{"externalid":"T060","group_ids":["正式队伍"],"affiliation":"东南大学","id":"T060","icpc_id":"T060","name":"咸水小黄鸭","organization_id":"东南大学","members":""},{"externalid":"T061","group_ids":["正式队伍"],"affiliation":"福建师范大学","id":"T061","icpc_id":"T061","name":"今天天气不错","organization_id":"福建师范大学","members":""},{"externalid":"T062","group_ids":["打星"],"affiliation":"福州大学","id":"T062","icpc_id":"T062","name":"nya","organization_id":"福州大学","members":""},{"externalid":"T063","group_ids":["正式队伍"],"affiliation":"福州大学","id":"T063","icpc_id":"T063","name":"俄赛普特","organization_id":"福州大学","members":""},{"externalid":"T064","group_ids":["正式队伍"],"affiliation":"福州大学","id":"T064","icpc_id":"T064","name":"涅槃","organization_id":"福州大学","members":""},{"externalid":"T065","group_ids":["正式队伍"],"affiliation":"福州大学","id":"T065","icpc_id":"T065","name":"日暮晨昏","organization_id":"福州大学","members":""},{"externalid":"T066","group_ids":["正式队伍"],"affiliation":"复旦大学","id":"T066","icpc_id":"T066","name":"黑色骑士团","organization_id":"复旦大学","members":""},{"externalid":"T067","group_ids":["正式队伍"],"affiliation":"复旦大学","id":"T067","icpc_id":"T067","name":"小喵喵已经不适合这个版本了","organization_id":"复旦大学","members":""},{"externalid":"T068","group_ids":["正式队伍"],"affiliation":"复旦大学","id":"T068","icpc_id":"T068","name":"自由泳","organization_id":"复旦大学","members":""},{"externalid":"T069","group_ids":["打星"],"affiliation":"广东财经大学","id":"T069","icpc_id":"T069","name":"瓜皮瓜皮瓜","organization_id":"广东财经大学","members":""},{"externalid":"T070","group_ids":["打星"],"affiliation":"广东工业大学","id":"T070","icpc_id":"T070","name":"晨曦的光","organization_id":"广东工业大学","members":""},{"externalid":"T071","group_ids":["正式队伍"],"affiliation":"广东工业大学","id":"T071","icpc_id":"T071","name":"石磨","organization_id":"广东工业大学","members":""},{"externalid":"T072","group_ids":["正式队伍"],"affiliation":"广东工业大学","id":"T072","icpc_id":"T072","name":"猪猪冲冲冲","organization_id":"广东工业大学","members":""},{"externalid":"T073","group_ids":["正式队伍"],"affiliation":"广东金融学院","id":"T073","icpc_id":"T073","name":"super他很晚才酷","organization_id":"广东金融学院","members":""},{"externalid":"T074","group_ids":["正式队伍"],"affiliation":"广东外语外贸大学","id":"T074","icpc_id":"T074","name":"锐利的剑锐利的眼","organization_id":"广东外语外贸大学","members":""},{"externalid":"T075","group_ids":["打星"],"affiliation":"广州大学","id":"T075","icpc_id":"T075","name":"蒟蒻堆","organization_id":"广州大学","members":""},{"externalid":"T076","group_ids":["打星"],"affiliation":"广州大学","id":"T076","icpc_id":"T076","name":"这就是墙外的世界吗","organization_id":"广州大学","members":""},{"externalid":"T077","group_ids":["正式队伍"],"affiliation":"广州大学","id":"T077","icpc_id":"T077","name":"致命膜术","organization_id":"广州大学","members":""},{"externalid":"T078","group_ids":["正式队伍"],"affiliation":"贵州大学","id":"T078","icpc_id":"T078","name":"董拼丙凑广搭","organization_id":"贵州大学","members":""},{"externalid":"T079","group_ids":["正式队伍"],"affiliation":"桂林电子科技大学","id":"T079","icpc_id":"T079","name":"队伍名不允许为空","organization_id":"桂林电子科技大学","members":""},{"externalid":"T080","group_ids":["正式队伍"],"affiliation":"哈尔滨工程大学","id":"T080","icpc_id":"T080","name":"队名太难取队","organization_id":"哈尔滨工程大学","members":""},{"externalid":"T081","group_ids":["正式队伍"],"affiliation":"哈尔滨工程大学","id":"T081","icpc_id":"T081","name":"死亡发际线","organization_id":"哈尔滨工程大学","members":""},{"externalid":"T082","group_ids":["正式队伍"],"affiliation":"哈尔滨工业大学","id":"T082","icpc_id":"T082","name":"赤阳","organization_id":"哈尔滨工业大学","members":""},{"externalid":"T083","group_ids":["打星"],"affiliation":"哈尔滨工业大学","id":"T083","icpc_id":"T083","name":"青老年国内线上冲浪团","organization_id":"哈尔滨工业大学","members":""},{"externalid":"T084","group_ids":["正式队伍"],"affiliation":"哈尔滨工业大学","id":"T084","icpc_id":"T084","name":"头换女装那路或多","organization_id":"哈尔滨工业大学","members":""},{"externalid":"T085","group_ids":["正式队伍"],"affiliation":"哈尔滨工业大学（深圳）","id":"T085","icpc_id":"T085","name":"4队","organization_id":"哈尔滨工业大学（深圳）","members":""},{"externalid":"T086","group_ids":["正式队伍"],"affiliation":"哈尔滨工业大学（深圳）","id":"T086","icpc_id":"T086","name":"鸽子自动稽","organization_id":"哈尔滨工业大学（深圳）","members":""},{"externalid":"T087","group_ids":["正式队伍"],"affiliation":"哈尔滨工业大学（深圳）","id":"T087","icpc_id":"T087","name":"逆流沙","organization_id":"哈尔滨工业大学（深圳）","members":""},{"externalid":"T088","group_ids":["打星"],"affiliation":"哈尔滨工业大学（威海）","id":"T088","icpc_id":"T088","name":"galaxy-rising","organization_id":"哈尔滨工业大学（威海）","members":""},{"externalid":"T089","group_ids":["打星"],"affiliation":"哈尔滨工业大学（威海）","id":"T089","icpc_id":"T089","name":"大型粒子堆叠专业团队","organization_id":"哈尔滨工业大学（威海）","members":""},{"externalid":"T090","group_ids":["打星"],"affiliation":"哈尔滨工业大学（威海）","id":"T090","icpc_id":"T090","name":"放学后茶会","organization_id":"哈尔滨工业大学（威海）","members":""},{"externalid":"T091","group_ids":["打星"],"affiliation":"哈尔滨工业大学（威海）","id":"T091","icpc_id":"T091","name":"鶸蒟蒻","organization_id":"哈尔滨工业大学（威海）","members":""},{"externalid":"T092","group_ids":["打星"],"affiliation":"哈尔滨工业大学（威海）","id":"T092","icpc_id":"T092","name":"三鸽战队","organization_id":"哈尔滨工业大学（威海）","members":""},{"externalid":"T093","group_ids":["打星"],"affiliation":"哈尔滨工业大学（威海）","id":"T093","icpc_id":"T093","name":"三个拉跨","organization_id":"哈尔滨工业大学（威海）","members":""},{"externalid":"T094","group_ids":["打星"],"affiliation":"哈尔滨工业大学（威海）","id":"T094","icpc_id":"T094","name":"窝窝头","organization_id":"哈尔滨工业大学（威海）","members":""},{"externalid":"T095","group_ids":["打星"],"affiliation":"哈尔滨工业大学（威海）","id":"T095","icpc_id":"T095","name":"芜湖摸鱼","organization_id":"哈尔滨工业大学（威海）","members":""},{"externalid":"T096","group_ids":["正式队伍"],"affiliation":"哈尔滨理工大学","id":"T096","icpc_id":"T096","name":"哈理工2队","organization_id":"哈尔滨理工大学","members":""},{"externalid":"T097","group_ids":["打星"],"affiliation":"哈尔滨理工大学荣成校区","id":"T097","icpc_id":"T097","name":"从数学建模过来的","organization_id":"哈尔滨理工大学荣成校区","members":""},{"externalid":"T098","group_ids":["打星"],"affiliation":"哈尔滨理工大学荣成校区","id":"T098","icpc_id":"T098","name":"古德拉克","organization_id":"哈尔滨理工大学荣成校区","members":""},{"externalid":"T099","group_ids":["正式队伍"],"affiliation":"哈尔滨理工大学荣成校区","id":"T099","icpc_id":"T099","name":"旺仔NB队","organization_id":"哈尔滨理工大学荣成校区","members":""},{"externalid":"T100","group_ids":["正式队伍"],"affiliation":"哈尔滨学院","id":"T100","icpc_id":"T100","name":"可乐鸡","organization_id":"哈尔滨学院","members":""},{"externalid":"T101","group_ids":["正式队伍"],"affiliation":"杭州电子科技大学","id":"T101","icpc_id":"T101","name":"FlaMingo","organization_id":"杭州电子科技大学","members":""},{"externalid":"T102","group_ids":["正式队伍"],"affiliation":"杭州电子科技大学","id":"T102","icpc_id":"T102","name":"不敢说话","organization_id":"杭州电子科技大学","members":""},{"externalid":"T103","group_ids":["正式队伍"],"affiliation":"杭州电子科技大学","id":"T103","icpc_id":"T103","name":"五点共圆","organization_id":"杭州电子科技大学","members":""},{"externalid":"T104","group_ids":["正式队伍"],"affiliation":"杭州师范大学","id":"T104","icpc_id":"T104","name":"四面杵鸽","organization_id":"杭州师范大学","members":""},{"externalid":"T105","group_ids":["打星"],"affiliation":"杭州师范大学","id":"T105","icpc_id":"T105","name":"薛定谔的猪","organization_id":"杭州师范大学","members":""},{"externalid":"T106","group_ids":["打星"],"affiliation":"杭州师范大学","id":"T106","icpc_id":"T106","name":"指尖旋律","organization_id":"杭州师范大学","members":""},{"externalid":"T107","group_ids":["正式队伍"],"affiliation":"合肥工业大学","id":"T107","icpc_id":"T107","name":"摇头熊猫","organization_id":"合肥工业大学","members":""},{"externalid":"T108","group_ids":["打星"],"affiliation":"河北师范大学","id":"T108","icpc_id":"T108","name":"两极反转","organization_id":"河北师范大学","members":""},{"externalid":"T109","group_ids":["打星"],"affiliation":"河北师范大学","id":"T109","icpc_id":"T109","name":"依旧两极反转","organization_id":"河北师范大学","members":""},{"externalid":"T110","group_ids":["正式队伍"],"affiliation":"河海大学","id":"T110","icpc_id":"T110","name":"ccpc加油","organization_id":"河海大学","members":""},{"externalid":"T111","group_ids":["打星"],"affiliation":"河海大学","id":"T111","icpc_id":"T111","name":"没想好","organization_id":"河海大学","members":""},{"externalid":"T112","group_ids":["正式队伍"],"affiliation":"河海大学","id":"T112","icpc_id":"T112","name":"我永远喜欢由比滨结衣","organization_id":"河海大学","members":""},{"externalid":"T113","group_ids":["打星"],"affiliation":"河海大学常州校区","id":"T113","icpc_id":"T113","name":"咸鱼翻身","organization_id":"河海大学常州校区","members":""},{"externalid":"T114","group_ids":["打星"],"affiliation":"河南财政金融学院","id":"T114","icpc_id":"T114","name":"打铁小分队","organization_id":"河南财政金融学院","members":""},{"externalid":"T115","group_ids":["女队"],"affiliation":"河南大学","id":"T115","icpc_id":"T115","name":"职业混子队","organization_id":"河南大学","members":""},{"externalid":"T116","group_ids":["正式队伍"],"affiliation":"河南工业大学","id":"T116","icpc_id":"T116","name":"错选赛区白打三年","organization_id":"河南工业大学","members":""},{"externalid":"T117","group_ids":["打星"],"affiliation":"河南理工大学","id":"T117","icpc_id":"T117","name":"AWSL","organization_id":"河南理工大学","members":""},{"externalid":"T118","group_ids":["打星"],"affiliation":"河南理工大学","id":"T118","icpc_id":"T118","name":"哥咱家AC了","organization_id":"河南理工大学","members":""},{"externalid":"T119","group_ids":["打星"],"affiliation":"河南理工大学","id":"T119","icpc_id":"T119","name":"芜湖电台请求起飞","organization_id":"河南理工大学","members":""},{"externalid":"T120","group_ids":["打星"],"affiliation":"河南农业大学","id":"T120","icpc_id":"T120","name":"半价出售C语言教材","organization_id":"河南农业大学","members":""},{"externalid":"T121","group_ids":["正式队伍"],"affiliation":"河南农业大学","id":"T121","icpc_id":"T121","name":"我想要个offer","organization_id":"河南农业大学","members":""},{"externalid":"T122","group_ids":["打星"],"affiliation":"河南农业大学","id":"T122","icpc_id":"T122","name":"选对赛区少打两年","organization_id":"河南农业大学","members":""},{"externalid":"T123","group_ids":["正式队伍"],"affiliation":"黑龙江工程学院","id":"T123","icpc_id":"T123","name":"不要男妈妈","organization_id":"黑龙江工程学院","members":""},{"externalid":"T124","group_ids":["打星"],"affiliation":"湖北第二师范学院","id":"T124","icpc_id":"T124","name":"Ak自动机","organization_id":"湖北第二师范学院","members":""},{"externalid":"T125","group_ids":["正式队伍"],"affiliation":"湖北第二师范学院","id":"T125","icpc_id":"T125","name":"真是个天才","organization_id":"湖北第二师范学院","members":""},{"externalid":"T126","group_ids":["正式队伍"],"affiliation":"湖北工业大学","id":"T126","icpc_id":"T126","name":"好，很有精神","organization_id":"湖北工业大学","members":""},{"externalid":"T127","group_ids":["正式队伍"],"affiliation":"湖北理工学院","id":"T127","icpc_id":"T127","name":"我恰个冰棒","organization_id":"湖北理工学院","members":""},{"externalid":"T128","group_ids":["正式队伍"],"affiliation":"湖南大学","id":"T128","icpc_id":"T128","name":"图一乐","organization_id":"湖南大学","members":""},{"externalid":"T129","group_ids":["正式队伍"],"affiliation":"湖南科技大学","id":"T129","icpc_id":"T129","name":"匿名群友","organization_id":"湖南科技大学","members":""},{"externalid":"T130","group_ids":["正式队伍"],"affiliation":"湖南文理学院","id":"T130","icpc_id":"T130","name":"两级反转","organization_id":"湖南文理学院","members":""},{"externalid":"T131","group_ids":["正式队伍"],"affiliation":"湖南中医药大学","id":"T131","icpc_id":"T131","name":"你看我还有机会嘛","organization_id":"湖南中医药大学","members":""},{"externalid":"T132","group_ids":["正式队伍"],"affiliation":"华北理工大学","id":"T132","icpc_id":"T132","name":"曹妃甸里养小鸡","organization_id":"华北理工大学","members":""},{"externalid":"T133","group_ids":["正式队伍"],"affiliation":"华东理工大学","id":"T133","icpc_id":"T133","name":"大唐贡泉","organization_id":"华东理工大学","members":""},{"externalid":"T134","group_ids":["打星"],"affiliation":"华东师范大学","id":"T134","icpc_id":"T134","name":"阿萨打发撒","organization_id":"华东师范大学","members":""},{"externalid":"T135","group_ids":["正式队伍"],"affiliation":"华东师范大学","id":"T135","icpc_id":"T135","name":"队友看我wa签到","organization_id":"华东师范大学","members":""},{"externalid":"T136","group_ids":["正式队伍"],"affiliation":"华东师范大学","id":"T136","icpc_id":"T136","name":"二环己基碳二亚胺","organization_id":"华东师范大学","members":""},{"externalid":"T137","group_ids":["打星"],"affiliation":"华东师范大学","id":"T137","icpc_id":"T137","name":"下划线","organization_id":"华东师范大学","members":""},{"externalid":"T138","group_ids":["打星"],"affiliation":"华东师范大学","id":"T138","icpc_id":"T138","name":"玉米炒葡萄","organization_id":"华东师范大学","members":""},{"externalid":"T139","group_ids":["正式队伍"],"affiliation":"华南理工大学","id":"T139","icpc_id":"T139","name":"单推圣人惠","organization_id":"华南理工大学","members":""},{"externalid":"T140","group_ids":["正式队伍"],"affiliation":"华南理工大学","id":"T140","icpc_id":"T140","name":"胖头鱼的小迷妹","organization_id":"华南理工大学","members":""},{"externalid":"T141","group_ids":["正式队伍"],"affiliation":"华南理工大学","id":"T141","icpc_id":"T141","name":"我们会嘤嘤嘤","organization_id":"华南理工大学","members":""},{"externalid":"T142","group_ids":["正式队伍"],"affiliation":"华南农业大学","id":"T142","icpc_id":"T142","name":"鬼火一响","organization_id":"华南农业大学","members":""},{"externalid":"T143","group_ids":["女队"],"affiliation":"华南师范大学","id":"T143","icpc_id":"T143","name":"莓莓酸奶冰激凌队","organization_id":"华南师范大学","members":""},{"externalid":"T144","group_ids":["打星"],"affiliation":"华南师范大学","id":"T144","icpc_id":"T144","name":"紫荆路听蛙呱","organization_id":"华南师范大学","members":""},{"externalid":"T145","group_ids":["正式队伍"],"affiliation":"华侨大学","id":"T145","icpc_id":"T145","name":"红日初升","organization_id":"华侨大学","members":""},{"externalid":"T146","group_ids":["打星"],"affiliation":"华中师范大学","id":"T146","icpc_id":"T146","name":"锅锅锅","organization_id":"华中师范大学","members":""},{"externalid":"T147","group_ids":["正式队伍"],"affiliation":"吉林大学","id":"T147","icpc_id":"T147","name":"FreshmanXProPlusMax","organization_id":"吉林大学","members":""},{"externalid":"T148","group_ids":["正式队伍"],"affiliation":"吉林大学","id":"T148","icpc_id":"T148","name":"不咕鸟","organization_id":"吉林大学","members":""},{"externalid":"T149","group_ids":["正式队伍"],"affiliation":"吉林大学","id":"T149","icpc_id":"T149","name":"世纪末的奇术师","organization_id":"吉林大学","members":""},{"externalid":"T150","group_ids":["正式队伍"],"affiliation":"吉首大学","id":"T150","icpc_id":"T150","name":"男朋友说的都队","organization_id":"吉首大学","members":""},{"externalid":"T151","group_ids":["正式队伍"],"affiliation":"集美大学","id":"T151","icpc_id":"T151","name":"我们不会修电脑","organization_id":"集美大学","members":""},{"externalid":"T152","group_ids":["正式队伍"],"affiliation":"济南大学","id":"T152","icpc_id":"T152","name":"流星","organization_id":"济南大学","members":""},{"externalid":"T153","group_ids":["正式队伍"],"affiliation":"暨南大学","id":"T153","icpc_id":"T153","name":"autowa","organization_id":"暨南大学","members":""},{"externalid":"T154","group_ids":["打星"],"affiliation":"暨南大学","id":"T154","icpc_id":"T154","name":"Firefly","organization_id":"暨南大学","members":""},{"externalid":"T155","group_ids":["正式队伍"],"affiliation":"嘉应学院","id":"T155","icpc_id":"T155","name":"123a","organization_id":"嘉应学院","members":""},{"externalid":"T156","group_ids":["打星"],"affiliation":"嘉应学院","id":"T156","icpc_id":"T156","name":"凤梨麻麻带两崽","organization_id":"嘉应学院","members":""},{"externalid":"T157","group_ids":["打星"],"affiliation":"嘉应学院","id":"T157","icpc_id":"T157","name":"扶我起来我还能A","organization_id":"嘉应学院","members":""},{"externalid":"T158","group_ids":["正式队伍"],"affiliation":"江南大学","id":"T158","icpc_id":"T158","name":"量子波动速WA","organization_id":"江南大学","members":""},{"externalid":"T159","group_ids":["打星"],"affiliation":"江苏科技大学","id":"T159","icpc_id":"T159","name":"全场最咸的鱼","organization_id":"江苏科技大学","members":""},{"externalid":"T160","group_ids":["打星"],"affiliation":"江西财经大学","id":"T160","icpc_id":"T160","name":"不能承受生命之重","organization_id":"江西财经大学","members":""},{"externalid":"T161","group_ids":["打星"],"affiliation":"江西科技学院附属中学","id":"T161","icpc_id":"T161","name":"老胡说得队","organization_id":"江西科技学院附属中学","members":""},{"externalid":"T162","group_ids":["打星"],"affiliation":"江西科技学院附属中学","id":"T162","icpc_id":"T162","name":"盼君勿忘","organization_id":"江西科技学院附属中学","members":""},{"externalid":"T163","group_ids":["正式队伍"],"affiliation":"辽宁大学","id":"T163","icpc_id":"T163","name":"那可以浪起来","organization_id":"辽宁大学","members":""},{"externalid":"T164","group_ids":["正式队伍"],"affiliation":"临沂大学","id":"T164","icpc_id":"T164","name":"好耶","organization_id":"临沂大学","members":""},{"externalid":"T165","group_ids":["正式队伍"],"affiliation":"临沂大学","id":"T165","icpc_id":"T165","name":"最终幻想","organization_id":"临沂大学","members":""},{"externalid":"T166","group_ids":["打星"],"affiliation":"鲁东大学","id":"T166","icpc_id":"T166","name":"千里AC何处AK","organization_id":"鲁东大学","members":""},{"externalid":"T167","group_ids":["正式队伍"],"affiliation":"鲁东大学","id":"T167","icpc_id":"T167","name":"我们队长在家胖了20斤","organization_id":"鲁东大学","members":""},{"externalid":"T168","group_ids":["打星"],"affiliation":"鲁东大学","id":"T168","icpc_id":"T168","name":"我们就来看看题","organization_id":"鲁东大学","members":""},{"externalid":"T169","group_ids":["打星"],"affiliation":"闽江学院","id":"T169","icpc_id":"T169","name":"秋天的第一个气球","organization_id":"闽江学院","members":""},{"externalid":"T170","group_ids":["正式队伍"],"affiliation":"闽南师范大学","id":"T170","icpc_id":"T170","name":"英语课代表","organization_id":"闽南师范大学","members":""},{"externalid":"T171","group_ids":["打星"],"affiliation":"南昌大学","id":"T171","icpc_id":"T171","name":"undefine","organization_id":"南昌大学","members":""},{"externalid":"T172","group_ids":["打星"],"affiliation":"南昌大学","id":"T172","icpc_id":"T172","name":"supernova","organization_id":"南昌大学","members":""},{"externalid":"T173","group_ids":["打星"],"affiliation":"南昌航空大学","id":"T173","icpc_id":"T173","name":"展望未来","organization_id":"南昌航空大学","members":""},{"externalid":"T174","group_ids":["女队"],"affiliation":"南方科技大学","id":"T174","icpc_id":"T174","name":"楚格","organization_id":"南方科技大学","members":""},{"externalid":"T175","group_ids":["正式队伍"],"affiliation":"南方科技大学","id":"T175","icpc_id":"T175","name":"施维茨","organization_id":"南方科技大学","members":""},{"externalid":"T176","group_ids":["正式队伍"],"affiliation":"南方科技大学","id":"T176","icpc_id":"T176","name":"苏黎世","organization_id":"南方科技大学","members":""},{"externalid":"T177","group_ids":["正式队伍"],"affiliation":"南京航空航天大学","id":"T177","icpc_id":"T177","name":"凤梨带我们一起飞","organization_id":"南京航空航天大学","members":""},{"externalid":"T178","group_ids":["女队"],"affiliation":"南京航空航天大学","id":"T178","icpc_id":"T178","name":"匈牙利牛肉焗饭","organization_id":"南京航空航天大学","members":""},{"externalid":"T179","group_ids":["正式队伍"],"affiliation":"南京理工大学","id":"T179","icpc_id":"T179","name":"白色相簿10 ","organization_id":"南京理工大学","members":""},{"externalid":"T180","group_ids":["正式队伍"],"affiliation":"南京理工大学","id":"T180","icpc_id":"T180","name":"没手不行","organization_id":"南京理工大学","members":""},{"externalid":"T181","group_ids":["正式队伍"],"affiliation":"南京理工大学","id":"T181","icpc_id":"T181","name":"三只小熊饼干","organization_id":"南京理工大学","members":""},{"externalid":"T182","group_ids":["正式队伍"],"affiliation":"南京晓庄学院","id":"T182","icpc_id":"T182","name":"一千伍","organization_id":"南京晓庄学院","members":""},{"externalid":"T183","group_ids":["正式队伍"],"affiliation":"南京信息工程大学","id":"T183","icpc_id":"T183","name":"守护最最可爱的晗晗","organization_id":"南京信息工程大学","members":""},{"externalid":"T184","group_ids":["打星"],"affiliation":"南京信息工程大学","id":"T184","icpc_id":"T184","name":"小小甜心队","organization_id":"南京信息工程大学","members":""},{"externalid":"T185","group_ids":["正式队伍"],"affiliation":"南京邮电大学","id":"T185","icpc_id":"T185","name":"宝键锋从磨砺出","organization_id":"南京邮电大学","members":""},{"externalid":"T186","group_ids":["女队"],"affiliation":"南京邮电大学","id":"T186","icpc_id":"T186","name":"灭霸是无敌的","organization_id":"南京邮电大学","members":""},{"externalid":"T187","group_ids":["正式队伍"],"affiliation":"南京邮电大学","id":"T187","icpc_id":"T187","name":"咱家要有钱了","organization_id":"南京邮电大学","members":""},{"externalid":"T188","group_ids":["正式队伍"],"affiliation":"南开大学","id":"T188","icpc_id":"T188","name":"NAVI","organization_id":"南开大学","members":""},{"externalid":"T189","group_ids":["正式队伍"],"affiliation":"南开大学","id":"T189","icpc_id":"T189","name":"日薪越亿","organization_id":"南开大学","members":""},{"externalid":"T190","group_ids":["正式队伍"],"affiliation":"南阳理工学院","id":"T190","icpc_id":"T190","name":"被竞赛耽误的念诗先锋","organization_id":"南阳理工学院","members":""},{"externalid":"T191","group_ids":["打星"],"affiliation":"南阳理工学院","id":"T191","icpc_id":"T191","name":"好好学习","organization_id":"南阳理工学院","members":""},{"externalid":"T192","group_ids":["正式队伍"],"affiliation":"南阳理工学院","id":"T192","icpc_id":"T192","name":"慢慢想不急","organization_id":"南阳理工学院","members":""},{"externalid":"T193","group_ids":["正式队伍"],"affiliation":"南阳理工学院","id":"T193","icpc_id":"T193","name":"听党指挥跟党走","organization_id":"南阳理工学院","members":""},{"externalid":"T194","group_ids":["正式队伍"],"affiliation":"南阳理工学院","id":"T194","icpc_id":"T194","name":"向快乐出发","organization_id":"南阳理工学院","members":""},{"externalid":"T195","group_ids":["正式队伍"],"affiliation":"南阳师范学院","id":"T195","icpc_id":"T195","name":"极夜之光","organization_id":"南阳师范学院","members":""},{"externalid":"T196","group_ids":["正式队伍"],"affiliation":"南阳师范学院","id":"T196","icpc_id":"T196","name":"你以为你cf过题了","organization_id":"南阳师范学院","members":""},{"externalid":"T197","group_ids":["正式队伍"],"affiliation":"宁波工程学院","id":"T197","icpc_id":"T197","name":"我不知道什么叫int","organization_id":"宁波工程学院","members":""},{"externalid":"T198","group_ids":["打星"],"affiliation":"齐鲁工业大学","id":"T198","icpc_id":"T198","name":"AC吧我最后的代码","organization_id":"齐鲁工业大学","members":""},{"externalid":"T199","group_ids":["打星"],"affiliation":"齐鲁工业大学","id":"T199","icpc_id":"T199","name":"春季大枣","organization_id":"齐鲁工业大学","members":""},{"externalid":"T200","group_ids":["打星"],"affiliation":"齐鲁工业大学","id":"T200","icpc_id":"T200","name":"划水三剑客","organization_id":"齐鲁工业大学","members":""},{"externalid":"T201","group_ids":["打星"],"affiliation":"齐鲁工业大学","id":"T201","icpc_id":"T201","name":"旅游队","organization_id":"齐鲁工业大学","members":""},{"externalid":"T202","group_ids":["正式队伍"],"affiliation":"齐鲁工业大学","id":"T202","icpc_id":"T202","name":"深暗之光","organization_id":"齐鲁工业大学","members":""},{"externalid":"T203","group_ids":["正式队伍"],"affiliation":"青岛大学","id":"T203","icpc_id":"T203","name":"AC是不可能AC的","organization_id":"青岛大学","members":""},{"externalid":"T204","group_ids":["打星"],"affiliation":"青岛大学","id":"T204","icpc_id":"T204","name":"抱紧学弟大腿","organization_id":"青岛大学","members":""},{"externalid":"T205","group_ids":["打星"],"affiliation":"青岛大学","id":"T205","icpc_id":"T205","name":"菜鸟围观大佬AK","organization_id":"青岛大学","members":""},{"externalid":"T206","group_ids":["正式队伍"],"affiliation":"青岛大学","id":"T206","icpc_id":"T206","name":"大耳朵秃秃","organization_id":"青岛大学","members":""},{"externalid":"T207","group_ids":["正式队伍"],"affiliation":"清华大学","id":"T207","icpc_id":"T207","name":"大佬我能做你的小弟吗","organization_id":"清华大学","members":""},{"externalid":"T208","group_ids":["正式队伍"],"affiliation":"清华大学","id":"T208","icpc_id":"T208","name":"拿牌就退役","organization_id":"清华大学","members":""},{"externalid":"T209","group_ids":["正式队伍"],"affiliation":"清华大学","id":"T209","icpc_id":"T209","name":"小万邦","organization_id":"清华大学","members":""},{"externalid":"T210","group_ids":["正式队伍"],"affiliation":"清华大学","id":"T210","icpc_id":"T210","name":"粤飞粤精彩","organization_id":"清华大学","members":""},{"externalid":"T211","group_ids":["正式队伍"],"affiliation":"厦门大学","id":"T211","icpc_id":"T211","name":"罚坐小黑屋","organization_id":"厦门大学","members":""},{"externalid":"T212","group_ids":["正式队伍"],"affiliation":"厦门大学","id":"T212","icpc_id":"T212","name":"你又会了","organization_id":"厦门大学","members":""},{"externalid":"T213","group_ids":["正式队伍"],"affiliation":"厦门大学嘉庚学院","id":"T213","icpc_id":"T213","name":"YOVOY","organization_id":"厦门大学嘉庚学院","members":""},{"externalid":"T214","group_ids":["打星"],"affiliation":"山东财经大学","id":"T214","icpc_id":"T214","name":"icpc提款机","organization_id":"山东财经大学","members":""},{"externalid":"T215","group_ids":["打星"],"affiliation":"山东大学","id":"T215","icpc_id":"T215","name":"10是回文数","organization_id":"山东大学","members":""},{"externalid":"T216","group_ids":["正式队伍"],"affiliation":"山东大学","id":"T216","icpc_id":"T216","name":"MidAzure","organization_id":"山东大学","members":""},{"externalid":"T217","group_ids":["正式队伍"],"affiliation":"山东大学","id":"T217","icpc_id":"T217","name":"sinsincos","organization_id":"山东大学","members":""},{"externalid":"T218","group_ids":["打星"],"affiliation":"山东大学","id":"T218","icpc_id":"T218","name":"划水大分队","organization_id":"山东大学","members":""},{"externalid":"T219","group_ids":["正式队伍"],"affiliation":"山东大学","id":"T219","icpc_id":"T219","name":"没文化和不会写","organization_id":"山东大学","members":""},{"externalid":"T220","group_ids":["打星"],"affiliation":"山东大学（威海）","id":"T220","icpc_id":"T220","name":"白给大队","organization_id":"山东大学（威海）","members":""},{"externalid":"T221","group_ids":["打星"],"affiliation":"山东大学（威海）","id":"T221","icpc_id":"T221","name":"还有一个睡着了","organization_id":"山东大学（威海）","members":""},{"externalid":"T222","group_ids":["打星"],"affiliation":"山东大学（威海）","id":"T222","icpc_id":"T222","name":"快乐自动机","organization_id":"山东大学（威海）","members":""},{"externalid":"T223","group_ids":["打星"],"affiliation":"山东大学（威海）","id":"T223","icpc_id":"T223","name":"蓝到紫","organization_id":"山东大学（威海）","members":""},{"externalid":"T224","group_ids":["打星"],"affiliation":"山东大学（威海）","id":"T224","icpc_id":"T224","name":"老当益壮","organization_id":"山东大学（威海）","members":""},{"externalid":"T225","group_ids":["打星"],"affiliation":"山东大学（威海）","id":"T225","icpc_id":"T225","name":"老鸽别哇了","organization_id":"山东大学（威海）","members":""},{"externalid":"T226","group_ids":["打星"],"affiliation":"山东大学（威海）","id":"T226","icpc_id":"T226","name":"签到自动机","organization_id":"山东大学（威海）","members":""},{"externalid":"T227","group_ids":["打星"],"affiliation":"山东大学（威海）","id":"T227","icpc_id":"T227","name":"石室诗士施氏誓食十狮","organization_id":"山东大学（威海）","members":""},{"externalid":"T228","group_ids":["打星"],"affiliation":"山东大学（威海）","id":"T228","icpc_id":"T228","name":"树新蜂","organization_id":"山东大学（威海）","members":""},{"externalid":"T229","group_ids":["打星"],"affiliation":"山东大学（威海）","id":"T229","icpc_id":"T229","name":"徐巨女装哪有这么可爱","organization_id":"山东大学（威海）","members":""},{"externalid":"T230","group_ids":["打星"],"affiliation":"山东大学（威海）","id":"T230","icpc_id":"T230","name":"这么小声还想AC","organization_id":"山东大学（威海）","members":""},{"externalid":"T231","group_ids":["正式队伍"],"affiliation":"山东工商学院","id":"T231","icpc_id":"T231","name":"不知道起个啥名","organization_id":"山东工商学院","members":""},{"externalid":"T232","group_ids":["正式队伍"],"affiliation":"山东科技大学","id":"T232","icpc_id":"T232","name":"SKD渡鸦号","organization_id":"山东科技大学","members":""},{"externalid":"T233","group_ids":["打星"],"affiliation":"山东科技大学","id":"T233","icpc_id":"T233","name":"SKD疯马号","organization_id":"山东科技大学","members":""},{"externalid":"T234","group_ids":["打星"],"affiliation":"山东科技大学","id":"T234","icpc_id":"T234","name":"SKD航海家号","organization_id":"山东科技大学","members":""},{"externalid":"T235","group_ids":["正式队伍"],"affiliation":"山东科技大学","id":"T235","icpc_id":"T235","name":"SKD雷神之子号","organization_id":"山东科技大学","members":""},{"externalid":"T236","group_ids":["正式队伍"],"affiliation":"山东科技大学","id":"T236","icpc_id":"T236","name":"SKD无惧号","organization_id":"山东科技大学","members":""},{"externalid":"T237","group_ids":["打星"],"affiliation":"山东理工大学","id":"T237","icpc_id":"T237","name":"abaX3","organization_id":"山东理工大学","members":""},{"externalid":"T238","group_ids":["打星"],"affiliation":"山东理工大学","id":"T238","icpc_id":"T238","name":"Thinktank","organization_id":"山东理工大学","members":""},{"externalid":"T239","group_ids":["打星"],"affiliation":"山东理工大学","id":"T239","icpc_id":"T239","name":"华灯初上","organization_id":"山东理工大学","members":""},{"externalid":"T240","group_ids":["打星"],"affiliation":"山东理工大学","id":"T240","icpc_id":"T240","name":"千寻","organization_id":"山东理工大学","members":""},{"externalid":"T241","group_ids":["打星"],"affiliation":"山东理工大学","id":"T241","icpc_id":"T241","name":"心有猛虎","organization_id":"山东理工大学","members":""},{"externalid":"T242","group_ids":["正式队伍"],"affiliation":"山东师范大学","id":"T242","icpc_id":"T242","name":"四级没过","organization_id":"山东师范大学","members":""},{"externalid":"T243","group_ids":["正式队伍"],"affiliation":"上海财经大学","id":"T243","icpc_id":"T243","name":"上财萌新","organization_id":"上海财经大学","members":""},{"externalid":"T244","group_ids":["正式队伍"],"affiliation":"上海大学","id":"T244","icpc_id":"T244","name":"Mega进化","organization_id":"上海大学","members":""},{"externalid":"T245","group_ids":["正式队伍"],"affiliation":"上海大学","id":"T245","icpc_id":"T245","name":"RuntimeError","organization_id":"上海大学","members":""},{"externalid":"T246","group_ids":["女队"],"affiliation":"上海大学","id":"T246","icpc_id":"T246","name":"萝卜糖三只","organization_id":"上海大学","members":""},{"externalid":"T247","group_ids":["正式队伍"],"affiliation":"上海电机学院","id":"T247","icpc_id":"T247","name":"点积","organization_id":"上海电机学院","members":""},{"externalid":"T248","group_ids":["正式队伍"],"affiliation":"上海交通大学","id":"T248","icpc_id":"T248","name":"不朽之夜","organization_id":"上海交通大学","members":""},{"externalid":"T249","group_ids":["正式队伍"],"affiliation":"上海交通大学","id":"T249","icpc_id":"T249","name":"冷夜极光","organization_id":"上海交通大学","members":""},{"externalid":"T250","group_ids":["正式队伍"],"affiliation":"上海科技大学","id":"T250","icpc_id":"T250","name":"B001IS","organization_id":"上海科技大学","members":""},{"externalid":"T251","group_ids":["正式队伍"],"affiliation":"上海科技大学","id":"T251","icpc_id":"T251","name":"市立张江理工养鸽场","organization_id":"上海科技大学","members":""},{"externalid":"T252","group_ids":["正式队伍"],"affiliation":"上海理工大学","id":"T252","icpc_id":"T252","name":"明治十七年的上海爱丽丝","organization_id":"上海理工大学","members":""},{"externalid":"T253","group_ids":["正式队伍"],"affiliation":"深圳大学","id":"T253","icpc_id":"T253","name":"Team of GB","organization_id":"深圳大学","members":""},{"externalid":"T254","group_ids":["正式队伍"],"affiliation":"深圳大学","id":"T254","icpc_id":"T254","name":"星尘天下第一可爱","organization_id":"深圳大学","members":""},{"externalid":"T255","group_ids":["正式队伍"],"affiliation":"深圳大学","id":"T255","icpc_id":"T255","name":"星辰之光","organization_id":"深圳大学","members":""},{"externalid":"T256","group_ids":["正式队伍"],"affiliation":"深圳职业技术学院","id":"T256","icpc_id":"T256","name":"So Nice Chicken","organization_id":"深圳职业技术学院","members":""},{"externalid":"T257","group_ids":["打星"],"affiliation":"树德学院","id":"T257","icpc_id":"T257","name":"NSH在树德实名上网并表示歪瓜是什么","organization_id":"树德学院","members":""},{"externalid":"T258","group_ids":["打星"],"affiliation":"树德学院","id":"T258","icpc_id":"T258","name":"ThisIsAName","organization_id":"树德学院","members":""},{"externalid":"T259","group_ids":["打星"],"affiliation":"树德学院","id":"T259","icpc_id":"T259","name":"随机答案/二分数据","organization_id":"树德学院","members":""},{"externalid":"T260","group_ids":["打星"],"affiliation":"树德学院","id":"T260","icpc_id":"T260","name":"无敌WAWA机","organization_id":"树德学院","members":""},{"externalid":"T261","group_ids":["正式队伍"],"affiliation":"四川大学","id":"T261","icpc_id":"T261","name":"哎呀不管了怎样都行","organization_id":"四川大学","members":""},{"externalid":"T262","group_ids":["正式队伍"],"affiliation":"四川大学","id":"T262","icpc_id":"T262","name":"给阿夸泡一杯大红袍","organization_id":"四川大学","members":""},{"externalid":"T263","group_ids":["正式队伍"],"affiliation":"四川大学","id":"T263","icpc_id":"T263","name":"情况不队","organization_id":"四川大学","members":""},{"externalid":"T264","group_ids":["正式队伍"],"affiliation":"四川大学锦城学院","id":"T264","icpc_id":"T264","name":"不会吧不会吧","organization_id":"四川大学锦城学院","members":""},{"externalid":"T265","group_ids":["女队"],"affiliation":"苏州大学","id":"T265","icpc_id":"T265","name":"taro bobo","organization_id":"苏州大学","members":""},{"externalid":"T266","group_ids":["正式队伍"],"affiliation":"苏州大学","id":"T266","icpc_id":"T266","name":"奥里奥利奥里奥","organization_id":"苏州大学","members":""},{"externalid":"T267","group_ids":["打星"],"affiliation":"太原理工大学","id":"T267","icpc_id":"T267","name":"一九零二","organization_id":"太原理工大学","members":""},{"externalid":"T268","group_ids":["正式队伍"],"affiliation":"天津大学","id":"T268","icpc_id":"T268","name":"背着队友偷偷WA","organization_id":"天津大学","members":""},{"externalid":"T269","group_ids":["正式队伍"],"affiliation":"天津大学","id":"T269","icpc_id":"T269","name":"没有人比我更懂ACM","organization_id":"天津大学","members":""},{"externalid":"T270","group_ids":["女队"],"affiliation":"天津大学仁爱学院","id":"T270","icpc_id":"T270","name":"皮卡皮 皮卡啾","organization_id":"天津大学仁爱学院","members":""},{"externalid":"T271","group_ids":["正式队伍"],"affiliation":"天津大学仁爱学院","id":"T271","icpc_id":"T271","name":"小球球啊！！！","organization_id":"天津大学仁爱学院","members":""},{"externalid":"T272","group_ids":["正式队伍"],"affiliation":"天津工业大学","id":"T272","icpc_id":"T272","name":"做的题都队","organization_id":"天津工业大学","members":""},{"externalid":"T273","group_ids":["正式队伍"],"affiliation":"同济大学","id":"T273","icpc_id":"T273","name":"济鸽","organization_id":"同济大学","members":""},{"externalid":"T274","group_ids":["正式队伍"],"affiliation":"同济大学","id":"T274","icpc_id":"T274","name":"济鶸","organization_id":"同济大学","members":""},{"externalid":"T275","group_ids":["正式队伍"],"affiliation":"温州大学","id":"T275","icpc_id":"T275","name":"温大一队","organization_id":"温州大学","members":""},{"externalid":"T276","group_ids":["正式队伍"],"affiliation":"武汉大学","id":"T276","icpc_id":"T276","name":"队长说ghs不要太明显","organization_id":"武汉大学","members":""},{"externalid":"T277","group_ids":["正式队伍"],"affiliation":"武汉大学","id":"T277","icpc_id":"T277","name":"末日时在做什么?可以来WA一发吗?","organization_id":"武汉大学","members":""},{"externalid":"T278","group_ids":["正式队伍"],"affiliation":"武汉大学","id":"T278","icpc_id":"T278","name":"武钢生产大队","organization_id":"武汉大学","members":""},{"externalid":"T279","group_ids":["打星"],"affiliation":"武汉科技大学","id":"T279","icpc_id":"T279","name":"金门大桥","organization_id":"武汉科技大学","members":""},{"externalid":"T280","group_ids":["正式队伍"],"affiliation":"武汉科技大学","id":"T280","icpc_id":"T280","name":"意大利三响炮","organization_id":"武汉科技大学","members":""},{"externalid":"T281","group_ids":["正式队伍"],"affiliation":"西安电子科技大学","id":"T281","icpc_id":"T281","name":"蔚蓝","organization_id":"西安电子科技大学","members":""},{"externalid":"T282","group_ids":["正式队伍"],"affiliation":"西安电子科技大学","id":"T282","icpc_id":"T282","name":"我们的舰艇漏水了","organization_id":"西安电子科技大学","members":""},{"externalid":"T283","group_ids":["正式队伍"],"affiliation":"西安交通大学","id":"T283","icpc_id":"T283","name":"渡渡鸟幼儿园","organization_id":"西安交通大学","members":""},{"externalid":"T284","group_ids":["正式队伍"],"affiliation":"西安交通大学","id":"T284","icpc_id":"T284","name":"说爆零就爆零","organization_id":"西安交通大学","members":""},{"externalid":"T285","group_ids":["正式队伍"],"affiliation":"西安交通大学","id":"T285","icpc_id":"T285","name":"一袋米要扛几楼","organization_id":"西安交通大学","members":""},{"externalid":"T286","group_ids":["打星"],"affiliation":"西安理工大学","id":"T286","icpc_id":"T286","name":"XUDJY","organization_id":"西安理工大学","members":""},{"externalid":"T287","group_ids":["打星"],"affiliation":"西安理工大学","id":"T287","icpc_id":"T287","name":"假装自己会认真学习","organization_id":"西安理工大学","members":""},{"externalid":"T288","group_ids":["正式队伍"],"affiliation":"西北大学","id":"T288","icpc_id":"T288","name":"夜的第六章","organization_id":"西北大学","members":""},{"externalid":"T289","group_ids":["女队"],"affiliation":"西南大学","id":"T289","icpc_id":"T289","name":"swu_FortheUnion","organization_id":"西南大学","members":""},{"externalid":"T290","group_ids":["正式队伍"],"affiliation":"西南交通大学","id":"T290","icpc_id":"T290","name":"吃饱喝足","organization_id":"西南交通大学","members":""},{"externalid":"T291","group_ids":["正式队伍"],"affiliation":"西南交通大学","id":"T291","icpc_id":"T291","name":"西红柿炒番茄","organization_id":"西南交通大学","members":""},{"externalid":"T292","group_ids":["正式队伍"],"affiliation":"西南交通大学","id":"T292","icpc_id":"T292","name":"站着挣钱","organization_id":"西南交通大学","members":""},{"externalid":"T293","group_ids":["正式队伍"],"affiliation":"西南科技大学","id":"T293","icpc_id":"T293","name":"ZSEDCYTFVB","organization_id":"西南科技大学","members":""},{"externalid":"T294","group_ids":["正式队伍"],"affiliation":"西南科技大学","id":"T294","icpc_id":"T294","name":"您看我们还有机会吗","organization_id":"西南科技大学","members":""},{"externalid":"T295","group_ids":["正式队伍"],"affiliation":"西南科技大学","id":"T295","icpc_id":"T295","name":"唯独你没懂","organization_id":"西南科技大学","members":""},{"externalid":"T296","group_ids":["正式队伍"],"affiliation":"西南科技大学","id":"T296","icpc_id":"T296","name":"我tm直接打铁","organization_id":"西南科技大学","members":""},{"externalid":"T297","group_ids":["打星"],"affiliation":"西南民族大学","id":"T297","icpc_id":"T297","name":"祥瑞旺","organization_id":"西南民族大学","members":""},{"externalid":"T298","group_ids":["打星"],"affiliation":"西南石油大学","id":"T298","icpc_id":"T298","name":"面向答案编程","organization_id":"西南石油大学","members":""},{"externalid":"T299","group_ids":["正式队伍"],"affiliation":"香港中文大学（深圳）","id":"T299","icpc_id":"T299","name":"可可爱爱没有脑袋","organization_id":"香港中文大学（深圳）","members":""},{"externalid":"T300","group_ids":["正式队伍"],"affiliation":"湘潭大学","id":"T300","icpc_id":"T300","name":"XTU_天外来物","organization_id":"湘潭大学","members":""},{"externalid":"T301","group_ids":["正式队伍"],"affiliation":"湘潭大学","id":"T301","icpc_id":"T301","name":"XTU_学妹和两工具人","organization_id":"湘潭大学","members":""},{"externalid":"T302","group_ids":["正式队伍"],"affiliation":"新疆大学","id":"T302","icpc_id":"T302","name":"acmOrz","organization_id":"新疆大学","members":""},{"externalid":"T303","group_ids":["正式队伍"],"affiliation":"徐州工程学院","id":"T303","icpc_id":"T303","name":"Just AC it","organization_id":"徐州工程学院","members":""},{"externalid":"T304","group_ids":["正式队伍"],"affiliation":"徐州工程学院","id":"T304","icpc_id":"T304","name":"长夜有星辰","organization_id":"徐州工程学院","members":""},{"externalid":"T305","group_ids":["正式队伍"],"affiliation":"烟台大学","id":"T305","icpc_id":"T305","name":"伊丽莎白","organization_id":"烟台大学","members":""},{"externalid":"T306","group_ids":["正式队伍"],"affiliation":"战略支援部队信息工程大学","id":"T306","icpc_id":"T306","name":"飞飞飞","organization_id":"战略支援部队信息工程大学","members":""},{"externalid":"T307","group_ids":["女队"],"affiliation":"战略支援部队信息工程大学","id":"T307","icpc_id":"T307","name":"呱呱呱","organization_id":"战略支援部队信息工程大学","members":""},{"externalid":"T308","group_ids":["打星"],"affiliation":"战略支援部队信息工程大学","id":"T308","icpc_id":"T308","name":"力口一禾少","organization_id":"战略支援部队信息工程大学","members":""},{"externalid":"T309","group_ids":["正式队伍"],"affiliation":"战略支援部队信息工程大学","id":"T309","icpc_id":"T309","name":"总之由崎司就是非常可爱","organization_id":"战略支援部队信息工程大学","members":""},{"externalid":"T310","group_ids":["正式队伍"],"affiliation":"长安大学","id":"T310","icpc_id":"T310","name":"布谷鸟","organization_id":"长安大学","members":""},{"externalid":"T311","group_ids":["正式队伍"],"affiliation":"长春工业大学","id":"T311","icpc_id":"T311","name":"右手就行","organization_id":"长春工业大学","members":""},{"externalid":"T312","group_ids":["正式队伍"],"affiliation":"长春理工大学","id":"T312","icpc_id":"T312","name":"1是素数","organization_id":"长春理工大学","members":""},{"externalid":"T313","group_ids":["打星"],"affiliation":"长春理工大学","id":"T313","icpc_id":"T313","name":"厂里人","organization_id":"长春理工大学","members":""},{"externalid":"T314","group_ids":["正式队伍"],"affiliation":"长春理工大学","id":"T314","icpc_id":"T314","name":"金猫非猫","organization_id":"长春理工大学","members":""},{"externalid":"T315","group_ids":["正式队伍"],"affiliation":"长春理工大学","id":"T315","icpc_id":"T315","name":"听取蛙声一片","organization_id":"长春理工大学","members":""},{"externalid":"T316","group_ids":["打星"],"affiliation":"长春理工大学","id":"T316","icpc_id":"T316","name":"我才是长理九队","organization_id":"长春理工大学","members":""},{"externalid":"T317","group_ids":["正式队伍"],"affiliation":"长春理工大学","id":"T317","icpc_id":"T317","name":"长理-1队","organization_id":"长春理工大学","members":""},{"externalid":"T318","group_ids":["正式队伍"],"affiliation":"长沙理工大学","id":"T318","icpc_id":"T318","name":"龙卷风摧毁垃圾场","organization_id":"长沙理工大学","members":""},{"externalid":"T319","group_ids":["打星"],"affiliation":"长沙理工大学","id":"T319","icpc_id":"T319","name":"演员的生蛋","organization_id":"长沙理工大学","members":""},{"externalid":"T320","group_ids":["正式队伍"],"affiliation":"长沙理工大学","id":"T320","icpc_id":"T320","name":"玉皇大帝砸核桃","organization_id":"长沙理工大学","members":""},{"externalid":"T321","group_ids":["打星"],"affiliation":"长沙学院","id":"T321","icpc_id":"T321","name":"低调的长沙学院3队","organization_id":"长沙学院","members":""},{"externalid":"T322","group_ids":["正式队伍"],"affiliation":"浙大城市学院","id":"T322","icpc_id":"T322","name":"滴滴滴","organization_id":"浙大城市学院","members":""},{"externalid":"T323","group_ids":["正式队伍"],"affiliation":"浙大城市学院","id":"T323","icpc_id":"T323","name":"二百二十五开方杠ff","organization_id":"浙大城市学院","members":""},{"externalid":"T324","group_ids":["正式队伍"],"affiliation":"浙大宁波理工学院","id":"T324","icpc_id":"T324","name":"这里地方太小写不下","organization_id":"浙大宁波理工学院","members":""},{"externalid":"T325","group_ids":["正式队伍"],"affiliation":"浙大宁波理工学院","id":"T325","icpc_id":"T325","name":"执笔人","organization_id":"浙大宁波理工学院","members":""},{"externalid":"T326","group_ids":["正式队伍"],"affiliation":"浙江大学","id":"T326","icpc_id":"T326","name":"Gensokyo","organization_id":"浙江大学","members":""},{"externalid":"T327","group_ids":["正式队伍"],"affiliation":"浙江大学","id":"T327","icpc_id":"T327","name":"虚空之梦","organization_id":"浙江大学","members":""},{"externalid":"T328","group_ids":["正式队伍"],"affiliation":"浙江大学","id":"T328","icpc_id":"T328","name":"业余门槛","organization_id":"浙江大学","members":""},{"externalid":"T329","group_ids":["正式队伍"],"affiliation":"浙江工商大学","id":"T329","icpc_id":"T329","name":"能力突出","organization_id":"浙江工商大学","members":""},{"externalid":"T330","group_ids":["正式队伍"],"affiliation":"浙江工商大学","id":"T330","icpc_id":"T330","name":"少壮不努力，老大观光团","organization_id":"浙江工商大学","members":""},{"externalid":"T331","group_ids":["正式队伍"],"affiliation":"浙江工商大学","id":"T331","icpc_id":"T331","name":"生不出牌，我很抱歉","organization_id":"浙江工商大学","members":""},{"externalid":"T332","group_ids":["女队"],"affiliation":"浙江工商大学杭州商学院","id":"T332","icpc_id":"T332","name":"好想出去玩但又懒得动","organization_id":"浙江工商大学杭州商学院","members":""},{"externalid":"T333","group_ids":["打星"],"affiliation":"浙江工业大学","id":"T333","icpc_id":"T333","name":"ZJUT3 ","organization_id":"浙江工业大学","members":""},{"externalid":"T334","group_ids":["打星"],"affiliation":"浙江工业大学","id":"T334","icpc_id":"T334","name":"ZJUT5","organization_id":"浙江工业大学","members":""},{"externalid":"T335","group_ids":["正式队伍"],"affiliation":"浙江工业大学","id":"T335","icpc_id":"T335","name":"潮鸣","organization_id":"浙江工业大学","members":""},{"externalid":"T336","group_ids":["女队"],"affiliation":"浙江工业大学","id":"T336","icpc_id":"T336","name":"吉祥物的自我修养","organization_id":"浙江工业大学","members":""},{"externalid":"T337","group_ids":["女队"],"affiliation":"浙江工业大学","id":"T337","icpc_id":"T337","name":"三只小猪佩奇","organization_id":"浙江工业大学","members":""},{"externalid":"T338","group_ids":["打星"],"affiliation":"浙江工业大学","id":"T338","icpc_id":"T338","name":"希望之花","organization_id":"浙江工业大学","members":""},{"externalid":"T339","group_ids":["正式队伍"],"affiliation":"浙江科技学院","id":"T339","icpc_id":"T339","name":"猪皮恶霸","organization_id":"浙江科技学院","members":""},{"externalid":"T340","group_ids":["打星"],"affiliation":"浙江理工大学","id":"T340","icpc_id":"T340","name":"咕咕自动稽","organization_id":"浙江理工大学","members":""},{"externalid":"T341","group_ids":["正式队伍"],"affiliation":"浙江理工大学","id":"T341","icpc_id":"T341","name":"我先放一盒卫生纸在这","organization_id":"浙江理工大学","members":""},{"externalid":"T342","group_ids":["打星"],"affiliation":"浙江农林大学","id":"T342","icpc_id":"T342","name":"123木头人","organization_id":"浙江农林大学","members":""},{"externalid":"T343","group_ids":["正式队伍"],"affiliation":"浙江农林大学","id":"T343","icpc_id":"T343","name":"zafuccc","organization_id":"浙江农林大学","members":""},{"externalid":"T344","group_ids":["打星"],"affiliation":"浙江农林大学","id":"T344","icpc_id":"T344","name":"划呀划呀划","organization_id":"浙江农林大学","members":""},{"externalid":"T345","group_ids":["正式队伍"],"affiliation":"浙江农林大学","id":"T345","icpc_id":"T345","name":"活人","organization_id":"浙江农林大学","members":""},{"externalid":"T346","group_ids":["正式队伍"],"affiliation":"浙江农林大学","id":"T346","icpc_id":"T346","name":"讨论组","organization_id":"浙江农林大学","members":""},{"externalid":"T347","group_ids":["打星"],"affiliation":"浙江农林大学","id":"T347","icpc_id":"T347","name":"我每天看央视新闻","organization_id":"浙江农林大学","members":""},{"externalid":"T348","group_ids":["正式队伍"],"affiliation":"浙江师范大学","id":"T348","icpc_id":"T348","name":"玛卡巴卡浙师大分卡","organization_id":"浙江师范大学","members":""},{"externalid":"T349","group_ids":["正式队伍"],"affiliation":"浙江师范大学","id":"T349","icpc_id":"T349","name":"师傅把妖怪抓走了","organization_id":"浙江师范大学","members":""},{"externalid":"T350","group_ids":["正式队伍"],"affiliation":"浙江师范大学","id":"T350","icpc_id":"T350","name":"秃鸡队","organization_id":"浙江师范大学","members":""},{"externalid":"T351","group_ids":["正式队伍"],"affiliation":"浙江万里学院","id":"T351","icpc_id":"T351","name":"紫禁城在逃八阿哥","organization_id":"浙江万里学院","members":""},{"externalid":"T352","group_ids":["正式队伍"],"affiliation":"浙江育英职业技术学院","id":"T352","icpc_id":"T352","name":"育英七队","organization_id":"浙江育英职业技术学院","members":""},{"externalid":"T353","group_ids":["正式队伍"],"affiliation":"浙江中医药大学","id":"T353","icpc_id":"T353","name":"国家重点不保护动物","organization_id":"浙江中医药大学","members":""},{"externalid":"T354","group_ids":["打星"],"affiliation":"郑州大学","id":"T354","icpc_id":"T354","name":"ZZU_0x11*","organization_id":"郑州大学","members":""},{"externalid":"T355","group_ids":["正式队伍"],"affiliation":"郑州大学","id":"T355","icpc_id":"T355","name":"ZZU_0x22","organization_id":"郑州大学","members":""},{"externalid":"T356","group_ids":["正式队伍"],"affiliation":"郑州大学","id":"T356","icpc_id":"T356","name":"ZZU_0x77","organization_id":"郑州大学","members":""},{"externalid":"T357","group_ids":["打星"],"affiliation":"郑州大学","id":"T357","icpc_id":"T357","name":"ZZU_0x99","organization_id":"郑州大学","members":""},{"externalid":"T358","group_ids":["打星"],"affiliation":"郑州大学","id":"T358","icpc_id":"T358","name":"ZZU_0xDD","organization_id":"郑州大学","members":""},{"externalid":"T359","group_ids":["正式队伍"],"affiliation":"郑州经贸学院","id":"T359","icpc_id":"T359","name":"哥咱家有钱啦","organization_id":"郑州经贸学院","members":""},{"externalid":"T360","group_ids":["打星"],"affiliation":"郑州轻工业大学","id":"T360","icpc_id":"T360","name":"kirakira dokidoki","organization_id":"郑州轻工业大学","members":""},{"externalid":"T361","group_ids":["打星"],"affiliation":"郑州轻工业大学","id":"T361","icpc_id":"T361","name":"明早启城","organization_id":"郑州轻工业大学","members":""},{"externalid":"T362","group_ids":["打星"],"affiliation":"郑州轻工业大学","id":"T362","icpc_id":"T362","name":"轻大幼儿园","organization_id":"郑州轻工业大学","members":""},{"externalid":"T363","group_ids":["正式队伍"],"affiliation":"郑州轻工业大学","id":"T363","icpc_id":"T363","name":"心意相通","organization_id":"郑州轻工业大学","members":""},{"externalid":"T364","group_ids":["打星"],"affiliation":"中北大学","id":"T364","icpc_id":"T364","name":"大威天龙","organization_id":"中北大学","members":""},{"externalid":"T365","group_ids":["打星"],"affiliation":"中北大学","id":"T365","icpc_id":"T365","name":"疯狂点鼠标","organization_id":"中北大学","members":""},{"externalid":"T366","group_ids":["正式队伍"],"affiliation":"中北大学","id":"T366","icpc_id":"T366","name":"凛冬将至","organization_id":"中北大学","members":""},{"externalid":"T367","group_ids":["打星"],"affiliation":"中北大学","id":"T367","icpc_id":"T367","name":"墙角WA掘机","organization_id":"中北大学","members":""},{"externalid":"T368","group_ids":["正式队伍"],"affiliation":"中国传媒大学","id":"T368","icpc_id":"T368","name":"青青草原三键客","organization_id":"中国传媒大学","members":""},{"externalid":"T369","group_ids":["正式队伍"],"affiliation":"中国地质大学（北京）","id":"T369","icpc_id":"T369","name":"名字不好起","organization_id":"中国地质大学（北京）","members":""},{"externalid":"T370","group_ids":["打星"],"affiliation":"中国地质大学（武汉）","id":"T370","icpc_id":"T370","name":"INTEREST","organization_id":"中国地质大学（武汉）","members":""},{"externalid":"T371","group_ids":["正式队伍"],"affiliation":"中国地质大学（武汉）","id":"T371","icpc_id":"T371","name":"ResuscitatedHope","organization_id":"中国地质大学（武汉）","members":""},{"externalid":"T372","group_ids":["打星"],"affiliation":"中国地质大学（武汉）","id":"T372","icpc_id":"T372","name":"因没有队名而被迫退役","organization_id":"中国地质大学（武汉）","members":""},{"externalid":"T373","group_ids":["打星"],"affiliation":"中国海洋大学","id":"T373","icpc_id":"T373","name":"哥咱家有钱了","organization_id":"中国海洋大学","members":""},{"externalid":"T374","group_ids":["打星"],"affiliation":"中国海洋大学","id":"T374","icpc_id":"T374","name":"人均常青树","organization_id":"中国海洋大学","members":""},{"externalid":"T375","group_ids":["正式队伍"],"affiliation":"中国海洋大学","id":"T375","icpc_id":"T375","name":"芜湖航空","organization_id":"中国海洋大学","members":""},{"externalid":"T376","group_ids":["女队"],"affiliation":"中国计量大学","id":"T376","icpc_id":"T376","name":"可爱小废物","organization_id":"中国计量大学","members":""},{"externalid":"T377","group_ids":["打星"],"affiliation":"中国计量大学","id":"T377","icpc_id":"T377","name":"年年有今日","organization_id":"中国计量大学","members":""},{"externalid":"T378","group_ids":["正式队伍"],"affiliation":"中国计量大学","id":"T378","icpc_id":"T378","name":"一趴一躺一吃瓜","organization_id":"中国计量大学","members":""},{"externalid":"T379","group_ids":["正式队伍"],"affiliation":"中国科学院大学","id":"T379","icpc_id":"T379","name":"断剑重铸之日","organization_id":"中国科学院大学","members":""},{"externalid":"T380","group_ids":["正式队伍"],"affiliation":"中国科学院大学","id":"T380","icpc_id":"T380","name":"听不见","organization_id":"中国科学院大学","members":""},{"externalid":"T381","group_ids":["正式队伍"],"affiliation":"中国矿业大学","id":"T381","icpc_id":"T381","name":"黑铁矿工","organization_id":"中国矿业大学","members":""},{"externalid":"T382","group_ids":["打星"],"affiliation":"中国矿业大学","id":"T382","icpc_id":"T382","name":"矿课","organization_id":"中国矿业大学","members":""},{"externalid":"T383","group_ids":["正式队伍"],"affiliation":"中国矿业大学徐海学院","id":"T383","icpc_id":"T383","name":"Agile2","organization_id":"中国矿业大学徐海学院","members":""},{"externalid":"T384","group_ids":["女队"],"affiliation":"中国矿业大学徐海学院","id":"T384","icpc_id":"T384","name":"Agile3","organization_id":"中国矿业大学徐海学院","members":""},{"externalid":"T385","group_ids":["正式队伍"],"affiliation":"中国矿业大学徐海学院","id":"T385","icpc_id":"T385","name":"禁止吸烟","organization_id":"中国矿业大学徐海学院","members":""},{"externalid":"T386","group_ids":["正式队伍"],"affiliation":"中南大学","id":"T386","icpc_id":"T386","name":"csu菜鸡队","organization_id":"中南大学","members":""},{"externalid":"T387","group_ids":["正式队伍"],"affiliation":"中南大学","id":"T387","icpc_id":"T387","name":"小陀螺","organization_id":"中南大学","members":""},{"externalid":"T388","group_ids":["正式队伍"],"affiliation":"中山大学","id":"T388","icpc_id":"T388","name":"SYSU_秉烛","organization_id":"中山大学","members":""},{"externalid":"T389","group_ids":["女队"],"affiliation":"中山大学","id":"T389","icpc_id":"T389","name":"非日常派队","organization_id":"中山大学","members":""},{"externalid":"T390","group_ids":["打星"],"affiliation":"中山大学","id":"T390","icpc_id":"T390","name":"卡布奇诺","organization_id":"中山大学","members":""},{"externalid":"T391","group_ids":["正式队伍"],"affiliation":"中山大学","id":"T391","icpc_id":"T391","name":"无人之境","organization_id":"中山大学","members":""},{"externalid":"T392","group_ids":["正式队伍"],"affiliation":"重庆大学","id":"T392","icpc_id":"T392","name":"几何冲刺","organization_id":"重庆大学","members":""},{"externalid":"T393","group_ids":["正式队伍"],"affiliation":"重庆大学","id":"T393","icpc_id":"T393","name":"今晚打老虎","organization_id":"重庆大学","members":""},{"externalid":"T394","group_ids":["正式队伍"],"affiliation":"重庆大学","id":"T394","icpc_id":"T394","name":"平安喜乐","organization_id":"重庆大学","members":""}]