[{"icpc_id":"安徽大学","shortname":"安徽大学","id":"安徽大学","name":"安徽大学","formal_name":"安徽大学"},{"icpc_id":"安阳工学院","shortname":"安阳工学院","id":"安阳工学院","name":"安阳工学院","formal_name":"安阳工学院"},{"icpc_id":"北方工业大学","shortname":"北方工业大学","id":"北方工业大学","name":"北方工业大学","formal_name":"北方工业大学"},{"icpc_id":"北华大学","shortname":"北华大学","id":"北华大学","name":"北华大学","formal_name":"北华大学"},{"icpc_id":"北京大学","shortname":"北京大学","id":"北京大学","name":"北京大学","formal_name":"北京大学"},{"icpc_id":"北京航空航天大学","shortname":"北京航空航天大学","id":"北京航空航天大学","name":"北京航空航天大学","formal_name":"北京航空航天大学"},{"icpc_id":"北京化工大学","shortname":"北京化工大学","id":"北京化工大学","name":"北京化工大学","formal_name":"北京化工大学"},{"icpc_id":"北京交通大学","shortname":"北京交通大学","id":"北京交通大学","name":"北京交通大学","formal_name":"北京交通大学"},{"icpc_id":"北京交通大学（威海）","shortname":"北京交通大学（威海）","id":"北京交通大学（威海）","name":"北京交通大学（威海）","formal_name":"北京交通大学（威海）"},{"icpc_id":"北京理工大学","shortname":"北京理工大学","id":"北京理工大学","name":"北京理工大学","formal_name":"北京理工大学"},{"icpc_id":"北京林业大学","shortname":"北京林业大学","id":"北京林业大学","name":"北京林业大学","formal_name":"北京林业大学"},{"icpc_id":"北京师范大学","shortname":"北京师范大学","id":"北京师范大学","name":"北京师范大学","formal_name":"北京师范大学"},{"icpc_id":"北京信息科技大学","shortname":"北京信息科技大学","id":"北京信息科技大学","name":"北京信息科技大学","formal_name":"北京信息科技大学"},{"icpc_id":"北京邮电大学","shortname":"北京邮电大学","id":"北京邮电大学","name":"北京邮电大学","formal_name":"北京邮电大学"},{"icpc_id":"常熟理工学院","shortname":"常熟理工学院","id":"常熟理工学院","name":"常熟理工学院","formal_name":"常熟理工学院"},{"icpc_id":"成都东软学院","shortname":"成都东软学院","id":"成都东软学院","name":"成都东软学院","formal_name":"成都东软学院"},{"icpc_id":"成都信息工程大学","shortname":"成都信息工程大学","id":"成都信息工程大学","name":"成都信息工程大学","formal_name":"成都信息工程大学"},{"icpc_id":"大连海事大学","shortname":"大连海事大学","id":"大连海事大学","name":"大连海事大学","formal_name":"大连海事大学"},{"icpc_id":"大连理工大学","shortname":"大连理工大学","id":"大连理工大学","name":"大连理工大学","formal_name":"大连理工大学"},{"icpc_id":"电子科技大学","shortname":"电子科技大学","id":"电子科技大学","name":"电子科技大学","formal_name":"电子科技大学"},{"icpc_id":"电子科技大学中山学院","shortname":"电子科技大学中山学院","id":"电子科技大学中山学院","name":"电子科技大学中山学院","formal_name":"电子科技大学中山学院"},{"icpc_id":"东北大学","shortname":"东北大学","id":"东北大学","name":"东北大学","formal_name":"东北大学"},{"icpc_id":"东北大学秦皇岛分校","shortname":"东北大学秦皇岛分校","id":"东北大学秦皇岛分校","name":"东北大学秦皇岛分校","formal_name":"东北大学秦皇岛分校"},{"icpc_id":"东北农业大学","shortname":"东北农业大学","id":"东北农业大学","name":"东北农业大学","formal_name":"东北农业大学"},{"icpc_id":"东北师范大学","shortname":"东北师范大学","id":"东北师范大学","name":"东北师范大学","formal_name":"东北师范大学"},{"icpc_id":"东华大学","shortname":"东华大学","id":"东华大学","name":"东华大学","formal_name":"东华大学"},{"icpc_id":"东南大学","shortname":"东南大学","id":"东南大学","name":"东南大学","formal_name":"东南大学"},{"icpc_id":"福建师范大学","shortname":"福建师范大学","id":"福建师范大学","name":"福建师范大学","formal_name":"福建师范大学"},{"icpc_id":"福州大学","shortname":"福州大学","id":"福州大学","name":"福州大学","formal_name":"福州大学"},{"icpc_id":"复旦大学","shortname":"复旦大学","id":"复旦大学","name":"复旦大学","formal_name":"复旦大学"},{"icpc_id":"广东财经大学","shortname":"广东财经大学","id":"广东财经大学","name":"广东财经大学","formal_name":"广东财经大学"},{"icpc_id":"广东工业大学","shortname":"广东工业大学","id":"广东工业大学","name":"广东工业大学","formal_name":"广东工业大学"},{"icpc_id":"广东金融学院","shortname":"广东金融学院","id":"广东金融学院","name":"广东金融学院","formal_name":"广东金融学院"},{"icpc_id":"广东外语外贸大学","shortname":"广东外语外贸大学","id":"广东外语外贸大学","name":"广东外语外贸大学","formal_name":"广东外语外贸大学"},{"icpc_id":"广州大学","shortname":"广州大学","id":"广州大学","name":"广州大学","formal_name":"广州大学"},{"icpc_id":"贵州大学","shortname":"贵州大学","id":"贵州大学","name":"贵州大学","formal_name":"贵州大学"},{"icpc_id":"桂林电子科技大学","shortname":"桂林电子科技大学","id":"桂林电子科技大学","name":"桂林电子科技大学","formal_name":"桂林电子科技大学"},{"icpc_id":"哈尔滨工程大学","shortname":"哈尔滨工程大学","id":"哈尔滨工程大学","name":"哈尔滨工程大学","formal_name":"哈尔滨工程大学"},{"icpc_id":"哈尔滨工业大学","shortname":"哈尔滨工业大学","id":"哈尔滨工业大学","name":"哈尔滨工业大学","formal_name":"哈尔滨工业大学"},{"icpc_id":"哈尔滨工业大学（深圳）","shortname":"哈尔滨工业大学（深圳）","id":"哈尔滨工业大学（深圳）","name":"哈尔滨工业大学（深圳）","formal_name":"哈尔滨工业大学（深圳）"},{"icpc_id":"哈尔滨工业大学（威海）","shortname":"哈尔滨工业大学（威海）","id":"哈尔滨工业大学（威海）","name":"哈尔滨工业大学（威海）","formal_name":"哈尔滨工业大学（威海）"},{"icpc_id":"哈尔滨理工大学","shortname":"哈尔滨理工大学","id":"哈尔滨理工大学","name":"哈尔滨理工大学","formal_name":"哈尔滨理工大学"},{"icpc_id":"哈尔滨理工大学荣成校区","shortname":"哈尔滨理工大学荣成校区","id":"哈尔滨理工大学荣成校区","name":"哈尔滨理工大学荣成校区","formal_name":"哈尔滨理工大学荣成校区"},{"icpc_id":"哈尔滨学院","shortname":"哈尔滨学院","id":"哈尔滨学院","name":"哈尔滨学院","formal_name":"哈尔滨学院"},{"icpc_id":"杭州电子科技大学","shortname":"杭州电子科技大学","id":"杭州电子科技大学","name":"杭州电子科技大学","formal_name":"杭州电子科技大学"},{"icpc_id":"杭州师范大学","shortname":"杭州师范大学","id":"杭州师范大学","name":"杭州师范大学","formal_name":"杭州师范大学"},{"icpc_id":"合肥工业大学","shortname":"合肥工业大学","id":"合肥工业大学","name":"合肥工业大学","formal_name":"合肥工业大学"},{"icpc_id":"河北师范大学","shortname":"河北师范大学","id":"河北师范大学","name":"河北师范大学","formal_name":"河北师范大学"},{"icpc_id":"河海大学","shortname":"河海大学","id":"河海大学","name":"河海大学","formal_name":"河海大学"},{"icpc_id":"河海大学常州校区","shortname":"河海大学常州校区","id":"河海大学常州校区","name":"河海大学常州校区","formal_name":"河海大学常州校区"},{"icpc_id":"河南财政金融学院","shortname":"河南财政金融学院","id":"河南财政金融学院","name":"河南财政金融学院","formal_name":"河南财政金融学院"},{"icpc_id":"河南大学","shortname":"河南大学","id":"河南大学","name":"河南大学","formal_name":"河南大学"},{"icpc_id":"河南工业大学","shortname":"河南工业大学","id":"河南工业大学","name":"河南工业大学","formal_name":"河南工业大学"},{"icpc_id":"河南理工大学","shortname":"河南理工大学","id":"河南理工大学","name":"河南理工大学","formal_name":"河南理工大学"},{"icpc_id":"河南农业大学","shortname":"河南农业大学","id":"河南农业大学","name":"河南农业大学","formal_name":"河南农业大学"},{"icpc_id":"黑龙江工程学院","shortname":"黑龙江工程学院","id":"黑龙江工程学院","name":"黑龙江工程学院","formal_name":"黑龙江工程学院"},{"icpc_id":"湖北第二师范学院","shortname":"湖北第二师范学院","id":"湖北第二师范学院","name":"湖北第二师范学院","formal_name":"湖北第二师范学院"},{"icpc_id":"湖北工业大学","shortname":"湖北工业大学","id":"湖北工业大学","name":"湖北工业大学","formal_name":"湖北工业大学"},{"icpc_id":"湖北理工学院","shortname":"湖北理工学院","id":"湖北理工学院","name":"湖北理工学院","formal_name":"湖北理工学院"},{"icpc_id":"湖南大学","shortname":"湖南大学","id":"湖南大学","name":"湖南大学","formal_name":"湖南大学"},{"icpc_id":"湖南科技大学","shortname":"湖南科技大学","id":"湖南科技大学","name":"湖南科技大学","formal_name":"湖南科技大学"},{"icpc_id":"湖南文理学院","shortname":"湖南文理学院","id":"湖南文理学院","name":"湖南文理学院","formal_name":"湖南文理学院"},{"icpc_id":"湖南中医药大学","shortname":"湖南中医药大学","id":"湖南中医药大学","name":"湖南中医药大学","formal_name":"湖南中医药大学"},{"icpc_id":"华北理工大学","shortname":"华北理工大学","id":"华北理工大学","name":"华北理工大学","formal_name":"华北理工大学"},{"icpc_id":"华东理工大学","shortname":"华东理工大学","id":"华东理工大学","name":"华东理工大学","formal_name":"华东理工大学"},{"icpc_id":"华东师范大学","shortname":"华东师范大学","id":"华东师范大学","name":"华东师范大学","formal_name":"华东师范大学"},{"icpc_id":"华南理工大学","shortname":"华南理工大学","id":"华南理工大学","name":"华南理工大学","formal_name":"华南理工大学"},{"icpc_id":"华南农业大学","shortname":"华南农业大学","id":"华南农业大学","name":"华南农业大学","formal_name":"华南农业大学"},{"icpc_id":"华南师范大学","shortname":"华南师范大学","id":"华南师范大学","name":"华南师范大学","formal_name":"华南师范大学"},{"icpc_id":"华侨大学","shortname":"华侨大学","id":"华侨大学","name":"华侨大学","formal_name":"华侨大学"},{"icpc_id":"华中师范大学","shortname":"华中师范大学","id":"华中师范大学","name":"华中师范大学","formal_name":"华中师范大学"},{"icpc_id":"吉林大学","shortname":"吉林大学","id":"吉林大学","name":"吉林大学","formal_name":"吉林大学"},{"icpc_id":"吉首大学","shortname":"吉首大学","id":"吉首大学","name":"吉首大学","formal_name":"吉首大学"},{"icpc_id":"集美大学","shortname":"集美大学","id":"集美大学","name":"集美大学","formal_name":"集美大学"},{"icpc_id":"济南大学","shortname":"济南大学","id":"济南大学","name":"济南大学","formal_name":"济南大学"},{"icpc_id":"暨南大学","shortname":"暨南大学","id":"暨南大学","name":"暨南大学","formal_name":"暨南大学"},{"icpc_id":"嘉应学院","shortname":"嘉应学院","id":"嘉应学院","name":"嘉应学院","formal_name":"嘉应学院"},{"icpc_id":"江南大学","shortname":"江南大学","id":"江南大学","name":"江南大学","formal_name":"江南大学"},{"icpc_id":"江苏科技大学","shortname":"江苏科技大学","id":"江苏科技大学","name":"江苏科技大学","formal_name":"江苏科技大学"},{"icpc_id":"江西财经大学","shortname":"江西财经大学","id":"江西财经大学","name":"江西财经大学","formal_name":"江西财经大学"},{"icpc_id":"江西科技学院附属中学","shortname":"江西科技学院附属中学","id":"江西科技学院附属中学","name":"江西科技学院附属中学","formal_name":"江西科技学院附属中学"},{"icpc_id":"辽宁大学","shortname":"辽宁大学","id":"辽宁大学","name":"辽宁大学","formal_name":"辽宁大学"},{"icpc_id":"临沂大学","shortname":"临沂大学","id":"临沂大学","name":"临沂大学","formal_name":"临沂大学"},{"icpc_id":"鲁东大学","shortname":"鲁东大学","id":"鲁东大学","name":"鲁东大学","formal_name":"鲁东大学"},{"icpc_id":"闽江学院","shortname":"闽江学院","id":"闽江学院","name":"闽江学院","formal_name":"闽江学院"},{"icpc_id":"闽南师范大学","shortname":"闽南师范大学","id":"闽南师范大学","name":"闽南师范大学","formal_name":"闽南师范大学"},{"icpc_id":"南昌大学","shortname":"南昌大学","id":"南昌大学","name":"南昌大学","formal_name":"南昌大学"},{"icpc_id":"南昌航空大学","shortname":"南昌航空大学","id":"南昌航空大学","name":"南昌航空大学","formal_name":"南昌航空大学"},{"icpc_id":"南方科技大学","shortname":"南方科技大学","id":"南方科技大学","name":"南方科技大学","formal_name":"南方科技大学"},{"icpc_id":"南京航空航天大学","shortname":"南京航空航天大学","id":"南京航空航天大学","name":"南京航空航天大学","formal_name":"南京航空航天大学"},{"icpc_id":"南京理工大学","shortname":"南京理工大学","id":"南京理工大学","name":"南京理工大学","formal_name":"南京理工大学"},{"icpc_id":"南京晓庄学院","shortname":"南京晓庄学院","id":"南京晓庄学院","name":"南京晓庄学院","formal_name":"南京晓庄学院"},{"icpc_id":"南京信息工程大学","shortname":"南京信息工程大学","id":"南京信息工程大学","name":"南京信息工程大学","formal_name":"南京信息工程大学"},{"icpc_id":"南京邮电大学","shortname":"南京邮电大学","id":"南京邮电大学","name":"南京邮电大学","formal_name":"南京邮电大学"},{"icpc_id":"南开大学","shortname":"南开大学","id":"南开大学","name":"南开大学","formal_name":"南开大学"},{"icpc_id":"南阳理工学院","shortname":"南阳理工学院","id":"南阳理工学院","name":"南阳理工学院","formal_name":"南阳理工学院"},{"icpc_id":"南阳师范学院","shortname":"南阳师范学院","id":"南阳师范学院","name":"南阳师范学院","formal_name":"南阳师范学院"},{"icpc_id":"宁波工程学院","shortname":"宁波工程学院","id":"宁波工程学院","name":"宁波工程学院","formal_name":"宁波工程学院"},{"icpc_id":"齐鲁工业大学","shortname":"齐鲁工业大学","id":"齐鲁工业大学","name":"齐鲁工业大学","formal_name":"齐鲁工业大学"},{"icpc_id":"青岛大学","shortname":"青岛大学","id":"青岛大学","name":"青岛大学","formal_name":"青岛大学"},{"icpc_id":"清华大学","shortname":"清华大学","id":"清华大学","name":"清华大学","formal_name":"清华大学"},{"icpc_id":"厦门大学","shortname":"厦门大学","id":"厦门大学","name":"厦门大学","formal_name":"厦门大学"},{"icpc_id":"厦门大学嘉庚学院","shortname":"厦门大学嘉庚学院","id":"厦门大学嘉庚学院","name":"厦门大学嘉庚学院","formal_name":"厦门大学嘉庚学院"},{"icpc_id":"山东财经大学","shortname":"山东财经大学","id":"山东财经大学","name":"山东财经大学","formal_name":"山东财经大学"},{"icpc_id":"山东大学","shortname":"山东大学","id":"山东大学","name":"山东大学","formal_name":"山东大学"},{"icpc_id":"山东大学（威海）","shortname":"山东大学（威海）","id":"山东大学（威海）","name":"山东大学（威海）","formal_name":"山东大学（威海）"},{"icpc_id":"山东工商学院","shortname":"山东工商学院","id":"山东工商学院","name":"山东工商学院","formal_name":"山东工商学院"},{"icpc_id":"山东科技大学","shortname":"山东科技大学","id":"山东科技大学","name":"山东科技大学","formal_name":"山东科技大学"},{"icpc_id":"山东理工大学","shortname":"山东理工大学","id":"山东理工大学","name":"山东理工大学","formal_name":"山东理工大学"},{"icpc_id":"山东师范大学","shortname":"山东师范大学","id":"山东师范大学","name":"山东师范大学","formal_name":"山东师范大学"},{"icpc_id":"上海财经大学","shortname":"上海财经大学","id":"上海财经大学","name":"上海财经大学","formal_name":"上海财经大学"},{"icpc_id":"上海大学","shortname":"上海大学","id":"上海大学","name":"上海大学","formal_name":"上海大学"},{"icpc_id":"上海电机学院","shortname":"上海电机学院","id":"上海电机学院","name":"上海电机学院","formal_name":"上海电机学院"},{"icpc_id":"上海交通大学","shortname":"上海交通大学","id":"上海交通大学","name":"上海交通大学","formal_name":"上海交通大学"},{"icpc_id":"上海科技大学","shortname":"上海科技大学","id":"上海科技大学","name":"上海科技大学","formal_name":"上海科技大学"},{"icpc_id":"上海理工大学","shortname":"上海理工大学","id":"上海理工大学","name":"上海理工大学","formal_name":"上海理工大学"},{"icpc_id":"深圳大学","shortname":"深圳大学","id":"深圳大学","name":"深圳大学","formal_name":"深圳大学"},{"icpc_id":"深圳职业技术学院","shortname":"深圳职业技术学院","id":"深圳职业技术学院","name":"深圳职业技术学院","formal_name":"深圳职业技术学院"},{"icpc_id":"树德学院","shortname":"树德学院","id":"树德学院","name":"树德学院","formal_name":"树德学院"},{"icpc_id":"四川大学","shortname":"四川大学","id":"四川大学","name":"四川大学","formal_name":"四川大学"},{"icpc_id":"四川大学锦城学院","shortname":"四川大学锦城学院","id":"四川大学锦城学院","name":"四川大学锦城学院","formal_name":"四川大学锦城学院"},{"icpc_id":"苏州大学","shortname":"苏州大学","id":"苏州大学","name":"苏州大学","formal_name":"苏州大学"},{"icpc_id":"太原理工大学","shortname":"太原理工大学","id":"太原理工大学","name":"太原理工大学","formal_name":"太原理工大学"},{"icpc_id":"天津大学","shortname":"天津大学","id":"天津大学","name":"天津大学","formal_name":"天津大学"},{"icpc_id":"天津大学仁爱学院","shortname":"天津大学仁爱学院","id":"天津大学仁爱学院","name":"天津大学仁爱学院","formal_name":"天津大学仁爱学院"},{"icpc_id":"天津工业大学","shortname":"天津工业大学","id":"天津工业大学","name":"天津工业大学","formal_name":"天津工业大学"},{"icpc_id":"同济大学","shortname":"同济大学","id":"同济大学","name":"同济大学","formal_name":"同济大学"},{"icpc_id":"温州大学","shortname":"温州大学","id":"温州大学","name":"温州大学","formal_name":"温州大学"},{"icpc_id":"武汉大学","shortname":"武汉大学","id":"武汉大学","name":"武汉大学","formal_name":"武汉大学"},{"icpc_id":"武汉科技大学","shortname":"武汉科技大学","id":"武汉科技大学","name":"武汉科技大学","formal_name":"武汉科技大学"},{"icpc_id":"西安电子科技大学","shortname":"西安电子科技大学","id":"西安电子科技大学","name":"西安电子科技大学","formal_name":"西安电子科技大学"},{"icpc_id":"西安交通大学","shortname":"西安交通大学","id":"西安交通大学","name":"西安交通大学","formal_name":"西安交通大学"},{"icpc_id":"西安理工大学","shortname":"西安理工大学","id":"西安理工大学","name":"西安理工大学","formal_name":"西安理工大学"},{"icpc_id":"西北大学","shortname":"西北大学","id":"西北大学","name":"西北大学","formal_name":"西北大学"},{"icpc_id":"西南大学","shortname":"西南大学","id":"西南大学","name":"西南大学","formal_name":"西南大学"},{"icpc_id":"西南交通大学","shortname":"西南交通大学","id":"西南交通大学","name":"西南交通大学","formal_name":"西南交通大学"},{"icpc_id":"西南科技大学","shortname":"西南科技大学","id":"西南科技大学","name":"西南科技大学","formal_name":"西南科技大学"},{"icpc_id":"西南民族大学","shortname":"西南民族大学","id":"西南民族大学","name":"西南民族大学","formal_name":"西南民族大学"},{"icpc_id":"西南石油大学","shortname":"西南石油大学","id":"西南石油大学","name":"西南石油大学","formal_name":"西南石油大学"},{"icpc_id":"香港中文大学（深圳）","shortname":"香港中文大学（深圳）","id":"香港中文大学（深圳）","name":"香港中文大学（深圳）","formal_name":"香港中文大学（深圳）"},{"icpc_id":"湘潭大学","shortname":"湘潭大学","id":"湘潭大学","name":"湘潭大学","formal_name":"湘潭大学"},{"icpc_id":"新疆大学","shortname":"新疆大学","id":"新疆大学","name":"新疆大学","formal_name":"新疆大学"},{"icpc_id":"徐州工程学院","shortname":"徐州工程学院","id":"徐州工程学院","name":"徐州工程学院","formal_name":"徐州工程学院"},{"icpc_id":"烟台大学","shortname":"烟台大学","id":"烟台大学","name":"烟台大学","formal_name":"烟台大学"},{"icpc_id":"战略支援部队信息工程大学","shortname":"战略支援部队信息工程大学","id":"战略支援部队信息工程大学","name":"战略支援部队信息工程大学","formal_name":"战略支援部队信息工程大学"},{"icpc_id":"长安大学","shortname":"长安大学","id":"长安大学","name":"长安大学","formal_name":"长安大学"},{"icpc_id":"长春工业大学","shortname":"长春工业大学","id":"长春工业大学","name":"长春工业大学","formal_name":"长春工业大学"},{"icpc_id":"长春理工大学","shortname":"长春理工大学","id":"长春理工大学","name":"长春理工大学","formal_name":"长春理工大学"},{"icpc_id":"长沙学院","shortname":"长沙学院","id":"长沙学院","name":"长沙学院","formal_name":"长沙学院"},{"icpc_id":"浙大城市学院","shortname":"浙大城市学院","id":"浙大城市学院","name":"浙大城市学院","formal_name":"浙大城市学院"},{"icpc_id":"浙大宁波理工学院","shortname":"浙大宁波理工学院","id":"浙大宁波理工学院","name":"浙大宁波理工学院","formal_name":"浙大宁波理工学院"},{"icpc_id":"浙江大学","shortname":"浙江大学","id":"浙江大学","name":"浙江大学","formal_name":"浙江大学"},{"icpc_id":"浙江工商大学","shortname":"浙江工商大学","id":"浙江工商大学","name":"浙江工商大学","formal_name":"浙江工商大学"},{"icpc_id":"浙江工商大学杭州商学院","shortname":"浙江工商大学杭州商学院","id":"浙江工商大学杭州商学院","name":"浙江工商大学杭州商学院","formal_name":"浙江工商大学杭州商学院"},{"icpc_id":"浙江工业大学","shortname":"浙江工业大学","id":"浙江工业大学","name":"浙江工业大学","formal_name":"浙江工业大学"},{"icpc_id":"浙江科技学院","shortname":"浙江科技学院","id":"浙江科技学院","name":"浙江科技学院","formal_name":"浙江科技学院"},{"icpc_id":"浙江理工大学","shortname":"浙江理工大学","id":"浙江理工大学","name":"浙江理工大学","formal_name":"浙江理工大学"},{"icpc_id":"浙江农林大学","shortname":"浙江农林大学","id":"浙江农林大学","name":"浙江农林大学","formal_name":"浙江农林大学"},{"icpc_id":"浙江师范大学","shortname":"浙江师范大学","id":"浙江师范大学","name":"浙江师范大学","formal_name":"浙江师范大学"},{"icpc_id":"浙江万里学院","shortname":"浙江万里学院","id":"浙江万里学院","name":"浙江万里学院","formal_name":"浙江万里学院"},{"icpc_id":"浙江育英职业技术学院","shortname":"浙江育英职业技术学院","id":"浙江育英职业技术学院","name":"浙江育英职业技术学院","formal_name":"浙江育英职业技术学院"},{"icpc_id":"浙江中医药大学","shortname":"浙江中医药大学","id":"浙江中医药大学","name":"浙江中医药大学","formal_name":"浙江中医药大学"},{"icpc_id":"郑州大学","shortname":"郑州大学","id":"郑州大学","name":"郑州大学","formal_name":"郑州大学"},{"icpc_id":"郑州经贸学院","shortname":"郑州经贸学院","id":"郑州经贸学院","name":"郑州经贸学院","formal_name":"郑州经贸学院"},{"icpc_id":"郑州轻工业大学","shortname":"郑州轻工业大学","id":"郑州轻工业大学","name":"郑州轻工业大学","formal_name":"郑州轻工业大学"},{"icpc_id":"中北大学","shortname":"中北大学","id":"中北大学","name":"中北大学","formal_name":"中北大学"},{"icpc_id":"中国传媒大学","shortname":"中国传媒大学","id":"中国传媒大学","name":"中国传媒大学","formal_name":"中国传媒大学"},{"icpc_id":"中国地质大学（北京）","shortname":"中国地质大学（北京）","id":"中国地质大学（北京）","name":"中国地质大学（北京）","formal_name":"中国地质大学（北京）"},{"icpc_id":"中国地质大学（武汉）","shortname":"中国地质大学（武汉）","id":"中国地质大学（武汉）","name":"中国地质大学（武汉）","formal_name":"中国地质大学（武汉）"},{"icpc_id":"中国海洋大学","shortname":"中国海洋大学","id":"中国海洋大学","name":"中国海洋大学","formal_name":"中国海洋大学"},{"icpc_id":"中国计量大学","shortname":"中国计量大学","id":"中国计量大学","name":"中国计量大学","formal_name":"中国计量大学"},{"icpc_id":"中国科学院大学","shortname":"中国科学院大学","id":"中国科学院大学","name":"中国科学院大学","formal_name":"中国科学院大学"},{"icpc_id":"中国矿业大学","shortname":"中国矿业大学","id":"中国矿业大学","name":"中国矿业大学","formal_name":"中国矿业大学"},{"icpc_id":"中国矿业大学徐海学院","shortname":"中国矿业大学徐海学院","id":"中国矿业大学徐海学院","name":"中国矿业大学徐海学院","formal_name":"中国矿业大学徐海学院"},{"icpc_id":"中国石油大学（华东）","shortname":"中国石油大学（华东）","id":"中国石油大学（华东）","name":"中国石油大学（华东）","formal_name":"中国石油大学（华东）"},{"icpc_id":"中南大学","shortname":"中南大学","id":"中南大学","name":"中南大学","formal_name":"中南大学"},{"icpc_id":"中山大学","shortname":"中山大学","id":"中山大学","name":"中山大学","formal_name":"中山大学"},{"icpc_id":"重庆大学","shortname":"重庆大学","id":"重庆大学","name":"重庆大学","formal_name":"重庆大学"}]