[{"icpc_id":"大庆师范学院","shortname":"大庆师范学院","id":"大庆师范学院","name":"大庆师范学院","formal_name":"大庆师范学院"},{"icpc_id":"大庆实验中学","shortname":"大庆实验中学","id":"大庆实验中学","name":"大庆实验中学","formal_name":"大庆实验中学"},{"icpc_id":"大庆市兰德学校","shortname":"大庆市兰德学校","id":"大庆市兰德学校","name":"大庆市兰德学校","formal_name":"大庆市兰德学校"},{"icpc_id":"东北林业大学","shortname":"东北林业大学","id":"东北林业大学","name":"东北林业大学","formal_name":"东北林业大学"},{"icpc_id":"东北农业大学","shortname":"东北农业大学","id":"东北农业大学","name":"东北农业大学","formal_name":"东北农业大学"},{"icpc_id":"哈尔滨工程大学","shortname":"哈尔滨工程大学","id":"哈尔滨工程大学","name":"哈尔滨工程大学","formal_name":"哈尔滨工程大学"},{"icpc_id":"哈尔滨工业大学","shortname":"哈尔滨工业大学","id":"哈尔滨工业大学","name":"哈尔滨工业大学","formal_name":"哈尔滨工业大学"},{"icpc_id":"哈尔滨广厦学院","shortname":"哈尔滨广厦学院","id":"哈尔滨广厦学院","name":"哈尔滨广厦学院","formal_name":"哈尔滨广厦学院"},{"icpc_id":"哈尔滨海贼科技有限责任公司","shortname":"哈尔滨海贼科技有限责任公司","id":"哈尔滨海贼科技有限责任公司","name":"哈尔滨海贼科技有限责任公司","formal_name":"哈尔滨海贼科技有限责任公司"},{"icpc_id":"哈尔滨华德学院","shortname":"哈尔滨华德学院","id":"哈尔滨华德学院","name":"哈尔滨华德学院","formal_name":"哈尔滨华德学院"},{"icpc_id":"哈尔滨理工大学","shortname":"哈尔滨理工大学","id":"哈尔滨理工大学","name":"哈尔滨理工大学","formal_name":"哈尔滨理工大学"},{"icpc_id":"哈尔滨商业大学","shortname":"哈尔滨商业大学","id":"哈尔滨商业大学","name":"哈尔滨商业大学","formal_name":"哈尔滨商业大学"},{"icpc_id":"哈尔滨师范大学","shortname":"哈尔滨师范大学","id":"哈尔滨师范大学","name":"哈尔滨师范大学","formal_name":"哈尔滨师范大学"},{"icpc_id":"哈尔滨学院","shortname":"哈尔滨学院","id":"哈尔滨学院","name":"哈尔滨学院","formal_name":"哈尔滨学院"},{"icpc_id":"黑河学院","shortname":"黑河学院","id":"黑河学院","name":"黑河学院","formal_name":"黑河学院"},{"icpc_id":"黑龙江大学","shortname":"黑龙江大学","id":"黑龙江大学","name":"黑龙江大学","formal_name":"黑龙江大学"},{"icpc_id":"黑龙江工程学院","shortname":"黑龙江工程学院","id":"黑龙江工程学院","name":"黑龙江工程学院","formal_name":"黑龙江工程学院"},{"icpc_id":"黑龙江科技大学","shortname":"黑龙江科技大学","id":"黑龙江科技大学","name":"黑龙江科技大学","formal_name":"黑龙江科技大学"},{"icpc_id":"黑龙江外国语学院","shortname":"黑龙江外国语学院","id":"黑龙江外国语学院","name":"黑龙江外国语学院","formal_name":"黑龙江外国语学院"},{"icpc_id":"黑龙江职业学院","shortname":"黑龙江职业学院","id":"黑龙江职业学院","name":"黑龙江职业学院","formal_name":"黑龙江职业学院"},{"icpc_id":"佳木斯大学","shortname":"佳木斯大学","id":"佳木斯大学","name":"佳木斯大学","formal_name":"佳木斯大学"},{"icpc_id":"牡丹江师范学院","shortname":"牡丹江师范学院","id":"牡丹江师范学院","name":"牡丹江师范学院","formal_name":"牡丹江师范学院"},{"icpc_id":"南阳理工学院","shortname":"南阳理工学院","id":"南阳理工学院","name":"南阳理工学院","formal_name":"南阳理工学院"},{"icpc_id":"齐齐哈尔大学","shortname":"齐齐哈尔大学","id":"齐齐哈尔大学","name":"齐齐哈尔大学","formal_name":"齐齐哈尔大学"},{"icpc_id":"齐齐哈尔市实验中学","shortname":"齐齐哈尔市实验中学","id":"齐齐哈尔市实验中学","name":"齐齐哈尔市实验中学","formal_name":"齐齐哈尔市实验中学"},{"icpc_id":"绥化学院","shortname":"绥化学院","id":"绥化学院","name":"绥化学院","formal_name":"绥化学院"},{"icpc_id":"天津大学仁爱学院","shortname":"天津大学仁爱学院","id":"天津大学仁爱学院","name":"天津大学仁爱学院","formal_name":"天津大学仁爱学院"}]