[{"externalid":"team001","group_ids":["正式"],"affiliation":"大庆师范学院","id":"team001","icpc_id":"team001","name":"庆师一队","organization_id":"大庆师范学院","members":""},{"externalid":"team002","group_ids":["正式"],"affiliation":"大庆师范学院","id":"team002","icpc_id":"team002","name":"庆师二队","organization_id":"大庆师范学院","members":""},{"externalid":"team003","group_ids":["正式"],"affiliation":"大庆师范学院","id":"team003","icpc_id":"team003","name":"庆师三队","organization_id":"大庆师范学院","members":""},{"externalid":"team004","group_ids":["*"],"affiliation":"大庆实验中学","id":"team004","icpc_id":"team004","name":"信息要安全","organization_id":"大庆实验中学","members":""},{"externalid":"team005","group_ids":["*"],"affiliation":"大庆实验中学","id":"team005","icpc_id":"team005","name":"他横由他横","organization_id":"大庆实验中学","members":""},{"externalid":"team006","group_ids":["*"],"affiliation":"大庆市兰德学校","id":"team006","icpc_id":"team006","name":"兰德1","organization_id":"大庆市兰德学校","members":""},{"externalid":"team007","group_ids":["*"],"affiliation":"大庆市兰德学校","id":"team007","icpc_id":"team007","name":"兰德2","organization_id":"大庆市兰德学校","members":""},{"externalid":"team008","group_ids":["*"],"affiliation":"大庆市兰德学校","id":"team008","icpc_id":"team008","name":"兰德3","organization_id":"大庆市兰德学校","members":""},{"externalid":"team009","group_ids":["*"],"affiliation":"大庆市兰德学校","id":"team009","icpc_id":"team009","name":"兰德4","organization_id":"大庆市兰德学校","members":""},{"externalid":"team010","group_ids":["*"],"affiliation":"大庆市兰德学校","id":"team010","icpc_id":"team010","name":"兰德5","organization_id":"大庆市兰德学校","members":""},{"externalid":"team011","group_ids":["*"],"affiliation":"大庆市兰德学校","id":"team011","icpc_id":"team011","name":"兰德6","organization_id":"大庆市兰德学校","members":""},{"externalid":"team012","group_ids":["正式"],"affiliation":"东北林业大学","id":"team012","icpc_id":"team012","name":"给大佬倒杯卡布奇洛","organization_id":"东北林业大学","members":""},{"externalid":"team013","group_ids":["正式"],"affiliation":"东北林业大学","id":"team013","icpc_id":"team013","name":"先wa一发","organization_id":"东北林业大学","members":""},{"externalid":"team014","group_ids":["正式"],"affiliation":"东北林业大学","id":"team014","icpc_id":"team014","name":"再来一组测试数据","organization_id":"东北林业大学","members":""},{"externalid":"team015","group_ids":["正式"],"affiliation":"东北林业大学","id":"team015","icpc_id":"team015","name":"影流之主","organization_id":"东北林业大学","members":""},{"externalid":"team016","group_ids":["正式"],"affiliation":"东北林业大学","id":"team016","icpc_id":"team016","name":"三个演员","organization_id":"东北林业大学","members":""},{"externalid":"team017","group_ids":["正式"],"affiliation":"东北林业大学","id":"team017","icpc_id":"team017","name":"三个顶俩","organization_id":"东北林业大学","members":""},{"externalid":"team018","group_ids":["正式"],"affiliation":"东北林业大学","id":"team018","icpc_id":"team018","name":"教我写代码","organization_id":"东北林业大学","members":""},{"externalid":"team019","group_ids":["*"],"affiliation":"东北林业大学","id":"team019","icpc_id":"team019","name":"三个蒟蒻","organization_id":"东北林业大学","members":""},{"externalid":"team020","group_ids":["*"],"affiliation":"东北林业大学","id":"team020","icpc_id":"team020","name":"麻烦给我的队友来一杯Mojito","organization_id":"东北林业大学","members":""},{"externalid":"team021","group_ids":["正式"],"affiliation":"东北林业大学","id":"team021","icpc_id":"team021","name":"爬爬怪","organization_id":"东北林业大学","members":""},{"externalid":"team022","group_ids":["正式"],"affiliation":"东北林业大学","id":"team022","icpc_id":"team022","name":"山水园林","organization_id":"东北林业大学","members":""},{"externalid":"team023","group_ids":["正式"],"affiliation":"东北林业大学","id":"team023","icpc_id":"team023","name":"彩虹棉花糖","organization_id":"东北林业大学","members":""},{"externalid":"team024","group_ids":["正式"],"affiliation":"东北林业大学","id":"team024","icpc_id":"team024","name":"我们队拍了拍你们队","organization_id":"东北林业大学","members":""},{"externalid":"team025","group_ids":["正式"],"affiliation":"东北林业大学","id":"team025","icpc_id":"team025","name":"一支三人队伍","organization_id":"东北林业大学","members":""},{"externalid":"team026","group_ids":["正式"],"affiliation":"东北林业大学","id":"team026","icpc_id":"team026","name":"二息步行","organization_id":"东北林业大学","members":""},{"externalid":"team027","group_ids":["正式"],"affiliation":"东北农业大学","id":"team027","icpc_id":"team027","name":"数论只会gcd","organization_id":"东北农业大学","members":""},{"externalid":"team028","group_ids":["正式"],"affiliation":"东北农业大学","id":"team028","icpc_id":"team028","name":"辉夜大小姐想让我AC~","organization_id":"东北农业大学","members":""},{"externalid":"team029","group_ids":["正式"],"affiliation":"东北农业大学","id":"team029","icpc_id":"team029","name":"禁用敏感词","organization_id":"东北农业大学","members":""},{"externalid":"team030","group_ids":["正式"],"affiliation":"东北农业大学","id":"team030","icpc_id":"team030","name":"打完比赛回去搬砖","organization_id":"东北农业大学","members":""},{"externalid":"team031","group_ids":["正式"],"affiliation":"东北农业大学","id":"team031","icpc_id":"team031","name":"此队名被占用","organization_id":"东北农业大学","members":""},{"externalid":"team032","group_ids":["正式"],"affiliation":"东北农业大学","id":"team032","icpc_id":"team032","name":"无网络难办","organization_id":"东北农业大学","members":""},{"externalid":"team033","group_ids":["正式"],"affiliation":"东北农业大学","id":"team033","icpc_id":"team033","name":"我突然想起一道题.jpg","organization_id":"东北农业大学","members":""},{"externalid":"team034","group_ids":["正式"],"affiliation":"东北农业大学","id":"team034","icpc_id":"team034","name":"想不出队名","organization_id":"东北农业大学","members":""},{"externalid":"team035","group_ids":["正式"],"affiliation":"东北农业大学","id":"team035","icpc_id":"team035","name":"今晚吃猪脚饭（已黑化）","organization_id":"东北农业大学","members":""},{"externalid":"team036","group_ids":["正式"],"affiliation":"东北农业大学","id":"team036","icpc_id":"team036","name":"说学逗唱","organization_id":"东北农业大学","members":""},{"externalid":"team037","group_ids":["正式"],"affiliation":"哈尔滨工程大学","id":"team037","icpc_id":"team037","name":"撒网摸鱼","organization_id":"哈尔滨工程大学","members":""},{"externalid":"team038","group_ids":["正式"],"affiliation":"哈尔滨工程大学","id":"team038","icpc_id":"team038","name":"AlleXceedFamilia","organization_id":"哈尔滨工程大学","members":""},{"externalid":"team039","group_ids":["正式"],"affiliation":"哈尔滨工程大学","id":"team039","icpc_id":"team039","name":"队名太难取队","organization_id":"哈尔滨工程大学","members":""},{"externalid":"team040","group_ids":["正式"],"affiliation":"哈尔滨工程大学","id":"team040","icpc_id":"team040","name":"死亡发际线","organization_id":"哈尔滨工程大学","members":""},{"externalid":"team041","group_ids":["正式"],"affiliation":"哈尔滨工程大学","id":"team041","icpc_id":"team041","name":"迫真ACM部·WA的里技","organization_id":"哈尔滨工程大学","members":""},{"externalid":"team042","group_ids":["正式"],"affiliation":"哈尔滨工程大学","id":"team042","icpc_id":"team042","name":"因为觉得取名太难所以就模仿日本轻小说了","organization_id":"哈尔滨工程大学","members":""},{"externalid":"team043","group_ids":["正式"],"affiliation":"哈尔滨工程大学","id":"team043","icpc_id":"team043","name":"这队名不取也罢","organization_id":"哈尔滨工程大学","members":""},{"externalid":"team044","group_ids":["正式"],"affiliation":"哈尔滨工程大学","id":"team044","icpc_id":"team044","name":"路人码农的养成方法","organization_id":"哈尔滨工程大学","members":""},{"externalid":"team045","group_ids":["正式"],"affiliation":"哈尔滨工程大学","id":"team045","icpc_id":"team045","name":"队名再长也没人看","organization_id":"哈尔滨工程大学","members":""},{"externalid":"team046","group_ids":["正式"],"affiliation":"哈尔滨工程大学","id":"team046","icpc_id":"team046","name":"取啥都一样","organization_id":"哈尔滨工程大学","members":""},{"externalid":"team047","group_ids":["正式"],"affiliation":"哈尔滨工程大学","id":"team047","icpc_id":"team047","name":"哈工程无你立足之地最强赘婿","organization_id":"哈尔滨工程大学","members":""},{"externalid":"team048","group_ids":["正式"],"affiliation":"哈尔滨工程大学","id":"team048","icpc_id":"team048","name":"致力于扩大基数的热情分母","organization_id":"哈尔滨工程大学","members":""},{"externalid":"team049","group_ids":["正式"],"affiliation":"哈尔滨工业大学","id":"team049","icpc_id":"team049","name":"青阳","organization_id":"哈尔滨工业大学","members":""},{"externalid":"team050","group_ids":["正式"],"affiliation":"哈尔滨工业大学","id":"team050","icpc_id":"team050","name":"希望队名没事","organization_id":"哈尔滨工业大学","members":""},{"externalid":"team051","group_ids":["正式"],"affiliation":"哈尔滨工业大学","id":"team051","icpc_id":"team051","name":"庆大包与摩托车维修艺术","organization_id":"哈尔滨工业大学","members":""},{"externalid":"team052","group_ids":["正式"],"affiliation":"哈尔滨工业大学","id":"team052","icpc_id":"team052","name":"达摩克利斯之剑","organization_id":"哈尔滨工业大学","members":""},{"externalid":"team053","group_ids":["正式"],"affiliation":"哈尔滨工业大学","id":"team053","icpc_id":"team053","name":"发光发热老年人","organization_id":"哈尔滨工业大学","members":""},{"externalid":"team054","group_ids":["正式"],"affiliation":"哈尔滨工业大学","id":"team054","icpc_id":"team054","name":"安布罗迪之奇幻历险","organization_id":"哈尔滨工业大学","members":""},{"externalid":"team055","group_ids":["正式"],"affiliation":"哈尔滨工业大学","id":"team055","icpc_id":"team055","name":"心跳编程部","organization_id":"哈尔滨工业大学","members":""},{"externalid":"team056","group_ids":["正式"],"affiliation":"哈尔滨工业大学","id":"team056","icpc_id":"team056","name":"很有精神","organization_id":"哈尔滨工业大学","members":""},{"externalid":"team057","group_ids":["正式"],"affiliation":"哈尔滨工业大学","id":"team057","icpc_id":"team057","name":"万符必应之破戒","organization_id":"哈尔滨工业大学","members":""},{"externalid":"team058","group_ids":["正式"],"affiliation":"哈尔滨工业大学","id":"team058","icpc_id":"team058","name":"军训晴天娃娃","organization_id":"哈尔滨工业大学","members":""},{"externalid":"team059","group_ids":["正式"],"affiliation":"哈尔滨工业大学","id":"team059","icpc_id":"team059","name":"星与花","organization_id":"哈尔滨工业大学","members":""},{"externalid":"team060","group_ids":["正式"],"affiliation":"哈尔滨工业大学","id":"team060","icpc_id":"team060","name":"我不知道啊","organization_id":"哈尔滨工业大学","members":""},{"externalid":"team061","group_ids":["正式"],"affiliation":"哈尔滨工业大学","id":"team061","icpc_id":"team061","name":"军训无人生还","organization_id":"哈尔滨工业大学","members":""},{"externalid":"team062","group_ids":["正式"],"affiliation":"哈尔滨工业大学","id":"team062","icpc_id":"team062","name":"暴风雨","organization_id":"哈尔滨工业大学","members":""},{"externalid":"team063","group_ids":["正式"],"affiliation":"哈尔滨广厦学院","id":"team063","icpc_id":"team063","name":"乌鸦坐飞机","organization_id":"哈尔滨广厦学院","members":""},{"externalid":"team064","group_ids":["正式"],"affiliation":"哈尔滨广厦学院","id":"team064","icpc_id":"team064","name":"纱雾胜羽","organization_id":"哈尔滨广厦学院","members":""},{"externalid":"team065","group_ids":["*"],"affiliation":"哈尔滨海贼科技有限责任公司","id":"team065","icpc_id":"team065","name":"海贼1","organization_id":"哈尔滨海贼科技有限责任公司","members":""},{"externalid":"team066","group_ids":["正式"],"affiliation":"哈尔滨华德学院","id":"team066","icpc_id":"team066","name":"小魂球","organization_id":"哈尔滨华德学院","members":""},{"externalid":"team067","group_ids":["正式"],"affiliation":"哈尔滨华德学院","id":"team067","icpc_id":"team067","name":"长江七号","organization_id":"哈尔滨华德学院","members":""},{"externalid":"team068","group_ids":["正式"],"affiliation":"哈尔滨华德学院","id":"team068","icpc_id":"team068","name":"胡辣汤","organization_id":"哈尔滨华德学院","members":""},{"externalid":"team069","group_ids":["正式"],"affiliation":"哈尔滨华德学院","id":"team069","icpc_id":"team069","name":"小鸡炖蘑菇","organization_id":"哈尔滨华德学院","members":""},{"externalid":"team070","group_ids":["正式"],"affiliation":"哈尔滨华德学院","id":"team070","icpc_id":"team070","name":"猴赛雷","organization_id":"哈尔滨华德学院","members":""},{"externalid":"team071","group_ids":["正式"],"affiliation":"哈尔滨理工大学","id":"team071","icpc_id":"team071","name":"哈理工2020秋1队","organization_id":"哈尔滨理工大学","members":""},{"externalid":"team072","group_ids":["正式"],"affiliation":"哈尔滨理工大学","id":"team072","icpc_id":"team072","name":"哈理工2020秋2队","organization_id":"哈尔滨理工大学","members":""},{"externalid":"team073","group_ids":["正式"],"affiliation":"哈尔滨理工大学","id":"team073","icpc_id":"team073","name":"哈理工2020秋3队","organization_id":"哈尔滨理工大学","members":""},{"externalid":"team074","group_ids":["正式"],"affiliation":"哈尔滨理工大学","id":"team074","icpc_id":"team074","name":"哈理工2020秋4队","organization_id":"哈尔滨理工大学","members":""},{"externalid":"team075","group_ids":["正式"],"affiliation":"哈尔滨理工大学","id":"team075","icpc_id":"team075","name":"哈理工2020秋5队","organization_id":"哈尔滨理工大学","members":""},{"externalid":"team076","group_ids":["正式"],"affiliation":"哈尔滨理工大学","id":"team076","icpc_id":"team076","name":"哈理工2020秋6队","organization_id":"哈尔滨理工大学","members":""},{"externalid":"team077","group_ids":["正式"],"affiliation":"哈尔滨理工大学","id":"team077","icpc_id":"team077","name":"哈理工2020秋7队","organization_id":"哈尔滨理工大学","members":""},{"externalid":"team078","group_ids":["正式"],"affiliation":"哈尔滨理工大学","id":"team078","icpc_id":"team078","name":"哈理工2020秋8队","organization_id":"哈尔滨理工大学","members":""},{"externalid":"team079","group_ids":["正式"],"affiliation":"哈尔滨理工大学","id":"team079","icpc_id":"team079","name":"哈理工2020秋9队","organization_id":"哈尔滨理工大学","members":""},{"externalid":"team080","group_ids":["正式"],"affiliation":"哈尔滨理工大学","id":"team080","icpc_id":"team080","name":"哈理工2020秋10队","organization_id":"哈尔滨理工大学","members":""},{"externalid":"team081","group_ids":["正式"],"affiliation":"哈尔滨理工大学","id":"team081","icpc_id":"team081","name":"哈理工2020秋11队","organization_id":"哈尔滨理工大学","members":""},{"externalid":"team082","group_ids":["正式"],"affiliation":"哈尔滨理工大学","id":"team082","icpc_id":"team082","name":"哈理工2020秋12队","organization_id":"哈尔滨理工大学","members":""},{"externalid":"team083","group_ids":["正式"],"affiliation":"哈尔滨理工大学","id":"team083","icpc_id":"team083","name":"哈理工2020秋13队","organization_id":"哈尔滨理工大学","members":""},{"externalid":"team084","group_ids":["*"],"affiliation":"哈尔滨理工大学","id":"team084","icpc_id":"team084","name":"哈理工2020秋14队","organization_id":"哈尔滨理工大学","members":""},{"externalid":"team085","group_ids":["*"],"affiliation":"哈尔滨理工大学","id":"team085","icpc_id":"team085","name":"哈理工2020秋15队","organization_id":"哈尔滨理工大学","members":""},{"externalid":"team086","group_ids":["*"],"affiliation":"哈尔滨理工大学","id":"team086","icpc_id":"team086","name":"哈理工2020秋16队","organization_id":"哈尔滨理工大学","members":""},{"externalid":"team087","group_ids":["*"],"affiliation":"哈尔滨理工大学","id":"team087","icpc_id":"team087","name":"哈理工2020秋17队","organization_id":"哈尔滨理工大学","members":""},{"externalid":"team088","group_ids":["*"],"affiliation":"哈尔滨理工大学","id":"team088","icpc_id":"team088","name":"哈理工2020秋18队","organization_id":"哈尔滨理工大学","members":""},{"externalid":"team089","group_ids":["正式"],"affiliation":"哈尔滨商业大学","id":"team089","icpc_id":"team089","name":"好难啊","organization_id":"哈尔滨商业大学","members":""},{"externalid":"team090","group_ids":["正式"],"affiliation":"哈尔滨商业大学","id":"team090","icpc_id":"team090","name":"嘿哈嘿哈咔","organization_id":"哈尔滨商业大学","members":""},{"externalid":"team091","group_ids":["正式"],"affiliation":"哈尔滨商业大学","id":"team091","icpc_id":"team091","name":"你猜我代码写的对不","organization_id":"哈尔滨商业大学","members":""},{"externalid":"team092","group_ids":["正式"],"affiliation":"哈尔滨商业大学","id":"team092","icpc_id":"team092","name":"好菜啊","organization_id":"哈尔滨商业大学","members":""},{"externalid":"team093","group_ids":["正式"],"affiliation":"哈尔滨商业大学","id":"team093","icpc_id":"team093","name":"文盲大队","organization_id":"哈尔滨商业大学","members":""},{"externalid":"team094","group_ids":["正式"],"affiliation":"哈尔滨商业大学","id":"team094","icpc_id":"team094","name":"倾国倾城","organization_id":"哈尔滨商业大学","members":""},{"externalid":"team095","group_ids":["正式"],"affiliation":"哈尔滨商业大学","id":"team095","icpc_id":"team095","name":"这有啥不会的","organization_id":"哈尔滨商业大学","members":""},{"externalid":"team096","group_ids":["正式"],"affiliation":"哈尔滨商业大学","id":"team096","icpc_id":"team096","name":"初来乍到","organization_id":"哈尔滨商业大学","members":""},{"externalid":"team097","group_ids":["正式"],"affiliation":"哈尔滨师范大学","id":"team097","icpc_id":"team097","name":"TheBigBangTheory","organization_id":"哈尔滨师范大学","members":""},{"externalid":"team098","group_ids":["正式"],"affiliation":"哈尔滨师范大学","id":"team098","icpc_id":"team098","name":"redmanS","organization_id":"哈尔滨师范大学","members":""},{"externalid":"team099","group_ids":["正式"],"affiliation":"哈尔滨师范大学","id":"team099","icpc_id":"team099","name":"对对队","organization_id":"哈尔滨师范大学","members":""},{"externalid":"team100","group_ids":["正式"],"affiliation":"哈尔滨师范大学","id":"team100","icpc_id":"team100","name":"CloudComputing","organization_id":"哈尔滨师范大学","members":""},{"externalid":"team101","group_ids":["正式"],"affiliation":"哈尔滨师范大学","id":"team101","icpc_id":"team101","name":"SimRobot","organization_id":"哈尔滨师范大学","members":""},{"externalid":"team102","group_ids":["正式"],"affiliation":"哈尔滨师范大学","id":"team102","icpc_id":"team102","name":"2019","organization_id":"哈尔滨师范大学","members":""},{"externalid":"team103","group_ids":["正式"],"affiliation":"哈尔滨师范大学","id":"team103","icpc_id":"team103","name":"2020","organization_id":"哈尔滨师范大学","members":""},{"externalid":"team104","group_ids":["正式"],"affiliation":"哈尔滨师范大学","id":"team104","icpc_id":"team104","name":"2021","organization_id":"哈尔滨师范大学","members":""},{"externalid":"team105","group_ids":["正式"],"affiliation":"哈尔滨学院","id":"team105","icpc_id":"team105","name":"可乐鸡","organization_id":"哈尔滨学院","members":""},{"externalid":"team106","group_ids":["正式"],"affiliation":"哈尔滨学院","id":"team106","icpc_id":"team106","name":"百事可乐","organization_id":"哈尔滨学院","members":""},{"externalid":"team107","group_ids":["正式"],"affiliation":"哈尔滨学院","id":"team107","icpc_id":"team107","name":"厨神","organization_id":"哈尔滨学院","members":""},{"externalid":"team108","group_ids":["正式"],"affiliation":"哈尔滨学院","id":"team108","icpc_id":"team108","name":"单车变摩托","organization_id":"哈尔滨学院","members":""},{"externalid":"team109","group_ids":["正式"],"affiliation":"哈尔滨学院","id":"team109","icpc_id":"team109","name":"奇异果","organization_id":"哈尔滨学院","members":""},{"externalid":"team110","group_ids":["正式"],"affiliation":"哈尔滨学院","id":"team110","icpc_id":"team110","name":"你看我还有机会吗","organization_id":"哈尔滨学院","members":""},{"externalid":"team111","group_ids":["正式"],"affiliation":"哈尔滨学院","id":"team111","icpc_id":"team111","name":"AMDyes","organization_id":"哈尔滨学院","members":""},{"externalid":"team112","group_ids":["正式"],"affiliation":"哈尔滨学院","id":"team112","icpc_id":"team112","name":"芒果狮","organization_id":"哈尔滨学院","members":""},{"externalid":"team113","group_ids":["正式"],"affiliation":"黑河学院","id":"team113","icpc_id":"team113","name":"BC","organization_id":"黑河学院","members":""},{"externalid":"team114","group_ids":["正式"],"affiliation":"黑河学院","id":"team114","icpc_id":"team114","name":"IV8D","organization_id":"黑河学院","members":""},{"externalid":"team115","group_ids":["正式"],"affiliation":"黑河学院","id":"team115","icpc_id":"team115","name":"无比自信","organization_id":"黑河学院","members":""},{"externalid":"team116","group_ids":["正式"],"affiliation":"黑河学院","id":"team116","icpc_id":"team116","name":"QS3","organization_id":"黑河学院","members":""},{"externalid":"team117","group_ids":["正式"],"affiliation":"黑龙江大学","id":"team117","icpc_id":"team117","name":"黑大1队","organization_id":"黑龙江大学","members":""},{"externalid":"team118","group_ids":["正式"],"affiliation":"黑龙江大学","id":"team118","icpc_id":"team118","name":"黑大2队","organization_id":"黑龙江大学","members":""},{"externalid":"team119","group_ids":["正式"],"affiliation":"黑龙江大学","id":"team119","icpc_id":"team119","name":"黑大3队","organization_id":"黑龙江大学","members":""},{"externalid":"team120","group_ids":["正式"],"affiliation":"黑龙江大学","id":"team120","icpc_id":"team120","name":"黑大4队","organization_id":"黑龙江大学","members":""},{"externalid":"team121","group_ids":["正式"],"affiliation":"黑龙江大学","id":"team121","icpc_id":"team121","name":"黑大5队","organization_id":"黑龙江大学","members":""},{"externalid":"team122","group_ids":["正式"],"affiliation":"黑龙江大学","id":"team122","icpc_id":"team122","name":"黑大6队","organization_id":"黑龙江大学","members":""},{"externalid":"team123","group_ids":["正式"],"affiliation":"黑龙江大学","id":"team123","icpc_id":"team123","name":"黑大7队","organization_id":"黑龙江大学","members":""},{"externalid":"team124","group_ids":["正式"],"affiliation":"黑龙江大学","id":"team124","icpc_id":"team124","name":"黑大8队","organization_id":"黑龙江大学","members":""},{"externalid":"team125","group_ids":["正式"],"affiliation":"黑龙江大学","id":"team125","icpc_id":"team125","name":"黑大9队","organization_id":"黑龙江大学","members":""},{"externalid":"team126","group_ids":["正式"],"affiliation":"黑龙江大学","id":"team126","icpc_id":"team126","name":"黑大10队","organization_id":"黑龙江大学","members":""},{"externalid":"team127","group_ids":["*"],"affiliation":"黑龙江大学","id":"team127","icpc_id":"team127","name":"黑大11队","organization_id":"黑龙江大学","members":""},{"externalid":"team128","group_ids":["*"],"affiliation":"黑龙江大学","id":"team128","icpc_id":"team128","name":"黑大12队","organization_id":"黑龙江大学","members":""},{"externalid":"team129","group_ids":["正式"],"affiliation":"黑龙江工程学院","id":"team129","icpc_id":"team129","name":"不要男妈妈","organization_id":"黑龙江工程学院","members":""},{"externalid":"team130","group_ids":["正式"],"affiliation":"黑龙江工程学院","id":"team130","icpc_id":"team130","name":"专业水电维修队","organization_id":"黑龙江工程学院","members":""},{"externalid":"team131","group_ids":["正式"],"affiliation":"黑龙江科技大学","id":"team131","icpc_id":"team131","name":"五瓶药水","organization_id":"黑龙江科技大学","members":""},{"externalid":"team132","group_ids":["正式"],"affiliation":"黑龙江科技大学","id":"team132","icpc_id":"team132","name":"猫猫虫联盟","organization_id":"黑龙江科技大学","members":""},{"externalid":"team133","group_ids":["正式"],"affiliation":"黑龙江外国语学院","id":"team133","icpc_id":"team133","name":"黑龙江外国语学院一队","organization_id":"黑龙江外国语学院","members":""},{"externalid":"team134","group_ids":["正式"],"affiliation":"黑龙江外国语学院","id":"team134","icpc_id":"team134","name":"黑龙江外国语学院二队","organization_id":"黑龙江外国语学院","members":""},{"externalid":"team135","group_ids":["正式"],"affiliation":"黑龙江职业学院","id":"team135","icpc_id":"team135","name":"超级英雄2","organization_id":"黑龙江职业学院","members":""},{"externalid":"team136","group_ids":["正式"],"affiliation":"黑龙江职业学院","id":"team136","icpc_id":"team136","name":"超级英雄","organization_id":"黑龙江职业学院","members":""},{"externalid":"team137","group_ids":["正式"],"affiliation":"佳木斯大学","id":"team137","icpc_id":"team137","name":"绝地求生","organization_id":"佳木斯大学","members":""},{"externalid":"team138","group_ids":["正式"],"affiliation":"佳木斯大学","id":"team138","icpc_id":"team138","name":"来包辣条压压惊","organization_id":"佳木斯大学","members":""},{"externalid":"team139","group_ids":["正式"],"affiliation":"佳木斯大学","id":"team139","icpc_id":"team139","name":"生死由命","organization_id":"佳木斯大学","members":""},{"externalid":"team140","group_ids":["正式"],"affiliation":"佳木斯大学","id":"team140","icpc_id":"team140","name":"搬砖大队","organization_id":"佳木斯大学","members":""},{"externalid":"team141","group_ids":["正式"],"affiliation":"佳木斯大学","id":"team141","icpc_id":"team141","name":"WA自动机","organization_id":"佳木斯大学","members":""},{"externalid":"team142","group_ids":["正式"],"affiliation":"佳木斯大学","id":"team142","icpc_id":"team142","name":"三个臭皮匠","organization_id":"佳木斯大学","members":""},{"externalid":"team143","group_ids":["正式"],"affiliation":"佳木斯大学","id":"team143","icpc_id":"team143","name":"AC幼儿园","organization_id":"佳木斯大学","members":""},{"externalid":"team144","group_ids":["正式"],"affiliation":"牡丹江师范学院","id":"team144","icpc_id":"team144","name":"也无风雨也无晴","organization_id":"牡丹江师范学院","members":""},{"externalid":"team145","group_ids":["正式"],"affiliation":"牡丹江师范学院","id":"team145","icpc_id":"team145","name":"发量不太队","organization_id":"牡丹江师范学院","members":""},{"externalid":"team146","group_ids":["正式"],"affiliation":"牡丹江师范学院","id":"team146","icpc_id":"team146","name":"大佬来来抽华子抽华子","organization_id":"牡丹江师范学院","members":""},{"externalid":"team147","group_ids":["正式"],"affiliation":"牡丹江师范学院","id":"team147","icpc_id":"team147","name":"量子波动速刷","organization_id":"牡丹江师范学院","members":""},{"externalid":"team148","group_ids":["*"],"affiliation":"南阳理工学院","id":"team148","icpc_id":"team148","name":"就这","organization_id":"南阳理工学院","members":""},{"externalid":"team149","group_ids":["*"],"affiliation":"南阳理工学院","id":"team149","icpc_id":"team149","name":"超哥已经开完F题了","organization_id":"南阳理工学院","members":""},{"externalid":"team150","group_ids":["*"],"affiliation":"南阳理工学院","id":"team150","icpc_id":"team150","name":"啊这","organization_id":"南阳理工学院","members":""},{"externalid":"team151","group_ids":["*"],"affiliation":"南阳理工学院","id":"team151","icpc_id":"team151","name":"AC明灭或可睹","organization_id":"南阳理工学院","members":""},{"externalid":"team152","group_ids":["*"],"affiliation":"南阳理工学院","id":"team152","icpc_id":"team152","name":"南阳理工1队","organization_id":"南阳理工学院","members":""},{"externalid":"team153","group_ids":["*"],"affiliation":"南阳理工学院","id":"team153","icpc_id":"team153","name":"南阳理工2队","organization_id":"南阳理工学院","members":""},{"externalid":"team154","group_ids":["*"],"affiliation":"南阳理工学院","id":"team154","icpc_id":"team154","name":"小学生打国家运动队","organization_id":"南阳理工学院","members":""},{"externalid":"team155","group_ids":["*"],"affiliation":"南阳理工学院","id":"team155","icpc_id":"team155","name":"南阳理工在线混子","organization_id":"南阳理工学院","members":""},{"externalid":"team156","group_ids":["*"],"affiliation":"南阳理工学院","id":"team156","icpc_id":"team156","name":"慢慢想不急","organization_id":"南阳理工学院","members":""},{"externalid":"team157","group_ids":["*"],"affiliation":"南阳理工学院","id":"team157","icpc_id":"team157","name":"好好学习","organization_id":"南阳理工学院","members":""},{"externalid":"team158","group_ids":["*"],"affiliation":"南阳理工学院","id":"team158","icpc_id":"team158","name":"为了新中国冲呀","organization_id":"南阳理工学院","members":""},{"externalid":"team159","group_ids":["*"],"affiliation":"南阳理工学院","id":"team159","icpc_id":"team159","name":"((-_-!))))))","organization_id":"南阳理工学院","members":""},{"externalid":"team160","group_ids":["*"],"affiliation":"南阳理工学院","id":"team160","icpc_id":"team160","name":"没有未来的未来不是我想要的未来","organization_id":"南阳理工学院","members":""},{"externalid":"team161","group_ids":["*"],"affiliation":"南阳理工学院","id":"team161","icpc_id":"team161","name":"你若AC便是晴天","organization_id":"南阳理工学院","members":""},{"externalid":"team162","group_ids":["正式"],"affiliation":"齐齐哈尔大学","id":"team162","icpc_id":"team162","name":"交的都队","organization_id":"齐齐哈尔大学","members":""},{"externalid":"team163","group_ids":["正式"],"affiliation":"齐齐哈尔大学","id":"team163","icpc_id":"team163","name":"橘子苹果三剑客","organization_id":"齐齐哈尔大学","members":""},{"externalid":"team164","group_ids":["正式"],"affiliation":"齐齐哈尔大学","id":"team164","icpc_id":"team164","name":"面线糊与裹蒸粽与牛肉火锅","organization_id":"齐齐哈尔大学","members":""},{"externalid":"team165","group_ids":["*"],"affiliation":"齐齐哈尔市实验中学","id":"team165","icpc_id":"team165","name":"实验中学1队","organization_id":"齐齐哈尔市实验中学","members":""},{"externalid":"team166","group_ids":["*"],"affiliation":"齐齐哈尔市实验中学","id":"team166","icpc_id":"team166","name":"实验中学2队","organization_id":"齐齐哈尔市实验中学","members":""},{"externalid":"team167","group_ids":["正式"],"affiliation":"绥化学院","id":"team167","icpc_id":"team167","name":"卖气球三元一个十元三个","organization_id":"绥化学院","members":""},{"externalid":"team168","group_ids":["正式"],"affiliation":"绥化学院","id":"team168","icpc_id":"team168","name":"发量充足","organization_id":"绥化学院","members":""},{"externalid":"team169","group_ids":["正式"],"affiliation":"绥化学院","id":"team169","icpc_id":"team169","name":"挨踢新秀","organization_id":"绥化学院","members":""},{"externalid":"team170","group_ids":["*"],"affiliation":"天津大学仁爱学院","id":"team170","icpc_id":"team170","name":"不爱吃辣椒","organization_id":"天津大学仁爱学院","members":""},{"externalid":"team171","group_ids":["*"],"affiliation":"天津大学仁爱学院","id":"team171","icpc_id":"team171","name":"三人运动TPM","organization_id":"天津大学仁爱学院","members":""}]