[{"externalid":"T001","group_ids":["正式队伍"],"affiliation":"安徽大学","id":"T001","icpc_id":"T001","name":"看看这发对不队","organization_id":"安徽大学","members":""},{"externalid":"T002","group_ids":["正式队伍"],"affiliation":"安阳工学院","id":"T002","icpc_id":"T002","name":"淼天一色","organization_id":"安阳工学院","members":""},{"externalid":"T003","group_ids":["打星"],"affiliation":"北方工业大学","id":"T003","icpc_id":"T003","name":"Astra","organization_id":"北方工业大学","members":""},{"externalid":"T004","group_ids":["正式队伍"],"affiliation":"北方工业大学","id":"T004","icpc_id":"T004","name":"邪王真眼是最强","organization_id":"北方工业大学","members":""},{"externalid":"T005","group_ids":["正式队伍"],"affiliation":"北京大学","id":"T005","icpc_id":"T005","name":"超长宕机","organization_id":"北京大学","members":""},{"externalid":"T006","group_ids":["正式队伍"],"affiliation":"北京大学","id":"T006","icpc_id":"T006","name":"你们这不是欺负人呢嘛","organization_id":"北京大学","members":""},{"externalid":"T007","group_ids":["正式队伍"],"affiliation":"北京大学","id":"T007","icpc_id":"T007","name":"逆十字","organization_id":"北京大学","members":""},{"externalid":"T008","group_ids":["正式队伍"],"affiliation":"北京航空航天大学","id":"T008","icpc_id":"T008","name":"合法字符串","organization_id":"北京航空航天大学","members":""},{"externalid":"T009","group_ids":["正式队伍"],"affiliation":"北京航空航天大学","id":"T009","icpc_id":"T009","name":"将来我一定比你聪明比你强","organization_id":"北京航空航天大学","members":""},{"externalid":"T010","group_ids":["正式队伍"],"affiliation":"北京航空航天大学","id":"T010","icpc_id":"T010","name":"试炼者","organization_id":"北京航空航天大学","members":""},{"externalid":"T011","group_ids":["正式队伍"],"affiliation":"北京化工大学","id":"T011","icpc_id":"T011","name":"啊这","organization_id":"北京化工大学","members":""},{"externalid":"T012","group_ids":["正式队伍"],"affiliation":"北京交通大学","id":"T012","icpc_id":"T012","name":"天花板上的飞仙舞王","organization_id":"北京交通大学","members":""},{"externalid":"T013","group_ids":["正式队伍"],"affiliation":"北京理工大学","id":"T013","icpc_id":"T013","name":"max25仔","organization_id":"北京理工大学","members":""},{"externalid":"T014","group_ids":["正式队伍"],"affiliation":"北京理工大学","id":"T014","icpc_id":"T014","name":"阿咆变节biu","organization_id":"北京理工大学","members":""},{"externalid":"T015","group_ids":["正式队伍"],"affiliation":"北京理工大学","id":"T015","icpc_id":"T015","name":"马拉车拉马","organization_id":"北京理工大学","members":""},{"externalid":"T016","group_ids":["正式队伍"],"affiliation":"北京林业大学","id":"T016","icpc_id":"T016","name":"打铁自身也不硬","organization_id":"北京林业大学","members":""},{"externalid":"T017","group_ids":["正式队伍"],"affiliation":"北京师范大学","id":"T017","icpc_id":"T017","name":"奥利奥利奥","organization_id":"北京师范大学","members":""},{"externalid":"T018","group_ids":["打星"],"affiliation":"北京师范大学","id":"T018","icpc_id":"T018","name":"人菜瘾大","organization_id":"北京师范大学","members":""},{"externalid":"T019","group_ids":["正式队伍"],"affiliation":"北京师范大学(珠海校区)","id":"T019","icpc_id":"T019","name":"不会用雷的徐志鸟","organization_id":"北京师范大学(珠海校区)","members":""},{"externalid":"T020","group_ids":["打星"],"affiliation":"北京师范大学(珠海校区)","id":"T020","icpc_id":"T020","name":"我与我的金牌队友","organization_id":"北京师范大学(珠海校区)","members":""},{"externalid":"T021","group_ids":["正式队伍"],"affiliation":"北京师范大学珠海分校","id":"T021","icpc_id":"T021","name":"祝楼下拿金牌","organization_id":"北京师范大学珠海分校","members":""},{"externalid":"T023","group_ids":["正式队伍"],"affiliation":"北京邮电大学","id":"T023","icpc_id":"T023","name":"打代码","organization_id":"北京邮电大学","members":""},{"externalid":"T024","group_ids":["打星"],"affiliation":"北京邮电大学","id":"T024","icpc_id":"T024","name":"咕咕队","organization_id":"北京邮电大学","members":""},{"externalid":"T025","group_ids":["正式队伍"],"affiliation":"北京邮电大学","id":"T025","icpc_id":"T025","name":"康康康康","organization_id":"北京邮电大学","members":""},{"externalid":"T026","group_ids":["打星"],"affiliation":"北京邮电大学","id":"T026","icpc_id":"T026","name":"零叉八C","organization_id":"北京邮电大学","members":""},{"externalid":"T027","group_ids":["正式队伍"],"affiliation":"北京邮电大学","id":"T027","icpc_id":"T027","name":"你们这是什么队","organization_id":"北京邮电大学","members":""},{"externalid":"T028","group_ids":["打星"],"affiliation":"北京邮电大学","id":"T028","icpc_id":"T028","name":"祝你3456没有7","organization_id":"北京邮电大学","members":""},{"externalid":"T029","group_ids":["打星"],"affiliation":"常熟理工学院","id":"T029","icpc_id":"T029","name":"AC拖拉机","organization_id":"常熟理工学院","members":""},{"externalid":"T030","group_ids":["打星"],"affiliation":"常熟理工学院","id":"T030","icpc_id":"T030","name":"我又双叒叕A了一道题","organization_id":"常熟理工学院","members":""},{"externalid":"T031","group_ids":["正式队伍"],"affiliation":"成都东软学院","id":"T031","icpc_id":"T031","name":"八个八哥儿飞上了八颗白果树","organization_id":"成都东软学院","members":""},{"externalid":"T032","group_ids":["正式队伍"],"affiliation":"成都东软学院","id":"T032","icpc_id":"T032","name":"老中医","organization_id":"成都东软学院","members":""},{"externalid":"T033","group_ids":["正式队伍"],"affiliation":"成都理工大学","id":"T033","icpc_id":"T033","name":"精神小火发量多","organization_id":"成都理工大学","members":""},{"externalid":"T034","group_ids":["正式队伍"],"affiliation":"成都理工大学","id":"T034","icpc_id":"T034","name":"守护全世界最好的徐顺","organization_id":"成都理工大学","members":""},{"externalid":"T035","group_ids":["正式队伍"],"affiliation":"大连海事大学","id":"T035","icpc_id":"T035","name":"哇哈哈咔咔","organization_id":"大连海事大学","members":""},{"externalid":"T036","group_ids":["正式队伍"],"affiliation":"大连理工大学","id":"T036","icpc_id":"T036","name":"惜年","organization_id":"大连理工大学","members":""},{"externalid":"T037","group_ids":["正式队伍"],"affiliation":"大连理工大学","id":"T037","icpc_id":"T037","name":"优哉游哉","organization_id":"大连理工大学","members":""},{"externalid":"T038","group_ids":["正式队伍"],"affiliation":"电子科技大学中山学院","id":"T038","icpc_id":"T038","name":"中山学院二队","organization_id":"电子科技大学中山学院","members":""},{"externalid":"T039","group_ids":["正式队伍"],"affiliation":"东北大学","id":"T039","icpc_id":"T039","name":"火石桥村民","organization_id":"东北大学","members":""},{"externalid":"T040","group_ids":["正式队伍"],"affiliation":"东北大学","id":"T040","icpc_id":"T040","name":"三千","organization_id":"东北大学","members":""},{"externalid":"T041","group_ids":["正式队伍"],"affiliation":"东北大学秦皇岛分校","id":"T041","icpc_id":"T041","name":"CFA-Y剑指","organization_id":"东北大学秦皇岛分校","members":""},{"externalid":"T042","group_ids":["正式队伍"],"affiliation":"东北大学秦皇岛分校","id":"T042","icpc_id":"T042","name":"Friday","organization_id":"东北大学秦皇岛分校","members":""},{"externalid":"T043","group_ids":["正式队伍"],"affiliation":"东北大学秦皇岛分校","id":"T043","icpc_id":"T043","name":"lucky crystal","organization_id":"东北大学秦皇岛分校","members":""},{"externalid":"T044","group_ids":["正式队伍"],"affiliation":"东北大学秦皇岛分校","id":"T044","icpc_id":"T044","name":"不兼容","organization_id":"东北大学秦皇岛分校","members":""},{"externalid":"T045","group_ids":["正式队伍"],"affiliation":"东北电力大学","id":"T045","icpc_id":"T045","name":"第五分块","organization_id":"东北电力大学","members":""},{"externalid":"T046","group_ids":["正式队伍"],"affiliation":"东北农业大学","id":"T046","icpc_id":"T046","name":"dlk失联了","organization_id":"东北农业大学","members":""},{"externalid":"T047","group_ids":["正式队伍"],"affiliation":"东北农业大学","id":"T047","icpc_id":"T047","name":"数论只会gcd","organization_id":"东北农业大学","members":""},{"externalid":"T048","group_ids":["正式队伍"],"affiliation":"东北农业大学","id":"T048","icpc_id":"T048","name":"无网络难办","organization_id":"东北农业大学","members":""},{"externalid":"T049","group_ids":["正式队伍"],"affiliation":"东北师范大学","id":"T049","icpc_id":"T049","name":"黎明初晓","organization_id":"东北师范大学","members":""},{"externalid":"T050","group_ids":["正式队伍"],"affiliation":"东北师范大学","id":"T050","icpc_id":"T050","name":"细胞色素","organization_id":"东北师范大学","members":""},{"externalid":"T051","group_ids":["正式队伍"],"affiliation":"东华理工大学","id":"T051","icpc_id":"T051","name":"再过十年","organization_id":"东华理工大学","members":""},{"externalid":"T052","group_ids":["正式队伍"],"affiliation":"东南大学","id":"T052","icpc_id":"T052","name":"艾斯易悠都行","organization_id":"东南大学","members":""},{"externalid":"T053","group_ids":["正式队伍"],"affiliation":"东南大学","id":"T053","icpc_id":"T053","name":"打铁成功就地复读","organization_id":"东南大学","members":""},{"externalid":"T054","group_ids":["正式队伍"],"affiliation":"东南大学","id":"T054","icpc_id":"T054","name":"打完这场我就退役","organization_id":"东南大学","members":""},{"externalid":"T055","group_ids":["正式队伍"],"affiliation":"福建工程学院","id":"T055","icpc_id":"T055","name":"骗个综测分","organization_id":"福建工程学院","members":""},{"externalid":"T056","group_ids":["正式队伍"],"affiliation":"福建师范大学","id":"T056","icpc_id":"T056","name":"样例过了就是过了","organization_id":"福建师范大学","members":""},{"externalid":"T057","group_ids":["正式队伍"],"affiliation":"福州大学","id":"T057","icpc_id":"T057","name":"FZU旅行团","organization_id":"福州大学","members":""},{"externalid":"T058","group_ids":["打星"],"affiliation":"福州大学","id":"T058","icpc_id":"T058","name":"Last Second","organization_id":"福州大学","members":""},{"externalid":"T059","group_ids":["打星"],"affiliation":"福州大学","id":"T059","icpc_id":"T059","name":"日暮晨昏","organization_id":"福州大学","members":""},{"externalid":"T060","group_ids":["正式队伍"],"affiliation":"复旦大学","id":"T060","icpc_id":"T060","name":"阿凡提的小毛驴快跑","organization_id":"复旦大学","members":""},{"externalid":"T061","group_ids":["正式队伍"],"affiliation":"复旦大学","id":"T061","icpc_id":"T061","name":"黑色骑士团","organization_id":"复旦大学","members":""},{"externalid":"T062","group_ids":["打星"],"affiliation":"广东财经大学","id":"T062","icpc_id":"T062","name":"瓜皮瓜皮瓜","organization_id":"广东财经大学","members":""},{"externalid":"T063","group_ids":["正式队伍"],"affiliation":"广东工业大学","id":"T063","icpc_id":"T063","name":"啦啦啦LaLaLa","organization_id":"广东工业大学","members":""},{"externalid":"T064","group_ids":["正式队伍"],"affiliation":"广东工业大学","id":"T064","icpc_id":"T064","name":"平砍连击带顺劈","organization_id":"广东工业大学","members":""},{"externalid":"T065","group_ids":["正式队伍"],"affiliation":"广东技术师范大学","id":"T065","icpc_id":"T065","name":"我们只写一题","organization_id":"广东技术师范大学","members":""},{"externalid":"T066","group_ids":["正式队伍"],"affiliation":"广东外语外贸大学","id":"T066","icpc_id":"T066","name":"纸上牧羊","organization_id":"广东外语外贸大学","members":""},{"externalid":"T067","group_ids":["正式队伍"],"affiliation":"广西大学","id":"T067","icpc_id":"T067","name":"我永远喜欢Antinomy.jpg","organization_id":"广西大学","members":""},{"externalid":"T068","group_ids":["正式队伍"],"affiliation":"广西师范大学","id":"T068","icpc_id":"T068","name":"差不多得了","organization_id":"广西师范大学","members":""},{"externalid":"T069","group_ids":["打星"],"affiliation":"广州大学","id":"T069","icpc_id":"T069","name":"这就是墙外的世界吗","organization_id":"广州大学","members":""},{"externalid":"T070","group_ids":["正式队伍"],"affiliation":"桂林电子科技大学","id":"T070","icpc_id":"T070","name":"给周学姐上女装","organization_id":"桂林电子科技大学","members":""},{"externalid":"T071","group_ids":["正式队伍"],"affiliation":"国防科技大学","id":"T071","icpc_id":"T071","name":"不懂就问","organization_id":"国防科技大学","members":""},{"externalid":"T072","group_ids":["正式队伍"],"affiliation":"国防科技大学","id":"T072","icpc_id":"T072","name":"作风优良","organization_id":"国防科技大学","members":""},{"externalid":"T073","group_ids":["正式队伍"],"affiliation":"哈尔滨工程大学","id":"T073","icpc_id":"T073","name":"你们队名就叫这个呀","organization_id":"哈尔滨工程大学","members":""},{"externalid":"T074","group_ids":["正式队伍"],"affiliation":"哈尔滨工程大学","id":"T074","icpc_id":"T074","name":"撒网摸鱼","organization_id":"哈尔滨工程大学","members":""},{"externalid":"T075","group_ids":["正式队伍"],"affiliation":"哈尔滨工业大学","id":"T075","icpc_id":"T075","name":"庆大包与摩托车维修艺术","organization_id":"哈尔滨工业大学","members":""},{"externalid":"T076","group_ids":["正式队伍"],"affiliation":"哈尔滨工业大学","id":"T076","icpc_id":"T076","name":"万符必应之破戒","organization_id":"哈尔滨工业大学","members":""},{"externalid":"T077","group_ids":["女队"],"affiliation":"哈尔滨工业大学","id":"T077","icpc_id":"T077","name":"我不知道啊","organization_id":"哈尔滨工业大学","members":""},{"externalid":"T078","group_ids":["打星"],"affiliation":"哈尔滨工业大学（深圳）","id":"T078","icpc_id":"T078","name":"爱吃希尔队","organization_id":"哈尔滨工业大学（深圳）","members":""},{"externalid":"T079","group_ids":["正式队伍"],"affiliation":"哈尔滨工业大学（深圳）","id":"T079","icpc_id":"T079","name":"今天AC了吗","organization_id":"哈尔滨工业大学（深圳）","members":""},{"externalid":"T080","group_ids":["打星"],"affiliation":"哈尔滨工业大学（深圳）","id":"T080","icpc_id":"T080","name":"无名","organization_id":"哈尔滨工业大学（深圳）","members":""},{"externalid":"T081","group_ids":["正式队伍"],"affiliation":"哈尔滨工业大学（威海）","id":"T081","icpc_id":"T081","name":"galaxy-rising","organization_id":"哈尔滨工业大学（威海）","members":""},{"externalid":"T082","group_ids":["正式队伍"],"affiliation":"哈尔滨工业大学（威海）","id":"T082","icpc_id":"T082","name":"放学后茶会","organization_id":"哈尔滨工业大学（威海）","members":""},{"externalid":"T083","group_ids":["正式队伍"],"affiliation":"哈尔滨工业大学（威海）","id":"T083","icpc_id":"T083","name":"三鸽战队","organization_id":"哈尔滨工业大学（威海）","members":""},{"externalid":"T084","group_ids":["正式队伍"],"affiliation":"哈尔滨工业大学（威海）","id":"T084","icpc_id":"T084","name":"三个拉跨","organization_id":"哈尔滨工业大学（威海）","members":""},{"externalid":"T085","group_ids":["正式队伍"],"affiliation":"哈尔滨理工大学","id":"T085","icpc_id":"T085","name":"哈理工7队","organization_id":"哈尔滨理工大学","members":""},{"externalid":"T086","group_ids":["打星"],"affiliation":"哈尔滨理工大学","id":"T086","icpc_id":"T086","name":"哈理工9队","organization_id":"哈尔滨理工大学","members":""},{"externalid":"T087","group_ids":["正式队伍"],"affiliation":"杭州电子科技大学","id":"T087","icpc_id":"T087","name":"半人马座","organization_id":"杭州电子科技大学","members":""},{"externalid":"T088","group_ids":["正式队伍"],"affiliation":"杭州电子科技大学","id":"T088","icpc_id":"T088","name":"我们都有光明的前途","organization_id":"杭州电子科技大学","members":""},{"externalid":"T089","group_ids":["正式队伍"],"affiliation":"杭州电子科技大学","id":"T089","icpc_id":"T089","name":"五点共圆","organization_id":"杭州电子科技大学","members":""},{"externalid":"T090","group_ids":["正式队伍"],"affiliation":"杭州师范大学","id":"T090","icpc_id":"T090","name":"杭师观光团","organization_id":"杭州师范大学","members":""},{"externalid":"T091","group_ids":["正式队伍"],"affiliation":"合肥学院","id":"T091","icpc_id":"T091","name":"练字小分队","organization_id":"合肥学院","members":""},{"externalid":"T092","group_ids":["正式队伍"],"affiliation":"河北师范大学","id":"T092","icpc_id":"T092","name":"退役前给我们摸摸奖牌","organization_id":"河北师范大学","members":""},{"externalid":"T093","group_ids":["正式队伍"],"affiliation":"河海大学","id":"T093","icpc_id":"T093","name":"几丁质","organization_id":"河海大学","members":""},{"externalid":"T094","group_ids":["正式队伍"],"affiliation":"河海大学","id":"T094","icpc_id":"T094","name":"我也不知道该取什么名字","organization_id":"河海大学","members":""},{"externalid":"T095","group_ids":["正式队伍"],"affiliation":"河南大学","id":"T095","icpc_id":"T095","name":"主办方我要吃辣条","organization_id":"河南大学","members":""},{"externalid":"T096","group_ids":["正式队伍"],"affiliation":"河南理工大学","id":"T096","icpc_id":"T096","name":"AWSL","organization_id":"河南理工大学","members":""},{"externalid":"T097","group_ids":["正式队伍"],"affiliation":"河南理工大学","id":"T097","icpc_id":"T097","name":"哥咱家AC了","organization_id":"河南理工大学","members":""},{"externalid":"T098","group_ids":["打星"],"affiliation":"河南理工大学","id":"T098","icpc_id":"T098","name":"芜湖电台请求起飞","organization_id":"河南理工大学","members":""},{"externalid":"T099","group_ids":["正式队伍"],"affiliation":"河南农业大学","id":"T099","icpc_id":"T099","name":"叮叮叮","organization_id":"河南农业大学","members":""},{"externalid":"T100","group_ids":["正式队伍"],"affiliation":"河南农业大学","id":"T100","icpc_id":"T100","name":"黄色闪光","organization_id":"河南农业大学","members":""},{"externalid":"T101","group_ids":["正式队伍"],"affiliation":"河南农业大学","id":"T101","icpc_id":"T101","name":"选对赛区少打两年","organization_id":"河南农业大学","members":""},{"externalid":"T102","group_ids":["正式队伍"],"affiliation":"黑龙江大学","id":"T102","icpc_id":"T102","name":"从WA开始的打铁生涯","organization_id":"黑龙江大学","members":""},{"externalid":"T103","group_ids":["打星"],"affiliation":"湖北第二师范学院","id":"T103","icpc_id":"T103","name":"Ycdahell","organization_id":"湖北第二师范学院","members":""},{"externalid":"T104","group_ids":["打星"],"affiliation":"湖北第二师范学院","id":"T104","icpc_id":"T104","name":"我又觉得我们行了","organization_id":"湖北第二师范学院","members":""},{"externalid":"T105","group_ids":["正式队伍"],"affiliation":"湖北工业大学","id":"T105","icpc_id":"T105","name":"浣熊市阿尔法小队","organization_id":"湖北工业大学","members":""},{"externalid":"T106","group_ids":["正式队伍"],"affiliation":"湖北中医药大学","id":"T106","icpc_id":"T106","name":"人均身高180","organization_id":"湖北中医药大学","members":""},{"externalid":"T107","group_ids":["正式队伍"],"affiliation":"湖南大学","id":"T107","icpc_id":"T107","name":"随便搞搞","organization_id":"湖南大学","members":""},{"externalid":"T108","group_ids":["正式队伍"],"affiliation":"湖南工业大学","id":"T108","icpc_id":"T108","name":"酸味橘子","organization_id":"湖南工业大学","members":""},{"externalid":"T109","group_ids":["正式队伍"],"affiliation":"湖南科技大学","id":"T109","icpc_id":"T109","name":"AChappy","organization_id":"湖南科技大学","members":""},{"externalid":"T110","group_ids":["正式队伍"],"affiliation":"湖南理工学院","id":"T110","icpc_id":"T110","name":"三个打铁匠","organization_id":"湖南理工学院","members":""},{"externalid":"T111","group_ids":["正式队伍"],"affiliation":"湖南人文科技学院","id":"T111","icpc_id":"T111","name":"哥，咱们家有钱啦","organization_id":"湖南人文科技学院","members":""},{"externalid":"T112","group_ids":["正式队伍"],"affiliation":"湖州师范学院","id":"T112","icpc_id":"T112","name":"数论是我大哥","organization_id":"湖州师范学院","members":""},{"externalid":"T113","group_ids":["正式队伍"],"affiliation":"湖州师范学院","id":"T113","icpc_id":"T113","name":"想队名","organization_id":"湖州师范学院","members":""},{"externalid":"T114","group_ids":["打星"],"affiliation":"华北理工大学","id":"T114","icpc_id":"T114","name":"曹妃甸里养小鸭","organization_id":"华北理工大学","members":""},{"externalid":"T115","group_ids":["打星"],"affiliation":"华东交通大学","id":"T115","icpc_id":"T115","name":"就这个我喜欢这个","organization_id":"华东交通大学","members":""},{"externalid":"T116","group_ids":["正式队伍"],"affiliation":"华东理工大学","id":"T116","icpc_id":"T116","name":"真有意思","organization_id":"华东理工大学","members":""},{"externalid":"T117","group_ids":["正式队伍"],"affiliation":"华东师范大学","id":"T117","icpc_id":"T117","name":"阿萨打发撒","organization_id":"华东师范大学","members":""},{"externalid":"T118","group_ids":["打星"],"affiliation":"华东师范大学","id":"T118","icpc_id":"T118","name":"队友看我wa签到","organization_id":"华东师范大学","members":""},{"externalid":"T119","group_ids":["打星"],"affiliation":"华东师范大学","id":"T119","icpc_id":"T119","name":"二环己基碳二亚胺","organization_id":"华东师范大学","members":""},{"externalid":"T120","group_ids":["正式队伍"],"affiliation":"华东师范大学","id":"T120","icpc_id":"T120","name":"下划线","organization_id":"华东师范大学","members":""},{"externalid":"T121","group_ids":["打星"],"affiliation":"华东师范大学","id":"T121","icpc_id":"T121","name":"玉米炒葡萄","organization_id":"华东师范大学","members":""},{"externalid":"T122","group_ids":["正式队伍"],"affiliation":"华南理工大学","id":"T122","icpc_id":"T122","name":"Soha","organization_id":"华南理工大学","members":""},{"externalid":"T123","group_ids":["正式队伍"],"affiliation":"华南理工大学","id":"T123","icpc_id":"T123","name":"华工的小铁匠","organization_id":"华南理工大学","members":""},{"externalid":"T124","group_ids":["正式队伍"],"affiliation":"华南理工大学","id":"T124","icpc_id":"T124","name":"换个队名转运","organization_id":"华南理工大学","members":""},{"externalid":"T125","group_ids":["正式队伍"],"affiliation":"华南农业大学","id":"T125","icpc_id":"T125","name":"Plane_Plus","organization_id":"华南农业大学","members":""},{"externalid":"T126","group_ids":["正式队伍"],"affiliation":"华南师范大学","id":"T126","icpc_id":"T126","name":"AFOer","organization_id":"华南师范大学","members":""},{"externalid":"T127","group_ids":["正式队伍"],"affiliation":"华南师范大学","id":"T127","icpc_id":"T127","name":"紫荆路听蛙呱","organization_id":"华南师范大学","members":""},{"externalid":"T128","group_ids":["打星"],"affiliation":"华中科技大学","id":"T128","icpc_id":"T128","name":"绵阳扬了","organization_id":"华中科技大学","members":""},{"externalid":"T129","group_ids":["正式队伍"],"affiliation":"华中农业大学","id":"T129","icpc_id":"T129","name":"你在赣神魔","organization_id":"华中农业大学","members":""},{"externalid":"T130","group_ids":["正式队伍"],"affiliation":"华中师范大学","id":"T130","icpc_id":"T130","name":"不能旅游的旅游队","organization_id":"华中师范大学","members":""},{"externalid":"T131","group_ids":["正式队伍"],"affiliation":"吉林大学","id":"T131","icpc_id":"T131","name":"累计铳满","organization_id":"吉林大学","members":""},{"externalid":"T132","group_ids":["正式队伍"],"affiliation":"吉首大学","id":"T132","icpc_id":"T132","name":"男朋友说的都队","organization_id":"吉首大学","members":""},{"externalid":"T133","group_ids":["正式队伍"],"affiliation":"暨南大学","id":"T133","icpc_id":"T133","name":"能喝八吨奶茶","organization_id":"暨南大学","members":""},{"externalid":"T134","group_ids":["正式队伍"],"affiliation":"嘉应学院","id":"T134","icpc_id":"T134","name":"凤梨麻麻带两崽","organization_id":"嘉应学院","members":""},{"externalid":"T135","group_ids":["正式队伍"],"affiliation":"江南大学","id":"T135","icpc_id":"T135","name":"你是学生吧","organization_id":"江南大学","members":""},{"externalid":"T136","group_ids":["正式队伍"],"affiliation":"江南大学","id":"T136","icpc_id":"T136","name":"一个顶仨","organization_id":"江南大学","members":""},{"externalid":"T137","group_ids":["正式队伍"],"affiliation":"江苏科技大学","id":"T137","icpc_id":"T137","name":"妙wa种子","organization_id":"江苏科技大学","members":""},{"externalid":"T138","group_ids":["正式队伍"],"affiliation":"江苏科技大学","id":"T138","icpc_id":"T138","name":"拿金就女装","organization_id":"江苏科技大学","members":""},{"externalid":"T140","group_ids":["正式队伍"],"affiliation":"江西财经大学","id":"T140","icpc_id":"T140","name":"你一生的故事","organization_id":"江西财经大学","members":""},{"externalid":"T141","group_ids":["正式队伍"],"affiliation":"乐山师范学院","id":"T141","icpc_id":"T141","name":"比赛看运气","organization_id":"乐山师范学院","members":""},{"externalid":"T142","group_ids":["打星"],"affiliation":"乐山师范学院","id":"T142","icpc_id":"T142","name":"我们萌新哪懂这些","organization_id":"乐山师范学院","members":""},{"externalid":"T143","group_ids":["打星"],"affiliation":"辽宁大学","id":"T143","icpc_id":"T143","name":"那可以浪起来","organization_id":"辽宁大学","members":""},{"externalid":"T144","group_ids":["打星"],"affiliation":"闽南师范大学","id":"T144","icpc_id":"T144","name":"MNNU_19","organization_id":"闽南师范大学","members":""},{"externalid":"T145","group_ids":["打星"],"affiliation":"闽南师范大学","id":"T145","icpc_id":"T145","name":"听风","organization_id":"闽南师范大学","members":""},{"externalid":"T146","group_ids":["正式队伍"],"affiliation":"南昌大学","id":"T146","icpc_id":"T146","name":"#undefine","organization_id":"南昌大学","members":""},{"externalid":"T147","group_ids":["正式队伍"],"affiliation":"南昌大学","id":"T147","icpc_id":"T147","name":"supernova","organization_id":"南昌大学","members":""},{"externalid":"T148","group_ids":["正式队伍"],"affiliation":"南昌航空大学","id":"T148","icpc_id":"T148","name":"展望未来","organization_id":"南昌航空大学","members":""},{"externalid":"T149","group_ids":["正式队伍"],"affiliation":"南昌理工学院","id":"T149","icpc_id":"T149","name":"上帝的宠儿","organization_id":"南昌理工学院","members":""},{"externalid":"T150","group_ids":["正式队伍"],"affiliation":"南昌理工学院","id":"T150","icpc_id":"T150","name":"最终一战","organization_id":"南昌理工学院","members":""},{"externalid":"T151","group_ids":["正式队伍"],"affiliation":"南方科技大学","id":"T151","icpc_id":"T151","name":"卢加诺","organization_id":"南方科技大学","members":""},{"externalid":"T152","group_ids":["正式队伍"],"affiliation":"南方科技大学","id":"T152","icpc_id":"T152","name":"温特图尔","organization_id":"南方科技大学","members":""},{"externalid":"T153","group_ids":["正式队伍"],"affiliation":"南华大学","id":"T153","icpc_id":"T153","name":"快乐向前冲","organization_id":"南华大学","members":""},{"externalid":"T154","group_ids":["打星"],"affiliation":"南京大学","id":"T154","icpc_id":"T154","name":"AquaNeko","organization_id":"南京大学","members":""},{"externalid":"T155","group_ids":["打星"],"affiliation":"南京大学","id":"T155","icpc_id":"T155","name":"Icdereap","organization_id":"南京大学","members":""},{"externalid":"T156","group_ids":["正式队伍"],"affiliation":"南京大学","id":"T156","icpc_id":"T156","name":"别卷了别卷了","organization_id":"南京大学","members":""},{"externalid":"T157","group_ids":["打星"],"affiliation":"南京大学","id":"T157","icpc_id":"T157","name":"冰冰三元一个十元三个","organization_id":"南京大学","members":""},{"externalid":"T158","group_ids":["打星"],"affiliation":"南京大学","id":"T158","icpc_id":"T158","name":"戳戳让戳戳别戳戳戳","organization_id":"南京大学","members":""},{"externalid":"T159","group_ids":["打星"],"affiliation":"南京大学","id":"T159","icpc_id":"T159","name":"吊打yyb","organization_id":"南京大学","members":""},{"externalid":"T160","group_ids":["打星"],"affiliation":"南京大学","id":"T160","icpc_id":"T160","name":"伽马猪","organization_id":"南京大学","members":""},{"externalid":"T161","group_ids":["正式队伍"],"affiliation":"南京大学","id":"T161","icpc_id":"T161","name":"鸽屋咕","organization_id":"南京大学","members":""},{"externalid":"T162","group_ids":["正式队伍"],"affiliation":"南京大学","id":"T162","icpc_id":"T162","name":"还没想好叫什么","organization_id":"南京大学","members":""},{"externalid":"T163","group_ids":["打星"],"affiliation":"南京大学","id":"T163","icpc_id":"T163","name":"杰尼龟红烧针不戳","organization_id":"南京大学","members":""},{"externalid":"T164","group_ids":["正式队伍"],"affiliation":"南京大学","id":"T164","icpc_id":"T164","name":"卷翻天","organization_id":"南京大学","members":""},{"externalid":"T165","group_ids":["打星"],"affiliation":"南京大学","id":"T165","icpc_id":"T165","name":"看看队名到底能起多长","organization_id":"南京大学","members":""},{"externalid":"T166","group_ids":["打星"],"affiliation":"南京大学","id":"T166","icpc_id":"T166","name":"烂飞机","organization_id":"南京大学","members":""},{"externalid":"T167","group_ids":["女队"],"affiliation":"南京大学","id":"T167","icpc_id":"T167","name":"名字短一点的筛凝艾慕","organization_id":"南京大学","members":""},{"externalid":"T168","group_ids":["打星"],"affiliation":"南京大学","id":"T168","icpc_id":"T168","name":"想吃派蒙的旅行者","organization_id":"南京大学","members":""},{"externalid":"T169","group_ids":["正式队伍"],"affiliation":"南京航空航天大学","id":"T169","icpc_id":"T169","name":"我全都要","organization_id":"南京航空航天大学","members":""},{"externalid":"T170","group_ids":["正式队伍"],"affiliation":"南京理工大学","id":"T170","icpc_id":"T170","name":"草莓广冻","organization_id":"南京理工大学","members":""},{"externalid":"T171","group_ids":["正式队伍"],"affiliation":"南京理工大学","id":"T171","icpc_id":"T171","name":"带带小学弟","organization_id":"南京理工大学","members":""},{"externalid":"T172","group_ids":["正式队伍"],"affiliation":"南京理工大学","id":"T172","icpc_id":"T172","name":"跃迁引擎","organization_id":"南京理工大学","members":""},{"externalid":"T173","group_ids":["正式队伍"],"affiliation":"南京晓庄学院","id":"T173","icpc_id":"T173","name":"凉队早点睡","organization_id":"南京晓庄学院","members":""},{"externalid":"T174","group_ids":["正式队伍"],"affiliation":"南京信息工程大学","id":"T174","icpc_id":"T174","name":"放码过来","organization_id":"南京信息工程大学","members":""},{"externalid":"T175","group_ids":["正式队伍"],"affiliation":"南京信息工程大学","id":"T175","icpc_id":"T175","name":"来生要不要做咸鱼女啊","organization_id":"南京信息工程大学","members":""},{"externalid":"T176","group_ids":["正式队伍"],"affiliation":"南京邮电大学","id":"T176","icpc_id":"T176","name":"大猪小猪落玉盘","organization_id":"南京邮电大学","members":""},{"externalid":"T177","group_ids":["正式队伍"],"affiliation":"南京邮电大学","id":"T177","icpc_id":"T177","name":"南邮黄焖鸡","organization_id":"南京邮电大学","members":""},{"externalid":"T178","group_ids":["正式队伍"],"affiliation":"南阳理工学院","id":"T178","icpc_id":"T178","name":"奇怪的队名","organization_id":"南阳理工学院","members":""},{"externalid":"T179","group_ids":["正式队伍"],"affiliation":"南阳理工学院","id":"T179","icpc_id":"T179","name":"为了新中国冲呀","organization_id":"南阳理工学院","members":""},{"externalid":"T180","group_ids":["正式队伍"],"affiliation":"南阳师范学院","id":"T180","icpc_id":"T180","name":"极夜之光","organization_id":"南阳师范学院","members":""},{"externalid":"T181","group_ids":["正式队伍"],"affiliation":"内蒙古师范大学","id":"T181","icpc_id":"T181","name":"舒克贝塔和AC","organization_id":"内蒙古师范大学","members":""},{"externalid":"T182","group_ids":["正式队伍"],"affiliation":"宁波大学","id":"T182","icpc_id":"T182","name":"YZNB","organization_id":"宁波大学","members":""},{"externalid":"T183","group_ids":["正式队伍"],"affiliation":"宁波大学","id":"T183","icpc_id":"T183","name":"这不是人均算法吗","organization_id":"宁波大学","members":""},{"externalid":"T184","group_ids":["正式队伍"],"affiliation":"齐鲁工业大学","id":"T184","icpc_id":"T184","name":"本地过了就是过了","organization_id":"齐鲁工业大学","members":""},{"externalid":"T185","group_ids":["正式队伍"],"affiliation":"青岛大学","id":"T185","icpc_id":"T185","name":"脆皮儿核桃","organization_id":"青岛大学","members":""},{"externalid":"T186","group_ids":["正式队伍"],"affiliation":"青岛大学","id":"T186","icpc_id":"T186","name":"签完到就去吃海底捞","organization_id":"青岛大学","members":""},{"externalid":"T187","group_ids":["正式队伍"],"affiliation":"青岛工学院","id":"T187","icpc_id":"T187","name":"IG","organization_id":"青岛工学院","members":""},{"externalid":"T188","group_ids":["正式队伍"],"affiliation":"青岛理工大学","id":"T188","icpc_id":"T188","name":"她与WA皆是遗憾","organization_id":"青岛理工大学","members":""},{"externalid":"T189","group_ids":["正式队伍"],"affiliation":"清华大学","id":"T189","icpc_id":"T189","name":"人下人下人下人","organization_id":"清华大学","members":""},{"externalid":"T190","group_ids":["正式队伍"],"affiliation":"清华大学","id":"T190","icpc_id":"T190","name":"赛博朋克2277","organization_id":"清华大学","members":""},{"externalid":"T191","group_ids":["正式队伍"],"affiliation":"清华大学","id":"T191","icpc_id":"T191","name":"三个顶俩","organization_id":"清华大学","members":""},{"externalid":"T192","group_ids":["正式队伍"],"affiliation":"清华大学","id":"T192","icpc_id":"T192","name":"小万邦","organization_id":"清华大学","members":""},{"externalid":"T193","group_ids":["打星"],"affiliation":"厦门大学","id":"T193","icpc_id":"T193","name":"泰深","organization_id":"厦门大学","members":""},{"externalid":"T194","group_ids":["正式队伍"],"affiliation":"厦门大学","id":"T194","icpc_id":"T194","name":"有一说三","organization_id":"厦门大学","members":""},{"externalid":"T195","group_ids":["正式队伍"],"affiliation":"厦门大学","id":"T195","icpc_id":"T195","name":"雨过天晴二重虹","organization_id":"厦门大学","members":""},{"externalid":"T196","group_ids":["正式队伍"],"affiliation":"山东大学","id":"T196","icpc_id":"T196","name":"GGjidi","organization_id":"山东大学","members":""},{"externalid":"T197","group_ids":["正式队伍"],"affiliation":"山东大学","id":"T197","icpc_id":"T197","name":"大白兔奶糖","organization_id":"山东大学","members":""},{"externalid":"T198","group_ids":["打星"],"affiliation":"山东大学","id":"T198","icpc_id":"T198","name":"三只菜鸟","organization_id":"山东大学","members":""},{"externalid":"T199","group_ids":["打星"],"affiliation":"山东大学（威海）","id":"T199","icpc_id":"T199","name":"快乐自动机","organization_id":"山东大学（威海）","members":""},{"externalid":"T200","group_ids":["正式队伍"],"affiliation":"山东大学（威海）","id":"T200","icpc_id":"T200","name":"蓝到紫","organization_id":"山东大学（威海）","members":""},{"externalid":"T201","group_ids":["打星"],"affiliation":"山东大学（威海）","id":"T201","icpc_id":"T201","name":"石室诗士施氏誓食十狮","organization_id":"山东大学（威海）","members":""},{"externalid":"T202","group_ids":["打星"],"affiliation":"山东大学（威海）","id":"T202","icpc_id":"T202","name":"徐巨女装哪有这么可爱","organization_id":"山东大学（威海）","members":""},{"externalid":"T203","group_ids":["正式队伍"],"affiliation":"山东理工大学","id":"T203","icpc_id":"T203","name":"lzz上分之旅","organization_id":"山东理工大学","members":""},{"externalid":"T204","group_ids":["打星"],"affiliation":"山东理工大学","id":"T204","icpc_id":"T204","name":"华灯初上","organization_id":"山东理工大学","members":""},{"externalid":"T205","group_ids":["正式队伍"],"affiliation":"山东师范大学","id":"T205","icpc_id":"T205","name":"BreakFast","organization_id":"山东师范大学","members":""},{"externalid":"T206","group_ids":["正式队伍"],"affiliation":"上海大学","id":"T206","icpc_id":"T206","name":"北冥飞鱼","organization_id":"上海大学","members":""},{"externalid":"T207","group_ids":["正式队伍"],"affiliation":"上海大学","id":"T207","icpc_id":"T207","name":"泛函分析心犯寒","organization_id":"上海大学","members":""},{"externalid":"T208","group_ids":["正式队伍"],"affiliation":"上海大学","id":"T208","icpc_id":"T208","name":"起个名字真难","organization_id":"上海大学","members":""},{"externalid":"T209","group_ids":["正式队伍"],"affiliation":"上海电机学院","id":"T209","icpc_id":"T209","name":"我们想拿奖","organization_id":"上海电机学院","members":""},{"externalid":"T210","group_ids":["正式队伍"],"affiliation":"上海交通大学","id":"T210","icpc_id":"T210","name":"欧文艾迪","organization_id":"上海交通大学","members":""},{"externalid":"T211","group_ids":["正式队伍"],"affiliation":"上海交通大学","id":"T211","icpc_id":"T211","name":"正道的光","organization_id":"上海交通大学","members":""},{"externalid":"T212","group_ids":["正式队伍"],"affiliation":"上海科技大学","id":"T212","icpc_id":"T212","name":"好很有精神","organization_id":"上海科技大学","members":""},{"externalid":"T213","group_ids":["正式队伍"],"affiliation":"上海理工大学","id":"T213","icpc_id":"T213","name":"这队名好难取","organization_id":"上海理工大学","members":""},{"externalid":"T214","group_ids":["正式队伍"],"affiliation":"绍兴文理学院","id":"T214","icpc_id":"T214","name":"我想睡午觉","organization_id":"绍兴文理学院","members":""},{"externalid":"T215","group_ids":["正式队伍"],"affiliation":"绍兴文理学院元培学院","id":"T215","icpc_id":"T215","name":"抬头是云","organization_id":"绍兴文理学院元培学院","members":""},{"externalid":"T216","group_ids":["正式队伍"],"affiliation":"深圳大学","id":"T216","icpc_id":"T216","name":"0ng","organization_id":"深圳大学","members":""},{"externalid":"T217","group_ids":["打星"],"affiliation":"深圳大学","id":"T217","icpc_id":"T217","name":"签到，摸鱼","organization_id":"深圳大学","members":""},{"externalid":"T218","group_ids":["正式队伍"],"affiliation":"深圳大学","id":"T218","icpc_id":"T218","name":"吾晓之以理","organization_id":"深圳大学","members":""},{"externalid":"T219","group_ids":["正式队伍"],"affiliation":"四川大学","id":"T219","icpc_id":"T219","name":"队长最爱女装","organization_id":"四川大学","members":""},{"externalid":"T220","group_ids":["正式队伍"],"affiliation":"四川大学","id":"T220","icpc_id":"T220","name":"究极土块","organization_id":"四川大学","members":""},{"externalid":"T221","group_ids":["正式队伍"],"affiliation":"四川农业大学","id":"T221","icpc_id":"T221","name":"懂的都懂","organization_id":"四川农业大学","members":""},{"externalid":"T222","group_ids":["正式队伍"],"affiliation":"苏州大学","id":"T222","icpc_id":"T222","name":"不取队名好嘛","organization_id":"苏州大学","members":""},{"externalid":"T223","group_ids":["正式队伍"],"affiliation":"苏州大学","id":"T223","icpc_id":"T223","name":"想喝芋圆桂花乌龙奶茶","organization_id":"苏州大学","members":""},{"externalid":"T224","group_ids":["正式队伍"],"affiliation":"台州学院","id":"T224","icpc_id":"T224","name":"没有异议","organization_id":"台州学院","members":""},{"externalid":"T225","group_ids":["正式队伍"],"affiliation":"太原理工大学","id":"T225","icpc_id":"T225","name":"鸣谦","organization_id":"太原理工大学","members":""},{"externalid":"T226","group_ids":["正式队伍"],"affiliation":"天津大学","id":"T226","icpc_id":"T226","name":"_Tourist","organization_id":"天津大学","members":""},{"externalid":"T227","group_ids":["正式队伍"],"affiliation":"天津大学","id":"T227","icpc_id":"T227","name":"qazxswedc0001","organization_id":"天津大学","members":""},{"externalid":"T228","group_ids":["正式队伍"],"affiliation":"同济大学","id":"T228","icpc_id":"T228","name":"电脑一带三","organization_id":"同济大学","members":""},{"externalid":"T229","group_ids":["正式队伍"],"affiliation":"同济大学","id":"T229","icpc_id":"T229","name":"机械化就输不了","organization_id":"同济大学","members":""},{"externalid":"T230","group_ids":["正式队伍"],"affiliation":"温州大学","id":"T230","icpc_id":"T230","name":"温大二队","organization_id":"温州大学","members":""},{"externalid":"T231","group_ids":["正式队伍"],"affiliation":"武汉大学","id":"T231","icpc_id":"T231","name":"啊啊啊啊唉","organization_id":"武汉大学","members":""},{"externalid":"T232","group_ids":["正式队伍"],"affiliation":"武汉大学","id":"T232","icpc_id":"T232","name":"啊这","organization_id":"武汉大学","members":""},{"externalid":"T233","group_ids":["正式队伍"],"affiliation":"武汉纺织大学","id":"T233","icpc_id":"T233","name":"可持续化TLE","organization_id":"武汉纺织大学","members":""},{"externalid":"T234","group_ids":["正式队伍"],"affiliation":"武汉科技大学","id":"T234","icpc_id":"T234","name":"憨包王","organization_id":"武汉科技大学","members":""},{"externalid":"T235","group_ids":["打星"],"affiliation":"武汉科技大学","id":"T235","icpc_id":"T235","name":"咩吖","organization_id":"武汉科技大学","members":""},{"externalid":"T236","group_ids":["正式队伍"],"affiliation":"武汉理工大学","id":"T236","icpc_id":"T236","name":"TLEnoTLE","organization_id":"武汉理工大学","members":""},{"externalid":"T237","group_ids":["正式队伍"],"affiliation":"武汉理工大学","id":"T237","icpc_id":"T237","name":"一蛙二兔三马零獒","organization_id":"武汉理工大学","members":""},{"externalid":"T238","group_ids":["打星"],"affiliation":"西安电子科技大学","id":"T238","icpc_id":"T238","name":"fans of wang9897","organization_id":"西安电子科技大学","members":""},{"externalid":"T239","group_ids":["正式队伍"],"affiliation":"西安电子科技大学","id":"T239","icpc_id":"T239","name":"灵稽一动","organization_id":"西安电子科技大学","members":""},{"externalid":"T240","group_ids":["正式队伍"],"affiliation":"西安电子科技大学","id":"T240","icpc_id":"T240","name":"鑫森众焱垚","organization_id":"西安电子科技大学","members":""},{"externalid":"T241","group_ids":["打星"],"affiliation":"西安理工大学","id":"T241","icpc_id":"T241","name":"XXUUTT","organization_id":"西安理工大学","members":""},{"externalid":"T242","group_ids":["正式队伍"],"affiliation":"西安理工大学","id":"T242","icpc_id":"T242","name":"拿牌就给队友表白","organization_id":"西安理工大学","members":""},{"externalid":"T243","group_ids":["打星"],"affiliation":"西安理工大学","id":"T243","icpc_id":"T243","name":"求求你们别a了","organization_id":"西安理工大学","members":""},{"externalid":"T244","group_ids":["正式队伍"],"affiliation":"西北大学","id":"T244","icpc_id":"T244","name":"半导银盒","organization_id":"西北大学","members":""},{"externalid":"T245","group_ids":["正式队伍"],"affiliation":"西北大学","id":"T245","icpc_id":"T245","name":"先把夸父水娃踢出去","organization_id":"西北大学","members":""},{"externalid":"T246","group_ids":["正式队伍"],"affiliation":"西北工业大学","id":"T246","icpc_id":"T246","name":"黑色切题者","organization_id":"西北工业大学","members":""},{"externalid":"T247","group_ids":["正式队伍"],"affiliation":"西北工业大学","id":"T247","icpc_id":"T247","name":"启发式误导","organization_id":"西北工业大学","members":""},{"externalid":"T248","group_ids":["正式队伍"],"affiliation":"西北工业大学","id":"T248","icpc_id":"T248","name":"潜伏小队","organization_id":"西北工业大学","members":""},{"externalid":"T249","group_ids":["正式队伍"],"affiliation":"西北农林科技大学","id":"T249","icpc_id":"T249","name":"风华正茂的妹妹们","organization_id":"西北农林科技大学","members":""},{"externalid":"T250","group_ids":["正式队伍"],"affiliation":"西藏民族大学","id":"T250","icpc_id":"T250","name":"秦汉1","organization_id":"西藏民族大学","members":""},{"externalid":"T251","group_ids":["打星"],"affiliation":"西藏民族大学","id":"T251","icpc_id":"T251","name":"秦汉2","organization_id":"西藏民族大学","members":""},{"externalid":"T252","group_ids":["正式队伍"],"affiliation":"西南财经大学","id":"T252","icpc_id":"T252","name":"有希望","organization_id":"西南财经大学","members":""},{"externalid":"T254","group_ids":["正式队伍"],"affiliation":"西南大学","id":"T254","icpc_id":"T254","name":"SWU_new","organization_id":"西南大学","members":""},{"externalid":"T255","group_ids":["正式队伍"],"affiliation":"西南交通大学","id":"T255","icpc_id":"T255","name":"ydd","organization_id":"西南交通大学","members":""},{"externalid":"T256","group_ids":["正式队伍"],"affiliation":"西南交通大学","id":"T256","icpc_id":"T256","name":"读写锁写线程饥饿","organization_id":"西南交通大学","members":""},{"externalid":"T257","group_ids":["正式队伍"],"affiliation":"西南民族大学","id":"T257","icpc_id":"T257","name":"队长你能教我写道DP吗","organization_id":"西南民族大学","members":""},{"externalid":"T258","group_ids":["正式队伍"],"affiliation":"西南民族大学","id":"T258","icpc_id":"T258","name":"队长我能去你寝室敲代码吗","organization_id":"西南民族大学","members":""},{"externalid":"T259","group_ids":["正式队伍"],"affiliation":"西南民族大学","id":"T259","icpc_id":"T259","name":"咖喱鱼蛋","organization_id":"西南民族大学","members":""},{"externalid":"T260","group_ids":["正式队伍"],"affiliation":"西南石油大学","id":"T260","icpc_id":"T260","name":"起飞~","organization_id":"西南石油大学","members":""},{"externalid":"T261","group_ids":["正式队伍"],"affiliation":"新疆大学","id":"T261","icpc_id":"T261","name":"little busters","organization_id":"新疆大学","members":""},{"externalid":"T262","group_ids":["正式队伍"],"affiliation":"新疆大学","id":"T262","icpc_id":"T262","name":"第七班","organization_id":"新疆大学","members":""},{"externalid":"T263","group_ids":["正式队伍"],"affiliation":"燕山大学","id":"T263","icpc_id":"T263","name":"来自东方的神秘力量","organization_id":"燕山大学","members":""},{"externalid":"T264","group_ids":["打星"],"affiliation":"战略支援部队信息工程大学","id":"T264","icpc_id":"T264","name":"打铁三人组","organization_id":"战略支援部队信息工程大学","members":""},{"externalid":"T265","group_ids":["正式队伍"],"affiliation":"长安大学","id":"T265","icpc_id":"T265","name":"打完比赛去吃黄焖鸡","organization_id":"长安大学","members":""},{"externalid":"T266","group_ids":["正式队伍"],"affiliation":"长春工业大学","id":"T266","icpc_id":"T266","name":"有神出没","organization_id":"长春工业大学","members":""},{"externalid":"T267","group_ids":["正式队伍"],"affiliation":"长春理工大学","id":"T267","icpc_id":"T267","name":"1是素数","organization_id":"长春理工大学","members":""},{"externalid":"T268","group_ids":["正式队伍"],"affiliation":"长春理工大学","id":"T268","icpc_id":"T268","name":"金猫非猫","organization_id":"长春理工大学","members":""},{"externalid":"T269","group_ids":["打星"],"affiliation":"长春理工大学","id":"T269","icpc_id":"T269","name":"听取蛙声一片","organization_id":"长春理工大学","members":""},{"externalid":"T270","group_ids":["正式队伍"],"affiliation":"长春理工大学","id":"T270","icpc_id":"T270","name":"我才是长理九队","organization_id":"长春理工大学","members":""},{"externalid":"T271","group_ids":["正式队伍"],"affiliation":"长春理工大学","id":"T271","icpc_id":"T271","name":"我真是长理9队","organization_id":"长春理工大学","members":""},{"externalid":"T272","group_ids":["打星"],"affiliation":"长春理工大学","id":"T272","icpc_id":"T272","name":"长理-1队","organization_id":"长春理工大学","members":""},{"externalid":"T273","group_ids":["正式队伍"],"affiliation":"长沙理工大学","id":"T273","icpc_id":"T273","name":"你保底五星必出武器","organization_id":"长沙理工大学","members":""},{"externalid":"T274","group_ids":["正式队伍"],"affiliation":"长沙学院","id":"T274","icpc_id":"T274","name":"T罗奥特曼","organization_id":"长沙学院","members":""},{"externalid":"T275","group_ids":["打星"],"affiliation":"长沙学院","id":"T275","icpc_id":"T275","name":"迪迦长大分迦","organization_id":"长沙学院","members":""},{"externalid":"T276","group_ids":["正式队伍"],"affiliation":"肇庆学院","id":"T276","icpc_id":"T276","name":"北岭山二队","organization_id":"肇庆学院","members":""},{"externalid":"T277","group_ids":["打星"],"affiliation":"肇庆学院","id":"T277","icpc_id":"T277","name":"北岭山一队","organization_id":"肇庆学院","members":""},{"externalid":"T278","group_ids":["正式队伍"],"affiliation":"浙大城市学院","id":"T278","icpc_id":"T278","name":"100iq+100iq+100iq","organization_id":"浙大城市学院","members":""},{"externalid":"T279","group_ids":["打星"],"affiliation":"浙大城市学院","id":"T279","icpc_id":"T279","name":"让我来朵蜜你","organization_id":"浙大城市学院","members":""},{"externalid":"T280","group_ids":["正式队伍"],"affiliation":"浙大宁波理工学院","id":"T280","icpc_id":"T280","name":"灯火辛勤","organization_id":"浙大宁波理工学院","members":""},{"externalid":"T281","group_ids":["正式队伍"],"affiliation":"浙大宁波理工学院","id":"T281","icpc_id":"T281","name":"均衡存乎万物之间","organization_id":"浙大宁波理工学院","members":""},{"externalid":"T282","group_ids":["正式队伍"],"affiliation":"浙大宁波理工学院","id":"T282","icpc_id":"T282","name":"我很高贵wa没机会","organization_id":"浙大宁波理工学院","members":""},{"externalid":"T283","group_ids":["正式队伍"],"affiliation":"浙江财经大学","id":"T283","icpc_id":"T283","name":"虹光","organization_id":"浙江财经大学","members":""},{"externalid":"T284","group_ids":["正式队伍"],"affiliation":"浙江财经大学","id":"T284","icpc_id":"T284","name":"渣男天团","organization_id":"浙江财经大学","members":""},{"externalid":"T285","group_ids":["正式队伍"],"affiliation":"浙江大学","id":"T285","icpc_id":"T285","name":"Phantom Ensemble","organization_id":"浙江大学","members":""},{"externalid":"T286","group_ids":["正式队伍"],"affiliation":"浙江大学","id":"T286","icpc_id":"T286","name":"Refrain","organization_id":"浙江大学","members":""},{"externalid":"T287","group_ids":["正式队伍"],"affiliation":"浙江大学","id":"T287","icpc_id":"T287","name":"大英帝星林加德","organization_id":"浙江大学","members":""},{"externalid":"T288","group_ids":["正式队伍"],"affiliation":"浙江工商大学","id":"T288","icpc_id":"T288","name":"哥斯拉面","organization_id":"浙江工商大学","members":""},{"externalid":"T289","group_ids":["正式队伍"],"affiliation":"浙江工商大学杭州商学院","id":"T289","icpc_id":"T289","name":"好想出去玩但又懒得动","organization_id":"浙江工商大学杭州商学院","members":""},{"externalid":"T290","group_ids":["打星"],"affiliation":"浙江工业大学","id":"T290","icpc_id":"T290","name":"ZJUT11","organization_id":"浙江工业大学","members":""},{"externalid":"T291","group_ids":["正式队伍"],"affiliation":"浙江工业大学","id":"T291","icpc_id":"T291","name":"ZJUT3 ","organization_id":"浙江工业大学","members":""},{"externalid":"T292","group_ids":["正式队伍"],"affiliation":"浙江工业大学","id":"T292","icpc_id":"T292","name":"ZJUT4","organization_id":"浙江工业大学","members":""},{"externalid":"T293","group_ids":["正式队伍"],"affiliation":"浙江工业大学","id":"T293","icpc_id":"T293","name":"耶梦加得","organization_id":"浙江工业大学","members":""},{"externalid":"T294","group_ids":["正式队伍"],"affiliation":"浙江工业大学之江学院","id":"T294","icpc_id":"T294","name":"别扒拉我","organization_id":"浙江工业大学之江学院","members":""},{"externalid":"T295","group_ids":["正式队伍"],"affiliation":"浙江机电职业技术学院","id":"T295","icpc_id":"T295","name":"机电8队","organization_id":"浙江机电职业技术学院","members":""},{"externalid":"T296","group_ids":["正式队伍"],"affiliation":"浙江理工大学","id":"T296","icpc_id":"T296","name":"你好骚啊","organization_id":"浙江理工大学","members":""},{"externalid":"T297","group_ids":["正式队伍"],"affiliation":"浙江农林大学","id":"T297","icpc_id":"T297","name":"AC不如跳舞","organization_id":"浙江农林大学","members":""},{"externalid":"T298","group_ids":["打星"],"affiliation":"浙江农林大学","id":"T298","icpc_id":"T298","name":"Kvara","organization_id":"浙江农林大学","members":""},{"externalid":"T299","group_ids":["正式队伍"],"affiliation":"浙江农林大学","id":"T299","icpc_id":"T299","name":"三只小老鼠","organization_id":"浙江农林大学","members":""},{"externalid":"T300","group_ids":["打星"],"affiliation":"浙江农林大学","id":"T300","icpc_id":"T300","name":"体验生活","organization_id":"浙江农林大学","members":""},{"externalid":"T301","group_ids":["正式队伍"],"affiliation":"浙江农林大学","id":"T301","icpc_id":"T301","name":"学习使我快乐","organization_id":"浙江农林大学","members":""},{"externalid":"T302","group_ids":["正式队伍"],"affiliation":"浙江师范大学","id":"T302","icpc_id":"T302","name":"防WA题研究院","organization_id":"浙江师范大学","members":""},{"externalid":"T303","group_ids":["正式队伍"],"affiliation":"浙江师范大学","id":"T303","icpc_id":"T303","name":"师傅把妖怪抓走了","organization_id":"浙江师范大学","members":""},{"externalid":"T304","group_ids":["正式队伍"],"affiliation":"浙江师范大学","id":"T304","icpc_id":"T304","name":"汤马丁","organization_id":"浙江师范大学","members":""},{"externalid":"T305","group_ids":["正式队伍"],"affiliation":"浙江万里学院","id":"T305","icpc_id":"T305","name":"迪士尼在逃程序媛","organization_id":"浙江万里学院","members":""},{"externalid":"T306","group_ids":["正式队伍"],"affiliation":"浙江育英职业技术学院","id":"T306","icpc_id":"T306","name":"育英五队","organization_id":"浙江育英职业技术学院","members":""},{"externalid":"T307","group_ids":["正式队伍"],"affiliation":"浙江中医药大学","id":"T307","icpc_id":"T307","name":"好！很有精神！","organization_id":"浙江中医药大学","members":""},{"externalid":"T308","group_ids":["打星"],"affiliation":"郑州大学","id":"T308","icpc_id":"T308","name":"ZZU_0x00","organization_id":"郑州大学","members":""},{"externalid":"T309","group_ids":["正式队伍"],"affiliation":"郑州大学","id":"T309","icpc_id":"T309","name":"ZZU_0x33","organization_id":"郑州大学","members":""},{"externalid":"T310","group_ids":["正式队伍"],"affiliation":"郑州大学","id":"T310","icpc_id":"T310","name":"ZZU_0x66","organization_id":"郑州大学","members":""},{"externalid":"T311","group_ids":["打星"],"affiliation":"郑州大学","id":"T311","icpc_id":"T311","name":"ZZU_0xAA","organization_id":"郑州大学","members":""},{"externalid":"T312","group_ids":["打星"],"affiliation":"郑州大学","id":"T312","icpc_id":"T312","name":"ZZU_0xBB","organization_id":"郑州大学","members":""},{"externalid":"T313","group_ids":["正式队伍"],"affiliation":"郑州轻工业大学","id":"T313","icpc_id":"T313","name":"明早启城","organization_id":"郑州轻工业大学","members":""},{"externalid":"T314","group_ids":["打星"],"affiliation":"郑州轻工业大学","id":"T314","icpc_id":"T314","name":"轻大幼儿园","organization_id":"郑州轻工业大学","members":""},{"externalid":"T315","group_ids":["打星"],"affiliation":"郑州轻工业大学","id":"T315","icpc_id":"T315","name":"心意相通","organization_id":"郑州轻工业大学","members":""},{"externalid":"T316","group_ids":["正式队伍"],"affiliation":"中北大学","id":"T316","icpc_id":"T316","name":"不做选择我们都要","organization_id":"中北大学","members":""},{"externalid":"T317","group_ids":["打星"],"affiliation":"中北大学","id":"T317","icpc_id":"T317","name":"仨人俩演","organization_id":"中北大学","members":""},{"externalid":"T318","group_ids":["正式队伍"],"affiliation":"中国传媒大学","id":"T318","icpc_id":"T318","name":"三缺一","organization_id":"中国传媒大学","members":""},{"externalid":"T319","group_ids":["正式队伍"],"affiliation":"中国地质大学（北京）","id":"T319","icpc_id":"T319","name":"三只小僧挑水喝","organization_id":"中国地质大学（北京）","members":""},{"externalid":"T320","group_ids":["正式队伍"],"affiliation":"中国地质大学（武汉）","id":"T320","icpc_id":"T320","name":"MasterSpark","organization_id":"中国地质大学（武汉）","members":""},{"externalid":"T321","group_ids":["打星"],"affiliation":"中国地质大学（武汉）","id":"T321","icpc_id":"T321","name":"NZYM","organization_id":"中国地质大学（武汉）","members":""},{"externalid":"T322","group_ids":["正式队伍"],"affiliation":"中国海洋大学","id":"T322","icpc_id":"T322","name":"不要一起撑死","organization_id":"中国海洋大学","members":""},{"externalid":"T323","group_ids":["正式队伍"],"affiliation":"中国计量大学","id":"T323","icpc_id":"T323","name":"线上旅游真好玩","organization_id":"中国计量大学","members":""},{"externalid":"T324","group_ids":["正式队伍"],"affiliation":"中国计量大学","id":"T324","icpc_id":"T324","name":"一趴一躺一吃瓜","organization_id":"中国计量大学","members":""},{"externalid":"T325","group_ids":["正式队伍"],"affiliation":"中国科学技术大学","id":"T325","icpc_id":"T325","name":"罚时要罚到无穷","organization_id":"中国科学技术大学","members":""},{"externalid":"T326","group_ids":["正式队伍"],"affiliation":"中国矿业大学","id":"T326","icpc_id":"T326","name":"按坦克进入f","organization_id":"中国矿业大学","members":""},{"externalid":"T327","group_ids":["正式队伍"],"affiliation":"中国矿业大学","id":"T327","icpc_id":"T327","name":"码农五月哭","organization_id":"中国矿业大学","members":""},{"externalid":"T328","group_ids":["正式队伍"],"affiliation":"中国民航大学","id":"T328","icpc_id":"T328","name":"航大919","organization_id":"中国民航大学","members":""},{"externalid":"T329","group_ids":["正式队伍"],"affiliation":"中国石油大学（北京）","id":"T329","icpc_id":"T329","name":"英雄扬鞭催战马","organization_id":"中国石油大学（北京）","members":""},{"externalid":"T330","group_ids":["正式队伍"],"affiliation":"中国石油大学（华东）","id":"T330","icpc_id":"T330","name":"WA题自动机","organization_id":"中国石油大学（华东）","members":""},{"externalid":"T331","group_ids":["正式队伍"],"affiliation":"中南大学","id":"T331","icpc_id":"T331","name":"ACM太难玩了","organization_id":"中南大学","members":""},{"externalid":"T332","group_ids":["正式队伍"],"affiliation":"中南大学","id":"T332","icpc_id":"T332","name":"千万别报计算机","organization_id":"中南大学","members":""},{"externalid":"T333","group_ids":["正式队伍"],"affiliation":"中南民族大学","id":"T333","icpc_id":"T333","name":"SCUEC女队","organization_id":"中南民族大学","members":""},{"externalid":"T334","group_ids":["打星"],"affiliation":"中南民族大学","id":"T334","icpc_id":"T334","name":"面向样例程序设计","organization_id":"中南民族大学","members":""},{"externalid":"T335","group_ids":["正式队伍"],"affiliation":"中山大学","id":"T335","icpc_id":"T335","name":"FLL","organization_id":"中山大学","members":""},{"externalid":"T337","group_ids":["正式队伍"],"affiliation":"中山大学","id":"T337","icpc_id":"T337","name":"YXN","organization_id":"中山大学","members":""},{"externalid":"T338","group_ids":["正式队伍"],"affiliation":"重庆大学","id":"T338","icpc_id":"T338","name":"那咋办嘛","organization_id":"重庆大学","members":""},{"externalid":"T339","group_ids":["正式队伍"],"affiliation":"重庆大学","id":"T339","icpc_id":"T339","name":"我们想peach","organization_id":"重庆大学","members":""},{"externalid":"T340","group_ids":["打星"],"affiliation":"重庆邮电大学","id":"T340","icpc_id":"T340","name":"划啊划","organization_id":"重庆邮电大学","members":""},{"externalid":"T341","group_ids":["正式队伍"],"affiliation":"重庆邮电大学","id":"T341","icpc_id":"T341","name":"乐子","organization_id":"重庆邮电大学","members":""},{"externalid":"T342","group_ids":["正式队伍"],"affiliation":"重庆邮电大学","id":"T342","icpc_id":"T342","name":"未名","organization_id":"重庆邮电大学","members":""},{"externalid":"T343","group_ids":["打星"],"affiliation":"江西师范大学","id":"T343","icpc_id":"T343","name":"求求了给萌新一个牌吧","organization_id":"江西师范大学","members":""},{"externalid":"T344","group_ids":["打星"],"affiliation":"福州大学","id":"T344","icpc_id":"T344","name":"Eureka","organization_id":"福州大学","members":""}]