[{"ordinal":1,"short_name":"A","id":"7-1","label":"pintia","time_limit":1.0,"externalid":"7-1","name":"Unknown","rgb":"#fff","color":"white","test_data_count":1},{"ordinal":2,"short_name":"B","id":"7-2","label":"pintia","time_limit":1.0,"externalid":"7-2","name":"Unknown","rgb":"#fff","color":"white","test_data_count":1},{"ordinal":3,"short_name":"C","id":"7-3","label":"pintia","time_limit":1.0,"externalid":"7-3","name":"Unknown","rgb":"#fff","color":"white","test_data_count":1},{"ordinal":4,"short_name":"D","id":"7-4","label":"pintia","time_limit":1.0,"externalid":"7-4","name":"Unknown","rgb":"#fff","color":"white","test_data_count":1},{"ordinal":5,"short_name":"E","id":"7-5","label":"pintia","time_limit":1.0,"externalid":"7-5","name":"Unknown","rgb":"#fff","color":"white","test_data_count":1},{"ordinal":6,"short_name":"F","id":"7-6","label":"pintia","time_limit":1.0,"externalid":"7-6","name":"Unknown","rgb":"#fff","color":"white","test_data_count":1},{"ordinal":7,"short_name":"G","id":"7-7","label":"pintia","time_limit":1.0,"externalid":"7-7","name":"Unknown","rgb":"#fff","color":"white","test_data_count":1},{"ordinal":8,"short_name":"H","id":"7-8","label":"pintia","time_limit":1.0,"externalid":"7-8","name":"Unknown","rgb":"#fff","color":"white","test_data_count":1},{"ordinal":9,"short_name":"I","id":"7-9","label":"pintia","time_limit":1.0,"externalid":"7-9","name":"Unknown","rgb":"#fff","color":"white","test_data_count":1},{"ordinal":10,"short_name":"J","id":"7-10","label":"pintia","time_limit":1.0,"externalid":"7-10","name":"Unknown","rgb":"#fff","color":"white","test_data_count":1},{"ordinal":11,"short_name":"K","id":"7-11","label":"pintia","time_limit":1.0,"externalid":"7-11","name":"Unknown","rgb":"#fff","color":"white","test_data_count":1},{"ordinal":12,"short_name":"L","id":"7-12","label":"pintia","time_limit":1.0,"externalid":"7-12","name":"Unknown","rgb":"#fff","color":"white","test_data_count":1}]