[{"ordinal":1,"short_name":"A","id":"1001","label":"hduoj","time_limit":1.0,"externalid":"1001","name":"Unknown","rgb":"#fff","color":"white","test_data_count":1},{"ordinal":2,"short_name":"B","id":"1002","label":"hduoj","time_limit":1.0,"externalid":"1002","name":"Unknown","rgb":"#fff","color":"white","test_data_count":1},{"ordinal":3,"short_name":"C","id":"1003","label":"hduoj","time_limit":1.0,"externalid":"1003","name":"Unknown","rgb":"#fff","color":"white","test_data_count":1},{"ordinal":4,"short_name":"D","id":"1004","label":"hduoj","time_limit":1.0,"externalid":"1004","name":"Unknown","rgb":"#fff","color":"white","test_data_count":1},{"ordinal":5,"short_name":"E","id":"1005","label":"hduoj","time_limit":1.0,"externalid":"1005","name":"Unknown","rgb":"#fff","color":"white","test_data_count":1},{"ordinal":6,"short_name":"F","id":"1006","label":"hduoj","time_limit":1.0,"externalid":"1006","name":"Unknown","rgb":"#fff","color":"white","test_data_count":1},{"ordinal":7,"short_name":"G","id":"1007","label":"hduoj","time_limit":1.0,"externalid":"1007","name":"Unknown","rgb":"#fff","color":"white","test_data_count":1},{"ordinal":8,"short_name":"H","id":"1008","label":"hduoj","time_limit":1.0,"externalid":"1008","name":"Unknown","rgb":"#fff","color":"white","test_data_count":1},{"ordinal":9,"short_name":"I","id":"1009","label":"hduoj","time_limit":1.0,"externalid":"1009","name":"Unknown","rgb":"#fff","color":"white","test_data_count":1},{"ordinal":10,"short_name":"J","id":"1010","label":"hduoj","time_limit":1.0,"externalid":"1010","name":"Unknown","rgb":"#fff","color":"white","test_data_count":1},{"ordinal":11,"short_name":"K","id":"1011","label":"hduoj","time_limit":1.0,"externalid":"1011","name":"Unknown","rgb":"#fff","color":"white","test_data_count":1},{"ordinal":12,"short_name":"L","id":"1012","label":"hduoj","time_limit":1.0,"externalid":"1012","name":"Unknown","rgb":"#fff","color":"white","test_data_count":1},{"ordinal":13,"short_name":"M","id":"1013","label":"hduoj","time_limit":1.0,"externalid":"1013","name":"Unknown","rgb":"#fff","color":"white","test_data_count":1}]