[{"icpc_id":"鞍山师范学院","shortname":"鞍山师范学院","id":"鞍山师范学院","name":"鞍山师范学院","formal_name":"鞍山师范学院"},{"icpc_id":"白城师范学院","shortname":"白城师范学院","id":"白城师范学院","name":"白城师范学院","formal_name":"白城师范学院"},{"icpc_id":"包头师范学院","shortname":"包头师范学院","id":"包头师范学院","name":"包头师范学院","formal_name":"包头师范学院"},{"icpc_id":"北华大学","shortname":"北华大学","id":"北华大学","name":"北华大学","formal_name":"北华大学"},{"icpc_id":"大连大学","shortname":"大连大学","id":"大连大学","name":"大连大学","formal_name":"大连大学"},{"icpc_id":"大连东软信息学院","shortname":"大连东软信息学院","id":"大连东软信息学院","name":"大连东软信息学院","formal_name":"大连东软信息学院"},{"icpc_id":"大连海事大学","shortname":"大连海事大学","id":"大连海事大学","name":"大连海事大学","formal_name":"大连海事大学"},{"icpc_id":"大连理工大学","shortname":"大连理工大学","id":"大连理工大学","name":"大连理工大学","formal_name":"大连理工大学"},{"icpc_id":"大连民族大学","shortname":"大连民族大学","id":"大连民族大学","name":"大连民族大学","formal_name":"大连民族大学"},{"icpc_id":"大庆师范学院","shortname":"大庆师范学院","id":"大庆师范学院","name":"大庆师范学院","formal_name":"大庆师范学院"},{"icpc_id":"东北大学","shortname":"东北大学","id":"东北大学","name":"东北大学","formal_name":"东北大学"},{"icpc_id":"东北电力大学","shortname":"东北电力大学","id":"东北电力大学","name":"东北电力大学","formal_name":"东北电力大学"},{"icpc_id":"东北林业大学","shortname":"东北林业大学","id":"东北林业大学","name":"东北林业大学","formal_name":"东北林业大学"},{"icpc_id":"东北农业大学","shortname":"东北农业大学","id":"东北农业大学","name":"东北农业大学","formal_name":"东北农业大学"},{"icpc_id":"东北师范大学","shortname":"东北师范大学","id":"东北师范大学","name":"东北师范大学","formal_name":"东北师范大学"},{"icpc_id":"哈尔滨工程大学","shortname":"哈尔滨工程大学","id":"哈尔滨工程大学","name":"哈尔滨工程大学","formal_name":"哈尔滨工程大学"},{"icpc_id":"哈尔滨工业大学","shortname":"哈尔滨工业大学","id":"哈尔滨工业大学","name":"哈尔滨工业大学","formal_name":"哈尔滨工业大学"},{"icpc_id":"哈尔滨华德学院","shortname":"哈尔滨华德学院","id":"哈尔滨华德学院","name":"哈尔滨华德学院","formal_name":"哈尔滨华德学院"},{"icpc_id":"哈尔滨理工大学","shortname":"哈尔滨理工大学","id":"哈尔滨理工大学","name":"哈尔滨理工大学","formal_name":"哈尔滨理工大学"},{"icpc_id":"哈尔滨商业大学","shortname":"哈尔滨商业大学","id":"哈尔滨商业大学","name":"哈尔滨商业大学","formal_name":"哈尔滨商业大学"},{"icpc_id":"哈尔滨师范大学","shortname":"哈尔滨师范大学","id":"哈尔滨师范大学","name":"哈尔滨师范大学","formal_name":"哈尔滨师范大学"},{"icpc_id":"哈尔滨学院","shortname":"哈尔滨学院","id":"哈尔滨学院","name":"哈尔滨学院","formal_name":"哈尔滨学院"},{"icpc_id":"合肥学院","shortname":"合肥学院","id":"合肥学院","name":"合肥学院","formal_name":"合肥学院"},{"icpc_id":"黑龙江大学","shortname":"黑龙江大学","id":"黑龙江大学","name":"黑龙江大学","formal_name":"黑龙江大学"},{"icpc_id":"黑龙江工程学院","shortname":"黑龙江工程学院","id":"黑龙江工程学院","name":"黑龙江工程学院","formal_name":"黑龙江工程学院"},{"icpc_id":"吉林财经大学","shortname":"吉林财经大学","id":"吉林财经大学","name":"吉林财经大学","formal_name":"吉林财经大学"},{"icpc_id":"吉林大学","shortname":"吉林大学","id":"吉林大学","name":"吉林大学","formal_name":"吉林大学"},{"icpc_id":"吉林工程技术师范学院","shortname":"吉林工程技术师范学院","id":"吉林工程技术师范学院","name":"吉林工程技术师范学院","formal_name":"吉林工程技术师范学院"},{"icpc_id":"吉林建筑大学","shortname":"吉林建筑大学","id":"吉林建筑大学","name":"吉林建筑大学","formal_name":"吉林建筑大学"},{"icpc_id":"吉林农业科技学院","shortname":"吉林农业科技学院","id":"吉林农业科技学院","name":"吉林农业科技学院","formal_name":"吉林农业科技学院"},{"icpc_id":"江西财经大学","shortname":"江西财经大学","id":"江西财经大学","name":"江西财经大学","formal_name":"江西财经大学"},{"icpc_id":"辽宁大学","shortname":"辽宁大学","id":"辽宁大学","name":"辽宁大学","formal_name":"辽宁大学"},{"icpc_id":"辽宁工程技术大学","shortname":"辽宁工程技术大学","id":"辽宁工程技术大学","name":"辽宁工程技术大学","formal_name":"辽宁工程技术大学"},{"icpc_id":"辽宁科技大学","shortname":"辽宁科技大学","id":"辽宁科技大学","name":"辽宁科技大学","formal_name":"辽宁科技大学"},{"icpc_id":"辽宁石油化工大学","shortname":"辽宁石油化工大学","id":"辽宁石油化工大学","name":"辽宁石油化工大学","formal_name":"辽宁石油化工大学"},{"icpc_id":"牡丹江师范学院","shortname":"牡丹江师范学院","id":"牡丹江师范学院","name":"牡丹江师范学院","formal_name":"牡丹江师范学院"},{"icpc_id":"内蒙古财经大学","shortname":"内蒙古财经大学","id":"内蒙古财经大学","name":"内蒙古财经大学","formal_name":"内蒙古财经大学"},{"icpc_id":"内蒙古大学","shortname":"内蒙古大学","id":"内蒙古大学","name":"内蒙古大学","formal_name":"内蒙古大学"},{"icpc_id":"内蒙古大学创业学院","shortname":"内蒙古大学创业学院","id":"内蒙古大学创业学院","name":"内蒙古大学创业学院","formal_name":"内蒙古大学创业学院"},{"icpc_id":"内蒙古工业大学","shortname":"内蒙古工业大学","id":"内蒙古工业大学","name":"内蒙古工业大学","formal_name":"内蒙古工业大学"},{"icpc_id":"内蒙古科技大学","shortname":"内蒙古科技大学","id":"内蒙古科技大学","name":"内蒙古科技大学","formal_name":"内蒙古科技大学"},{"icpc_id":"内蒙古民族大学","shortname":"内蒙古民族大学","id":"内蒙古民族大学","name":"内蒙古民族大学","formal_name":"内蒙古民族大学"},{"icpc_id":"内蒙古农业大学","shortname":"内蒙古农业大学","id":"内蒙古农业大学","name":"内蒙古农业大学","formal_name":"内蒙古农业大学"},{"icpc_id":"内蒙古师范大学","shortname":"内蒙古师范大学","id":"内蒙古师范大学","name":"内蒙古师范大学","formal_name":"内蒙古师范大学"},{"icpc_id":"沈阳航空航天大学","shortname":"沈阳航空航天大学","id":"沈阳航空航天大学","name":"沈阳航空航天大学","formal_name":"沈阳航空航天大学"},{"icpc_id":"沈阳化工大学","shortname":"沈阳化工大学","id":"沈阳化工大学","name":"沈阳化工大学","formal_name":"沈阳化工大学"},{"icpc_id":"沈阳师范大学","shortname":"沈阳师范大学","id":"沈阳师范大学","name":"沈阳师范大学","formal_name":"沈阳师范大学"},{"icpc_id":"天津大学仁爱学院","shortname":"天津大学仁爱学院","id":"天津大学仁爱学院","name":"天津大学仁爱学院","formal_name":"天津大学仁爱学院"},{"icpc_id":"通化师范学院","shortname":"通化师范学院","id":"通化师范学院","name":"通化师范学院","formal_name":"通化师范学院"},{"icpc_id":"长春大学","shortname":"长春大学","id":"长春大学","name":"长春大学","formal_name":"长春大学"},{"icpc_id":"长春工程学院","shortname":"长春工程学院","id":"长春工程学院","name":"长春工程学院","formal_name":"长春工程学院"},{"icpc_id":"长春工业大学","shortname":"长春工业大学","id":"长春工业大学","name":"长春工业大学","formal_name":"长春工业大学"},{"icpc_id":"长春工业大学人文信息学院","shortname":"长春工业大学人文信息学院","id":"长春工业大学人文信息学院","name":"长春工业大学人文信息学院","formal_name":"长春工业大学人文信息学院"},{"icpc_id":"长春理工大学","shortname":"长春理工大学","id":"长春理工大学","name":"长春理工大学","formal_name":"长春理工大学"},{"icpc_id":"长春师范大学","shortname":"长春师范大学","id":"长春师范大学","name":"长春师范大学","formal_name":"长春师范大学"},{"icpc_id":"哈尔滨海贼科技有限责任公司","shortname":"哈尔滨海贼科技有限责任公司","id":"哈尔滨海贼科技有限责任公司","name":"哈尔滨海贼科技有限责任公司","formal_name":"哈尔滨海贼科技有限责任公司"}]