[{"externalid":"team001","group_ids":["普通高校"],"affiliation":"鞍山师范学院","id":"team001","icpc_id":"team001","name":"奋斗者","organization_id":"鞍山师范学院","members":""},{"externalid":"team002","group_ids":["普通高校"],"affiliation":"白城师范学院","id":"team002","icpc_id":"team002","name":"火车少女组","organization_id":"白城师范学院","members":""},{"externalid":"team003","group_ids":["普通高校"],"affiliation":"白城师范学院","id":"team003","icpc_id":"team003","name":"对对对对对队","organization_id":"白城师范学院","members":""},{"externalid":"team004","group_ids":["普通高校"],"affiliation":"包头师范学院","id":"team004","icpc_id":"team004","name":"BTTC-1","organization_id":"包头师范学院","members":""},{"externalid":"team005","group_ids":["普通高校"],"affiliation":"包头师范学院","id":"team005","icpc_id":"team005","name":"BTTC-2","organization_id":"包头师范学院","members":""},{"externalid":"team006","group_ids":["普通高校"],"affiliation":"包头师范学院","id":"team006","icpc_id":"team006","name":"BTTC-3","organization_id":"包头师范学院","members":""},{"externalid":"team007","group_ids":["普通高校"],"affiliation":"北华大学","id":"team007","icpc_id":"team007","name":"董学姐带我们吃海底捞","organization_id":"北华大学","members":""},{"externalid":"team008","group_ids":["普通高校"],"affiliation":"北华大学","id":"team008","icpc_id":"team008","name":"全体起立","organization_id":"北华大学","members":""},{"externalid":"team009","group_ids":["普通高校"],"affiliation":"北华大学","id":"team009","icpc_id":"team009","name":"紫罗兰","organization_id":"北华大学","members":""},{"externalid":"team010","group_ids":["普通高校"],"affiliation":"北华大学","id":"team010","icpc_id":"team010","name":"随缘打铁","organization_id":"北华大学","members":""},{"externalid":"team011","group_ids":["普通高校"],"affiliation":"大连大学","id":"team011","icpc_id":"team011","name":"今天胖鸽鸽鸽了马","organization_id":"大连大学","members":""},{"externalid":"team012","group_ids":["普通高校"],"affiliation":"大连大学","id":"team012","icpc_id":"team012","name":"只会int_main","organization_id":"大连大学","members":""},{"externalid":"team013","group_ids":["普通高校"],"affiliation":"大连大学","id":"team013","icpc_id":"team013","name":"@张乐-想个队名","organization_id":"大连大学","members":""},{"externalid":"team014","group_ids":["普通高校"],"affiliation":"大连大学","id":"team014","icpc_id":"team014","name":"ACBU","organization_id":"大连大学","members":""},{"externalid":"team015","group_ids":["普通高校"],"affiliation":"大连东软信息学院","id":"team015","icpc_id":"team015","name":"鸽子酱油路人甲","organization_id":"大连东软信息学院","members":""},{"externalid":"team016","group_ids":["普通高校"],"affiliation":"大连东软信息学院","id":"team016","icpc_id":"team016","name":"网赛两日游","organization_id":"大连东软信息学院","members":""},{"externalid":"team017","group_ids":["普通高校"],"affiliation":"大连东软信息学院","id":"team017","icpc_id":"team017","name":"对他使用炎拳吧","organization_id":"大连东软信息学院","members":""},{"externalid":"team018","group_ids":["普通高校"],"affiliation":"大连海事大学","id":"team018","icpc_id":"team018","name":"风花雪月","organization_id":"大连海事大学","members":""},{"externalid":"team019","group_ids":["普通高校"],"affiliation":"大连海事大学","id":"team019","icpc_id":"team019","name":"哇咔咔哈哈","organization_id":"大连海事大学","members":""},{"externalid":"team020","group_ids":["普通高校"],"affiliation":"大连海事大学","id":"team020","icpc_id":"team020","name":"哐哐哐被铁打队","organization_id":"大连海事大学","members":""},{"externalid":"team021","group_ids":["普通高校"],"affiliation":"大连海事大学","id":"team021","icpc_id":"team021","name":"天线宝宝","organization_id":"大连海事大学","members":""},{"externalid":"team022","group_ids":["普通高校"],"affiliation":"大连海事大学","id":"team022","icpc_id":"team022","name":"队友让我随便起","organization_id":"大连海事大学","members":""},{"externalid":"team023","group_ids":["普通高校"],"affiliation":"大连海事大学","id":"team023","icpc_id":"team023","name":"为什么首wa也拿不到","organization_id":"大连海事大学","members":""},{"externalid":"team024","group_ids":["普通高校"],"affiliation":"大连理工大学","id":"team024","icpc_id":"team024","name":"L","organization_id":"大连理工大学","members":""},{"externalid":"team025","group_ids":["普通高校"],"affiliation":"大连理工大学","id":"team025","icpc_id":"team025","name":"优哉游哉","organization_id":"大连理工大学","members":""},{"externalid":"team026","group_ids":["普通高校"],"affiliation":"大连理工大学","id":"team026","icpc_id":"team026","name":"参赛人数普查","organization_id":"大连理工大学","members":""},{"externalid":"team027","group_ids":["普通高校"],"affiliation":"大连理工大学","id":"team027","icpc_id":"team027","name":"404_Not_Found","organization_id":"大连理工大学","members":""},{"externalid":"team028","group_ids":["普通高校"],"affiliation":"大连理工大学","id":"team028","icpc_id":"team028","name":"惜年","organization_id":"大连理工大学","members":""},{"externalid":"team029","group_ids":["普通高校"],"affiliation":"大连理工大学","id":"team029","icpc_id":"team029","name":"寒雨连江夜入吴","organization_id":"大连理工大学","members":""},{"externalid":"team030","group_ids":["普通高校"],"affiliation":"大连理工大学","id":"team030","icpc_id":"team030","name":"暴力写挂，乱搞AC","organization_id":"大连理工大学","members":""},{"externalid":"team031","group_ids":["普通高校"],"affiliation":"大连理工大学","id":"team031","icpc_id":"team031","name":"coca粉丝团","organization_id":"大连理工大学","members":""},{"externalid":"team032","group_ids":["普通高校"],"affiliation":"大连理工大学","id":"team032","icpc_id":"team032","name":"泥栽柑葚馍","organization_id":"大连理工大学","members":""},{"externalid":"team033","group_ids":["普通高校"],"affiliation":"大连理工大学","id":"team033","icpc_id":"team033","name":"关于我们挂着轻小说一样的名字打比赛这件事","organization_id":"大连理工大学","members":""},{"externalid":"team034","group_ids":["打星(女)"],"affiliation":"大连理工大学","id":"team034","icpc_id":"team034","name":"新年新气象","organization_id":"大连理工大学","members":""},{"externalid":"team035","group_ids":["打星"],"affiliation":"大连理工大学","id":"team035","icpc_id":"team035","name":"三个蒟蒻","organization_id":"大连理工大学","members":""},{"externalid":"team036","group_ids":["普通高校"],"affiliation":"大连民族大学","id":"team036","icpc_id":"team036","name":"我实在懒得取名字了","organization_id":"大连民族大学","members":""},{"externalid":"team037","group_ids":["普通高校"],"affiliation":"大连民族大学","id":"team037","icpc_id":"team037","name":"临考抱佛脚","organization_id":"大连民族大学","members":""},{"externalid":"team038","group_ids":["普通高校"],"affiliation":"大庆师范学院","id":"team038","icpc_id":"team038","name":"炮灰","organization_id":"大庆师范学院","members":""},{"externalid":"team039","group_ids":["打星"],"affiliation":"东北大学","id":"team039","icpc_id":"team039","name":"无名之队","organization_id":"东北大学","members":""},{"externalid":"team040","group_ids":["打星"],"affiliation":"东北大学","id":"team040","icpc_id":"team040","name":"颜值就是正义","organization_id":"东北大学","members":""},{"externalid":"team041","group_ids":["普通高校"],"affiliation":"东北大学","id":"team041","icpc_id":"team041","name":"受苦骑士","organization_id":"东北大学","members":""},{"externalid":"team042","group_ids":["普通高校"],"affiliation":"东北大学","id":"team042","icpc_id":"team042","name":"河童重工","organization_id":"东北大学","members":""},{"externalid":"team043","group_ids":["普通高校"],"affiliation":"东北大学","id":"team043","icpc_id":"team043","name":"helix","organization_id":"东北大学","members":""},{"externalid":"team044","group_ids":["普通高校"],"affiliation":"东北大学","id":"team044","icpc_id":"team044","name":"给教练来一杯Mojito","organization_id":"东北大学","members":""},{"externalid":"team045","group_ids":["打星"],"affiliation":"东北大学","id":"team045","icpc_id":"team045","name":"好想摸鱼","organization_id":"东北大学","members":""},{"externalid":"team046","group_ids":["普通高校"],"affiliation":"东北大学","id":"team046","icpc_id":"team046","name":"挠头","organization_id":"东北大学","members":""},{"externalid":"team047","group_ids":["普通高校"],"affiliation":"东北大学","id":"team047","icpc_id":"team047","name":"后腿","organization_id":"东北大学","members":""},{"externalid":"team048","group_ids":["打星"],"affiliation":"东北大学","id":"team048","icpc_id":"team048","name":"素质教育漏网之鱼","organization_id":"东北大学","members":""},{"externalid":"team049","group_ids":["普通高校"],"affiliation":"东北大学","id":"team049","icpc_id":"team049","name":"码就完事了","organization_id":"东北大学","members":""},{"externalid":"team050","group_ids":["打星"],"affiliation":"东北大学","id":"team050","icpc_id":"team050","name":"过题机器人","organization_id":"东北大学","members":""},{"externalid":"team051","group_ids":["普通高校"],"affiliation":"东北大学","id":"team051","icpc_id":"team051","name":"TheStars","organization_id":"东北大学","members":""},{"externalid":"team052","group_ids":["普通高校"],"affiliation":"东北大学","id":"team052","icpc_id":"team052","name":"时间拖延","organization_id":"东北大学","members":""},{"externalid":"team053","group_ids":["普通高校"],"affiliation":"东北大学","id":"team053","icpc_id":"team053","name":"火石桥村民","organization_id":"东北大学","members":""},{"externalid":"team054","group_ids":["普通高校"],"affiliation":"东北电力大学","id":"team054","icpc_id":"team054","name":"队名我没意见","organization_id":"东北电力大学","members":""},{"externalid":"team055","group_ids":["普通高校"],"affiliation":"东北电力大学","id":"team055","icpc_id":"team055","name":"CLJTXDY","organization_id":"东北电力大学","members":""},{"externalid":"team056","group_ids":["普通高校"],"affiliation":"东北电力大学","id":"team056","icpc_id":"team056","name":"violenceのbible","organization_id":"东北电力大学","members":""},{"externalid":"team057","group_ids":["普通高校"],"affiliation":"东北林业大学","id":"team057","icpc_id":"team057","name":"给大佬倒杯卡布奇洛","organization_id":"东北林业大学","members":""},{"externalid":"team058","group_ids":["普通高校"],"affiliation":"东北林业大学","id":"team058","icpc_id":"team058","name":"先wa一发","organization_id":"东北林业大学","members":""},{"externalid":"team059","group_ids":["普通高校"],"affiliation":"东北林业大学","id":"team059","icpc_id":"team059","name":"再来一组测试数据","organization_id":"东北林业大学","members":""},{"externalid":"team060","group_ids":["打星"],"affiliation":"东北林业大学","id":"team060","icpc_id":"team060","name":"影流之主","organization_id":"东北林业大学","members":""},{"externalid":"team061","group_ids":["普通高校"],"affiliation":"东北林业大学","id":"team061","icpc_id":"team061","name":"三个演员","organization_id":"东北林业大学","members":""},{"externalid":"team062","group_ids":["普通高校"],"affiliation":"东北林业大学","id":"team062","icpc_id":"team062","name":"三个顶俩","organization_id":"东北林业大学","members":""},{"externalid":"team063","group_ids":["打星"],"affiliation":"东北林业大学","id":"team063","icpc_id":"team063","name":"教我写代码","organization_id":"东北林业大学","members":""},{"externalid":"team064","group_ids":["打星"],"affiliation":"东北林业大学","id":"team064","icpc_id":"team064","name":"三个蒟蒻","organization_id":"东北林业大学","members":""},{"externalid":"team065","group_ids":["打星"],"affiliation":"东北林业大学","id":"team065","icpc_id":"team065","name":"麻烦给我的队友来一杯Mojito","organization_id":"东北林业大学","members":""},{"externalid":"team066","group_ids":["打星"],"affiliation":"东北林业大学","id":"team066","icpc_id":"team066","name":"爬爬怪","organization_id":"东北林业大学","members":""},{"externalid":"team067","group_ids":["打星"],"affiliation":"东北林业大学","id":"team067","icpc_id":"team067","name":"山水园林","organization_id":"东北林业大学","members":""},{"externalid":"team068","group_ids":["普通高校"],"affiliation":"东北林业大学","id":"team068","icpc_id":"team068","name":"彩虹棉花糖","organization_id":"东北林业大学","members":""},{"externalid":"team069","group_ids":["打星"],"affiliation":"东北林业大学","id":"team069","icpc_id":"team069","name":"我们队拍了拍你们队","organization_id":"东北林业大学","members":""},{"externalid":"team070","group_ids":["打星"],"affiliation":"东北林业大学","id":"team070","icpc_id":"team070","name":"一支三人队伍","organization_id":"东北林业大学","members":""},{"externalid":"team071","group_ids":["普通高校"],"affiliation":"东北林业大学","id":"team071","icpc_id":"team071","name":"二息步行","organization_id":"东北林业大学","members":""},{"externalid":"team072","group_ids":["普通高校"],"affiliation":"东北林业大学","id":"team072","icpc_id":"team072","name":"喵内不要打篮球","organization_id":"东北林业大学","members":""},{"externalid":"team073","group_ids":["普通高校"],"affiliation":"东北农业大学","id":"team073","icpc_id":"team073","name":"数论只会gcd","organization_id":"东北农业大学","members":""},{"externalid":"team074","group_ids":["普通高校"],"affiliation":"东北农业大学","id":"team074","icpc_id":"team074","name":"无网络难办","organization_id":"东北农业大学","members":""},{"externalid":"team075","group_ids":["普通高校"],"affiliation":"东北农业大学","id":"team075","icpc_id":"team075","name":"辉夜大小姐想让我AC~","organization_id":"东北农业大学","members":""},{"externalid":"team076","group_ids":["普通高校"],"affiliation":"东北师范大学","id":"team076","icpc_id":"team076","name":"黎明初晓","organization_id":"东北师范大学","members":""},{"externalid":"team077","group_ids":["普通高校"],"affiliation":"东北师范大学","id":"team077","icpc_id":"team077","name":"凛冬将逝","organization_id":"东北师范大学","members":""},{"externalid":"team078","group_ids":["普通高校"],"affiliation":"东北师范大学","id":"team078","icpc_id":"team078","name":"光子","organization_id":"东北师范大学","members":""},{"externalid":"team079","group_ids":["普通高校"],"affiliation":"东北师范大学","id":"team079","icpc_id":"team079","name":"天堂制造","organization_id":"东北师范大学","members":""},{"externalid":"team080","group_ids":["普通高校"],"affiliation":"东北师范大学","id":"team080","icpc_id":"team080","name":"竹取飞翔","organization_id":"东北师范大学","members":""},{"externalid":"team081","group_ids":["普通高校"],"affiliation":"东北师范大学","id":"team081","icpc_id":"team081","name":"碎月","organization_id":"东北师范大学","members":""},{"externalid":"team082","group_ids":["普通高校"],"affiliation":"东北师范大学","id":"team082","icpc_id":"team082","name":"细胞色素","organization_id":"东北师范大学","members":""},{"externalid":"team083","group_ids":["普通高校"],"affiliation":"哈尔滨工程大学","id":"team083","icpc_id":"team083","name":"撒网摸鱼","organization_id":"哈尔滨工程大学","members":""},{"externalid":"team084","group_ids":["普通高校"],"affiliation":"哈尔滨工程大学","id":"team084","icpc_id":"team084","name":"AlleXceedFamilia","organization_id":"哈尔滨工程大学","members":""},{"externalid":"team085","group_ids":["普通高校"],"affiliation":"哈尔滨工程大学","id":"team085","icpc_id":"team085","name":"队名太难取队","organization_id":"哈尔滨工程大学","members":""},{"externalid":"team086","group_ids":["普通高校"],"affiliation":"哈尔滨工程大学","id":"team086","icpc_id":"team086","name":"死亡发际线","organization_id":"哈尔滨工程大学","members":""},{"externalid":"team087","group_ids":["普通高校"],"affiliation":"哈尔滨工程大学","id":"team087","icpc_id":"team087","name":"迫真ACM部·WA的里技","organization_id":"哈尔滨工程大学","members":""},{"externalid":"team088","group_ids":["普通高校"],"affiliation":"哈尔滨工程大学","id":"team088","icpc_id":"team088","name":"因为觉得取名太难所以就模仿日本轻小说了","organization_id":"哈尔滨工程大学","members":""},{"externalid":"team089","group_ids":["普通高校"],"affiliation":"哈尔滨工程大学","id":"team089","icpc_id":"team089","name":"路人码农的养成方法","organization_id":"哈尔滨工程大学","members":""},{"externalid":"team090","group_ids":["普通高校"],"affiliation":"哈尔滨工业大学","id":"team090","icpc_id":"team090","name":"赤阳","organization_id":"哈尔滨工业大学","members":""},{"externalid":"team091","group_ids":["普通高校"],"affiliation":"哈尔滨工业大学","id":"team091","icpc_id":"team091","name":"希望队名没事","organization_id":"哈尔滨工业大学","members":""},{"externalid":"team092","group_ids":["普通高校"],"affiliation":"哈尔滨工业大学","id":"team092","icpc_id":"team092","name":"庆大包与摩托车维修艺术","organization_id":"哈尔滨工业大学","members":""},{"externalid":"team093","group_ids":["普通高校"],"affiliation":"哈尔滨工业大学","id":"team093","icpc_id":"team093","name":"发光发热老年人","organization_id":"哈尔滨工业大学","members":""},{"externalid":"team094","group_ids":["普通高校"],"affiliation":"哈尔滨工业大学","id":"team094","icpc_id":"team094","name":"心跳编程部","organization_id":"哈尔滨工业大学","members":""},{"externalid":"team095","group_ids":["普通高校"],"affiliation":"哈尔滨工业大学","id":"team095","icpc_id":"team095","name":"很有精神","organization_id":"哈尔滨工业大学","members":""},{"externalid":"team096","group_ids":["普通高校"],"affiliation":"哈尔滨工业大学","id":"team096","icpc_id":"team096","name":"万符必应之破戒","organization_id":"哈尔滨工业大学","members":""},{"externalid":"team097","group_ids":["普通高校(?"],"affiliation":"哈尔滨工业大学","id":"team097","icpc_id":"team097","name":"我不知道啊","organization_id":"哈尔滨工业大学","members":""},{"externalid":"team098","group_ids":["普通高校"],"affiliation":"哈尔滨工业大学","id":"team098","icpc_id":"team098","name":"军训无人生还","organization_id":"哈尔滨工业大学","members":""},{"externalid":"team099","group_ids":["普通高校"],"affiliation":"哈尔滨工业大学","id":"team099","icpc_id":"team099","name":"我们的主席姓郭，叫郭主席","organization_id":"哈尔滨工业大学","members":""},{"externalid":"team100","group_ids":["普通高校"],"affiliation":"哈尔滨华德学院","id":"team100","icpc_id":"team100","name":"小魂球","organization_id":"哈尔滨华德学院","members":""},{"externalid":"team101","group_ids":["普通高校"],"affiliation":"哈尔滨华德学院","id":"team101","icpc_id":"team101","name":"胡辣汤","organization_id":"哈尔滨华德学院","members":""},{"externalid":"team102","group_ids":["普通高校"],"affiliation":"哈尔滨理工大学","id":"team102","icpc_id":"team102","name":"哈理工2020秋1队","organization_id":"哈尔滨理工大学","members":""},{"externalid":"team103","group_ids":["普通高校"],"affiliation":"哈尔滨理工大学","id":"team103","icpc_id":"team103","name":"哈理工2020秋2队","organization_id":"哈尔滨理工大学","members":""},{"externalid":"team104","group_ids":["普通高校"],"affiliation":"哈尔滨理工大学","id":"team104","icpc_id":"team104","name":"哈理工2020秋3队","organization_id":"哈尔滨理工大学","members":""},{"externalid":"team105","group_ids":["普通高校"],"affiliation":"哈尔滨理工大学","id":"team105","icpc_id":"team105","name":"哈理工2020秋4队","organization_id":"哈尔滨理工大学","members":""},{"externalid":"team106","group_ids":["普通高校"],"affiliation":"哈尔滨理工大学","id":"team106","icpc_id":"team106","name":"哈理工2020秋5队","organization_id":"哈尔滨理工大学","members":""},{"externalid":"team107","group_ids":["普通高校"],"affiliation":"哈尔滨理工大学","id":"team107","icpc_id":"team107","name":"哈理工2020秋6队","organization_id":"哈尔滨理工大学","members":""},{"externalid":"team108","group_ids":["普通高校"],"affiliation":"哈尔滨理工大学","id":"team108","icpc_id":"team108","name":"哈理工2020秋7队","organization_id":"哈尔滨理工大学","members":""},{"externalid":"team109","group_ids":["普通高校"],"affiliation":"哈尔滨理工大学","id":"team109","icpc_id":"team109","name":"哈理工2020秋8队","organization_id":"哈尔滨理工大学","members":""},{"externalid":"team110","group_ids":["普通高校"],"affiliation":"哈尔滨理工大学","id":"team110","icpc_id":"team110","name":"哈理工2020秋9队","organization_id":"哈尔滨理工大学","members":""},{"externalid":"team111","group_ids":["普通高校"],"affiliation":"哈尔滨理工大学","id":"team111","icpc_id":"team111","name":"哈理工2020秋10队","organization_id":"哈尔滨理工大学","members":""},{"externalid":"team112","group_ids":["普通高校"],"affiliation":"哈尔滨商业大学","id":"team112","icpc_id":"team112","name":"宇宙警备队","organization_id":"哈尔滨商业大学","members":""},{"externalid":"team113","group_ids":["普通高校"],"affiliation":"哈尔滨商业大学","id":"team113","icpc_id":"team113","name":"GIG","organization_id":"哈尔滨商业大学","members":""},{"externalid":"team114","group_ids":["普通高校"],"affiliation":"哈尔滨商业大学","id":"team114","icpc_id":"team114","name":"这有啥不会的","organization_id":"哈尔滨商业大学","members":""},{"externalid":"team115","group_ids":["普通高校"],"affiliation":"哈尔滨商业大学","id":"team115","icpc_id":"team115","name":"倔强青铜在线打铁","organization_id":"哈尔滨商业大学","members":""},{"externalid":"team116","group_ids":["普通高校"],"affiliation":"哈尔滨师范大学","id":"team116","icpc_id":"team116","name":"锋林轩","organization_id":"哈尔滨师范大学","members":""},{"externalid":"team117","group_ids":["普通高校"],"affiliation":"哈尔滨师范大学","id":"team117","icpc_id":"team117","name":"Simrobot","organization_id":"哈尔滨师范大学","members":""},{"externalid":"team118","group_ids":["普通高校"],"affiliation":"哈尔滨师范大学","id":"team118","icpc_id":"team118","name":"冲冲冲","organization_id":"哈尔滨师范大学","members":""},{"externalid":"team119","group_ids":["普通高校"],"affiliation":"哈尔滨学院","id":"team119","icpc_id":"team119","name":"AMDyes","organization_id":"哈尔滨学院","members":""},{"externalid":"team120","group_ids":["普通高校"],"affiliation":"哈尔滨学院","id":"team120","icpc_id":"team120","name":"百事可乐","organization_id":"哈尔滨学院","members":""},{"externalid":"team121","group_ids":["普通高校"],"affiliation":"哈尔滨学院","id":"team121","icpc_id":"team121","name":"你看我还有机会嘛","organization_id":"哈尔滨学院","members":""},{"externalid":"team122","group_ids":["普通高校"],"affiliation":"哈尔滨学院","id":"team122","icpc_id":"team122","name":"可乐鸡","organization_id":"哈尔滨学院","members":""},{"externalid":"team123","group_ids":["普通高校"],"affiliation":"哈尔滨学院","id":"team123","icpc_id":"team123","name":"奇异果","organization_id":"哈尔滨学院","members":""},{"externalid":"team124","group_ids":["打星"],"affiliation":"合肥学院","id":"team124","icpc_id":"team124","name":"误人子弟","organization_id":"合肥学院","members":""},{"externalid":"team125","group_ids":["打星"],"affiliation":"合肥学院","id":"team125","icpc_id":"team125","name":"JBrain","organization_id":"合肥学院","members":""},{"externalid":"team126","group_ids":["打星"],"affiliation":"合肥学院","id":"team126","icpc_id":"team126","name":"可乐狗","organization_id":"合肥学院","members":""},{"externalid":"team127","group_ids":["普通高校"],"affiliation":"黑龙江大学","id":"team127","icpc_id":"team127","name":"加帕里哲学三轮车·改","organization_id":"黑龙江大学","members":""},{"externalid":"team128","group_ids":["普通高校"],"affiliation":"黑龙江大学","id":"team128","icpc_id":"team128","name":"RE0：从WA开始的打铁生涯","organization_id":"黑龙江大学","members":""},{"externalid":"team129","group_ids":["普通高校"],"affiliation":"黑龙江大学","id":"team129","icpc_id":"team129","name":"肥仔欢乐队","organization_id":"黑龙江大学","members":""},{"externalid":"team130","group_ids":["普通高校"],"affiliation":"黑龙江大学","id":"team130","icpc_id":"team130","name":"面向bug程序设计","organization_id":"黑龙江大学","members":""},{"externalid":"team131","group_ids":["普通高校"],"affiliation":"黑龙江大学","id":"team131","icpc_id":"team131","name":"紫罗兰海豹花园","organization_id":"黑龙江大学","members":""},{"externalid":"team132","group_ids":["普通高校"],"affiliation":"黑龙江大学","id":"team132","icpc_id":"team132","name":"采菊东篱下","organization_id":"黑龙江大学","members":""},{"externalid":"team133","group_ids":["普通高校"],"affiliation":"黑龙江工程学院","id":"team133","icpc_id":"team133","name":"不要男妈妈","organization_id":"黑龙江工程学院","members":""},{"externalid":"team134","group_ids":["普通高校"],"affiliation":"黑龙江工程学院","id":"team134","icpc_id":"team134","name":"专业水电维修队","organization_id":"黑龙江工程学院","members":""},{"externalid":"team135","group_ids":["普通高校"],"affiliation":"吉林财经大学","id":"team135","icpc_id":"team135","name":"1<<4AC队","organization_id":"吉林财经大学","members":""},{"externalid":"team136","group_ids":["普通高校"],"affiliation":"吉林大学","id":"team136","icpc_id":"team136","name":"十袋的盐类","organization_id":"吉林大学","members":""},{"externalid":"team137","group_ids":["普通高校"],"affiliation":"吉林大学","id":"team137","icpc_id":"team137","name":"世末鸽者","organization_id":"吉林大学","members":""},{"externalid":"team138","group_ids":["普通高校"],"affiliation":"吉林大学","id":"team138","icpc_id":"team138","name":"累计铳满","organization_id":"吉林大学","members":""},{"externalid":"team139","group_ids":["普通高校"],"affiliation":"吉林大学","id":"team139","icpc_id":"team139","name":"不咕鸟","organization_id":"吉林大学","members":""},{"externalid":"team140","group_ids":["普通高校"],"affiliation":"吉林大学","id":"team140","icpc_id":"team140","name":"NaN","organization_id":"吉林大学","members":""},{"externalid":"team141","group_ids":["普通高校"],"affiliation":"吉林大学","id":"team141","icpc_id":"team141","name":"白色相簿","organization_id":"吉林大学","members":""},{"externalid":"team142","group_ids":["普通高校"],"affiliation":"吉林大学","id":"team142","icpc_id":"team142","name":"要不跑路吧","organization_id":"吉林大学","members":""},{"externalid":"team143","group_ids":["普通高校"],"affiliation":"吉林大学","id":"team143","icpc_id":"team143","name":"想不出队名","organization_id":"吉林大学","members":""},{"externalid":"team144","group_ids":["普通高校"],"affiliation":"吉林大学","id":"team144","icpc_id":"team144","name":"卷卷更秃头","organization_id":"吉林大学","members":""},{"externalid":"team145","group_ids":["普通高校"],"affiliation":"吉林大学","id":"team145","icpc_id":"team145","name":"FreshmanXProPlusMax","organization_id":"吉林大学","members":""},{"externalid":"team146","group_ids":["普通高校"],"affiliation":"吉林工程技术师范学院","id":"team146","icpc_id":"team146","name":"瓜子花生矿泉水","organization_id":"吉林工程技术师范学院","members":""},{"externalid":"team147","group_ids":["普通高校"],"affiliation":"吉林建筑大学","id":"team147","icpc_id":"team147","name":"白色T-shirt","organization_id":"吉林建筑大学","members":""},{"externalid":"team148","group_ids":["普通高校(?"],"affiliation":"吉林建筑大学","id":"team148","icpc_id":"team148","name":"危险又迷人的反派小队","organization_id":"吉林建筑大学","members":""},{"externalid":"team149","group_ids":["普通高校"],"affiliation":"吉林建筑大学","id":"team149","icpc_id":"team149","name":"签到小分队","organization_id":"吉林建筑大学","members":""},{"externalid":"team150","group_ids":["普通高校"],"affiliation":"吉林建筑大学","id":"team150","icpc_id":"team150","name":"WA的一下AC出来了","organization_id":"吉林建筑大学","members":""},{"externalid":"team151","group_ids":["普通高校"],"affiliation":"吉林农业科技学院","id":"team151","icpc_id":"team151","name":"吉农科1队","organization_id":"吉林农业科技学院","members":""},{"externalid":"team152","group_ids":["普通高校"],"affiliation":"吉林农业科技学院","id":"team152","icpc_id":"team152","name":"吉农科2队","organization_id":"吉林农业科技学院","members":""},{"externalid":"team153","group_ids":["打星"],"affiliation":"江西财经大学","id":"team153","icpc_id":"team153","name":"来摸摸鱼","organization_id":"江西财经大学","members":""},{"externalid":"team154","group_ids":["打星"],"affiliation":"江西财经大学","id":"team154","icpc_id":"team154","name":"真的来摸摸鱼","organization_id":"江西财经大学","members":""},{"externalid":"team155","group_ids":["普通高校"],"affiliation":"辽宁大学","id":"team155","icpc_id":"team155","name":"那可以浪起来","organization_id":"辽宁大学","members":""},{"externalid":"team156","group_ids":["普通高校"],"affiliation":"辽宁大学","id":"team156","icpc_id":"team156","name":"插队","organization_id":"辽宁大学","members":""},{"externalid":"team157","group_ids":["普通高校"],"affiliation":"辽宁大学","id":"team157","icpc_id":"team157","name":"黎光","organization_id":"辽宁大学","members":""},{"externalid":"team158","group_ids":["普通高校"],"affiliation":"辽宁工程技术大学","id":"team158","icpc_id":"team158","name":"矿工小队","organization_id":"辽宁工程技术大学","members":""},{"externalid":"team159","group_ids":["普通高校"],"affiliation":"辽宁工程技术大学","id":"team159","icpc_id":"team159","name":"奥利给划水～有基佬拉开我裤链队","organization_id":"辽宁工程技术大学","members":""},{"externalid":"team160","group_ids":["打星"],"affiliation":"辽宁工程技术大学","id":"team160","icpc_id":"team160","name":"琉璃c","organization_id":"辽宁工程技术大学","members":""},{"externalid":"team161","group_ids":["普通高校"],"affiliation":"辽宁工程技术大学","id":"team161","icpc_id":"team161","name":"白给","organization_id":"辽宁工程技术大学","members":""},{"externalid":"team162","group_ids":["打星"],"affiliation":"辽宁工程技术大学","id":"team162","icpc_id":"team162","name":"华皓赛","organization_id":"辽宁工程技术大学","members":""},{"externalid":"team163","group_ids":["普通高校"],"affiliation":"辽宁工程技术大学","id":"team163","icpc_id":"team163","name":"We_all_not_pass_cet6","organization_id":"辽宁工程技术大学","members":""},{"externalid":"team164","group_ids":["普通高校"],"affiliation":"辽宁工程技术大学","id":"team164","icpc_id":"team164","name":"wjw","organization_id":"辽宁工程技术大学","members":""},{"externalid":"team165","group_ids":["打星"],"affiliation":"辽宁工程技术大学","id":"team165","icpc_id":"team165","name":"Supreme","organization_id":"辽宁工程技术大学","members":""},{"externalid":"team166","group_ids":["普通高校"],"affiliation":"辽宁工程技术大学","id":"team166","icpc_id":"team166","name":"问题不大","organization_id":"辽宁工程技术大学","members":""},{"externalid":"team167","group_ids":["普通高校"],"affiliation":"辽宁科技大学","id":"team167","icpc_id":"team167","name":"code_rookies","organization_id":"辽宁科技大学","members":""},{"externalid":"team168","group_ids":["普通高校"],"affiliation":"辽宁科技大学","id":"team168","icpc_id":"team168","name":"AwakeJOJO","organization_id":"辽宁科技大学","members":""},{"externalid":"team169","group_ids":["普通高校"],"affiliation":"辽宁科技大学","id":"team169","icpc_id":"team169","name":"Daybreak","organization_id":"辽宁科技大学","members":""},{"externalid":"team170","group_ids":["普通高校"],"affiliation":"辽宁科技大学","id":"team170","icpc_id":"team170","name":"Novice","organization_id":"辽宁科技大学","members":""},{"externalid":"team171","group_ids":["普通高校"],"affiliation":"辽宁科技大学","id":"team171","icpc_id":"team171","name":"Rise","organization_id":"辽宁科技大学","members":""},{"externalid":"team172","group_ids":["普通高校"],"affiliation":"辽宁科技大学","id":"team172","icpc_id":"team172","name":"Code_Monkey","organization_id":"辽宁科技大学","members":""},{"externalid":"team173","group_ids":["普通高校"],"affiliation":"辽宁科技大学","id":"team173","icpc_id":"team173","name":"Drift","organization_id":"辽宁科技大学","members":""},{"externalid":"team174","group_ids":["普通高校"],"affiliation":"辽宁科技大学","id":"team174","icpc_id":"team174","name":"sailing_calf","organization_id":"辽宁科技大学","members":""},{"externalid":"team175","group_ids":["打星"],"affiliation":"辽宁科技大学","id":"team175","icpc_id":"team175","name":"salty_fish","organization_id":"辽宁科技大学","members":""},{"externalid":"team176","group_ids":["打星"],"affiliation":"辽宁科技大学","id":"team176","icpc_id":"team176","name":"Rlyeh","organization_id":"辽宁科技大学","members":""},{"externalid":"team177","group_ids":["普通高校"],"affiliation":"辽宁石油化工大学","id":"team177","icpc_id":"team177","name":"尤格索托斯","organization_id":"辽宁石油化工大学","members":""},{"externalid":"team178","group_ids":["普通高校"],"affiliation":"牡丹江师范学院","id":"team178","icpc_id":"team178","name":"也无风雨也无晴","organization_id":"牡丹江师范学院","members":""},{"externalid":"team179","group_ids":["普通高校"],"affiliation":"牡丹江师范学院","id":"team179","icpc_id":"team179","name":"发量不太队","organization_id":"牡丹江师范学院","members":""},{"externalid":"team180","group_ids":["普通高校"],"affiliation":"内蒙古财经大学","id":"team180","icpc_id":"team180","name":"新秀","organization_id":"内蒙古财经大学","members":""},{"externalid":"team181","group_ids":["普通高校"],"affiliation":"内蒙古大学","id":"team181","icpc_id":"team181","name":"正道的光","organization_id":"内蒙古大学","members":""},{"externalid":"team182","group_ids":["普通高校"],"affiliation":"内蒙古大学","id":"team182","icpc_id":"team182","name":"照在大地上","organization_id":"内蒙古大学","members":""},{"externalid":"team183","group_ids":["普通高校"],"affiliation":"内蒙古大学","id":"team183","icpc_id":"team183","name":"希望可以得奖","organization_id":"内蒙古大学","members":""},{"externalid":"team184","group_ids":["普通高校"],"affiliation":"内蒙古大学","id":"team184","icpc_id":"team184","name":"鸿蒙开发小组","organization_id":"内蒙古大学","members":""},{"externalid":"team185","group_ids":["普通高校"],"affiliation":"内蒙古大学创业学院","id":"team185","icpc_id":"team185","name":"创院无敌队","organization_id":"内蒙古大学创业学院","members":""},{"externalid":"team186","group_ids":["普通高校(?"],"affiliation":"内蒙古大学创业学院","id":"team186","icpc_id":"team186","name":"创院火热队","organization_id":"内蒙古大学创业学院","members":""},{"externalid":"team187","group_ids":["普通高校"],"affiliation":"内蒙古工业大学","id":"team187","icpc_id":"team187","name":"IMUT-1","organization_id":"内蒙古工业大学","members":""},{"externalid":"team188","group_ids":["普通高校"],"affiliation":"内蒙古科技大学","id":"team188","icpc_id":"team188","name":"BycbKYS","organization_id":"内蒙古科技大学","members":""},{"externalid":"team189","group_ids":["普通高校"],"affiliation":"内蒙古科技大学","id":"team189","icpc_id":"team189","name":"众志成城","organization_id":"内蒙古科技大学","members":""},{"externalid":"team190","group_ids":["普通高校"],"affiliation":"内蒙古科技大学","id":"team190","icpc_id":"team190","name":"教练我想打Final","organization_id":"内蒙古科技大学","members":""},{"externalid":"team191","group_ids":["普通高校"],"affiliation":"内蒙古民族大学","id":"team191","icpc_id":"team191","name":"递贪回分动","organization_id":"内蒙古民族大学","members":""},{"externalid":"team192","group_ids":["普通高校"],"affiliation":"内蒙古民族大学","id":"team192","icpc_id":"team192","name":"极客8901","organization_id":"内蒙古民族大学","members":""},{"externalid":"team193","group_ids":["普通高校"],"affiliation":"内蒙古民族大学","id":"team193","icpc_id":"team193","name":"航海队","organization_id":"内蒙古民族大学","members":""},{"externalid":"team194","group_ids":["普通高校"],"affiliation":"内蒙古农业大学","id":"team194","icpc_id":"team194","name":"重金求发","organization_id":"内蒙古农业大学","members":""},{"externalid":"team195","group_ids":["普通高校"],"affiliation":"内蒙古农业大学","id":"team195","icpc_id":"team195","name":"IMAU001","organization_id":"内蒙古农业大学","members":""},{"externalid":"team196","group_ids":["普通高校"],"affiliation":"内蒙古农业大学","id":"team196","icpc_id":"team196","name":"IMAU002","organization_id":"内蒙古农业大学","members":""},{"externalid":"team197","group_ids":["普通高校"],"affiliation":"内蒙古师范大学","id":"team197","icpc_id":"team197","name":"签到就跑路","organization_id":"内蒙古师范大学","members":""},{"externalid":"team198","group_ids":["普通高校"],"affiliation":"内蒙古师范大学","id":"team198","icpc_id":"team198","name":"代码都敲","organization_id":"内蒙古师范大学","members":""},{"externalid":"team199","group_ids":["普通高校"],"affiliation":"内蒙古师范大学","id":"team199","icpc_id":"team199","name":"四块五毛六","organization_id":"内蒙古师范大学","members":""},{"externalid":"team200","group_ids":["普通高校"],"affiliation":"内蒙古师范大学","id":"team200","icpc_id":"team200","name":"就是不要白给分","organization_id":"内蒙古师范大学","members":""},{"externalid":"team201","group_ids":["普通高校"],"affiliation":"沈阳航空航天大学","id":"team201","icpc_id":"team201","name":"黎明前线","organization_id":"沈阳航空航天大学","members":""},{"externalid":"team202","group_ids":["普通高校"],"affiliation":"沈阳航空航天大学","id":"team202","icpc_id":"team202","name":"以上是所有获奖队伍","organization_id":"沈阳航空航天大学","members":""},{"externalid":"team203","group_ids":["普通高校"],"affiliation":"沈阳航空航天大学","id":"team203","icpc_id":"team203","name":"今天鳗鱼减肥了吗？","organization_id":"沈阳航空航天大学","members":""},{"externalid":"team204","group_ids":["普通高校"],"affiliation":"沈阳航空航天大学","id":"team204","icpc_id":"team204","name":"就这样吧","organization_id":"沈阳航空航天大学","members":""},{"externalid":"team205","group_ids":["普通高校"],"affiliation":"沈阳航空航天大学","id":"team205","icpc_id":"team205","name":"猎码人","organization_id":"沈阳航空航天大学","members":""},{"externalid":"team206","group_ids":["普通高校"],"affiliation":"沈阳航空航天大学","id":"team206","icpc_id":"team206","name":"不可击败的阿尔法猫","organization_id":"沈阳航空航天大学","members":""},{"externalid":"team207","group_ids":["普通高校"],"affiliation":"沈阳化工大学","id":"team207","icpc_id":"team207","name":"隔壁村村花","organization_id":"沈阳化工大学","members":""},{"externalid":"team208","group_ids":["普通高校"],"affiliation":"沈阳化工大学","id":"team208","icpc_id":"team208","name":"半城烟雨半AC","organization_id":"沈阳化工大学","members":""},{"externalid":"team209","group_ids":["普通高校(?"],"affiliation":"沈阳化工大学","id":"team209","icpc_id":"team209","name":"三只小松鼠","organization_id":"沈阳化工大学","members":""},{"externalid":"team210","group_ids":["普通高校"],"affiliation":"沈阳师范大学","id":"team210","icpc_id":"team210","name":"落日飞车","organization_id":"沈阳师范大学","members":""},{"externalid":"team211","group_ids":["普通高校"],"affiliation":"沈阳师范大学","id":"team211","icpc_id":"team211","name":"东北旅游队","organization_id":"沈阳师范大学","members":""},{"externalid":"team212","group_ids":["打星"],"affiliation":"天津大学仁爱学院","id":"team212","icpc_id":"team212","name":"蜡笔小心","organization_id":"天津大学仁爱学院","members":""},{"externalid":"team213","group_ids":["打星"],"affiliation":"天津大学仁爱学院","id":"team213","icpc_id":"team213","name":"小问号的朋友们","organization_id":"天津大学仁爱学院","members":""},{"externalid":"team214","group_ids":["普通高校"],"affiliation":"通化师范学院","id":"team214","icpc_id":"team214","name":"拿证1队","organization_id":"通化师范学院","members":""},{"externalid":"team215","group_ids":["普通高校(?"],"affiliation":"通化师范学院","id":"team215","icpc_id":"team215","name":"拿证2队","organization_id":"通化师范学院","members":""},{"externalid":"team216","group_ids":["普通高校"],"affiliation":"长春大学","id":"team216","icpc_id":"team216","name":"对都打着倒","organization_id":"长春大学","members":""},{"externalid":"team217","group_ids":["普通高校"],"affiliation":"长春大学","id":"team217","icpc_id":"team217","name":"照着打都WA","organization_id":"长春大学","members":""},{"externalid":"team218","group_ids":["普通高校"],"affiliation":"长春工程学院","id":"team218","icpc_id":"team218","name":"积极健康向上队","organization_id":"长春工程学院","members":""},{"externalid":"team219","group_ids":["普通高校"],"affiliation":"长春工程学院","id":"team219","icpc_id":"team219","name":"LOTUS_BLUE","organization_id":"长春工程学院","members":""},{"externalid":"team220","group_ids":["普通高校"],"affiliation":"长春工业大学","id":"team220","icpc_id":"team220","name":"工大拆迁办","organization_id":"长春工业大学","members":""},{"externalid":"team221","group_ids":["普通高校"],"affiliation":"长春工业大学","id":"team221","icpc_id":"team221","name":"冲鸭菜鸟","organization_id":"长春工业大学","members":""},{"externalid":"team222","group_ids":["普通高校"],"affiliation":"长春工业大学","id":"team222","icpc_id":"team222","name":"除非包吃包住","organization_id":"长春工业大学","members":""},{"externalid":"team223","group_ids":["打星"],"affiliation":"长春工业大学","id":"team223","icpc_id":"team223","name":"ACM没有小姐姐","organization_id":"长春工业大学","members":""},{"externalid":"team224","group_ids":["普通高校"],"affiliation":"长春工业大学","id":"team224","icpc_id":"team224","name":"戴老板最帅","organization_id":"长春工业大学","members":""},{"externalid":"team225","group_ids":["普通高校"],"affiliation":"长春工业大学","id":"team225","icpc_id":"team225","name":"带妹吃鸡","organization_id":"长春工业大学","members":""},{"externalid":"team226","group_ids":["普通高校"],"affiliation":"长春工业大学","id":"team226","icpc_id":"team226","name":"祝你幸福","organization_id":"长春工业大学","members":""},{"externalid":"team227","group_ids":["打星"],"affiliation":"长春工业大学","id":"team227","icpc_id":"team227","name":"国窖水泥地","organization_id":"长春工业大学","members":""},{"externalid":"team228","group_ids":["普通高校"],"affiliation":"长春工业大学","id":"team228","icpc_id":"team228","name":"{([<(=???=)︻┻┳>])}","organization_id":"长春工业大学","members":""},{"externalid":"team229","group_ids":["普通高校"],"affiliation":"长春工业大学","id":"team229","icpc_id":"team229","name":"14:47","organization_id":"长春工业大学","members":""},{"externalid":"team230","group_ids":["普通高校"],"affiliation":"长春工业大学人文信息学院","id":"team230","icpc_id":"team230","name":"悠悠蝉鸣","organization_id":"长春工业大学人文信息学院","members":""},{"externalid":"team231","group_ids":["普通高校"],"affiliation":"长春工业大学人文信息学院","id":"team231","icpc_id":"team231","name":"彳亍","organization_id":"长春工业大学人文信息学院","members":""},{"externalid":"team232","group_ids":["普通高校"],"affiliation":"长春理工大学","id":"team232","icpc_id":"team232","name":"长理12队","organization_id":"长春理工大学","members":""},{"externalid":"team233","group_ids":["普通高校"],"affiliation":"长春理工大学","id":"team233","icpc_id":"team233","name":"队九王里长","organization_id":"长春理工大学","members":""},{"externalid":"team234","group_ids":["普通高校"],"affiliation":"长春理工大学","id":"team234","icpc_id":"team234","name":"金猫非猫","organization_id":"长春理工大学","members":""},{"externalid":"team235","group_ids":["普通高校"],"affiliation":"长春理工大学","id":"team235","icpc_id":"team235","name":"哥哥有什么好想法嘛","organization_id":"长春理工大学","members":""},{"externalid":"team236","group_ids":["普通高校"],"affiliation":"长春理工大学","id":"team236","icpc_id":"team236","name":";DROP_DATABASE_teams;--","organization_id":"长春理工大学","members":""},{"externalid":"team237","group_ids":["普通高校"],"affiliation":"长春理工大学","id":"team237","icpc_id":"team237","name":"天山新泰罗","organization_id":"长春理工大学","members":""},{"externalid":"team238","group_ids":["普通高校"],"affiliation":"长春理工大学","id":"team238","icpc_id":"team238","name":"先wa他个一个亿","organization_id":"长春理工大学","members":""},{"externalid":"team239","group_ids":["打星"],"affiliation":"长春理工大学","id":"team239","icpc_id":"team239","name":"刘奶奶买榴莲牛奶","organization_id":"长春理工大学","members":""},{"externalid":"team240","group_ids":["普通高校"],"affiliation":"长春理工大学","id":"team240","icpc_id":"team240","name":"抓紧时间签到","organization_id":"长春理工大学","members":""},{"externalid":"team241","group_ids":["普通高校"],"affiliation":"长春理工大学","id":"team241","icpc_id":"team241","name":"别骂了别骂了在签到了","organization_id":"长春理工大学","members":""},{"externalid":"team242","group_ids":["普通高校"],"affiliation":"长春理工大学","id":"team242","icpc_id":"team242","name":"洋葱圈","organization_id":"长春理工大学","members":""},{"externalid":"team243","group_ids":["普通高校"],"affiliation":"长春师范大学","id":"team243","icpc_id":"team243","name":"发光的眼睛","organization_id":"长春师范大学","members":""},{"externalid":"team244","group_ids":["普通高校"],"affiliation":"长春师范大学","id":"team244","icpc_id":"team244","name":"菜瓜小组","organization_id":"长春师范大学","members":""},{"externalid":"team245","group_ids":["普通高校"],"affiliation":"长春师范大学","id":"team245","icpc_id":"team245","name":"菠萝","organization_id":"长春师范大学","members":""},{"externalid":"team246","group_ids":["普通高校"],"affiliation":"长春师范大学","id":"team246","icpc_id":"team246","name":"美杜莎","organization_id":"长春师范大学","members":""},{"externalid":"team247","group_ids":["打星"],"affiliation":"哈尔滨海贼科技有限责任公司","id":"team247","icpc_id":"team247","name":"海贼1","organization_id":"哈尔滨海贼科技有限责任公司","members":""},{"externalid":"team248","group_ids":["打星"],"affiliation":"天津大学仁爱学院","id":"team248","icpc_id":"team248","name":"不想吃辣椒","organization_id":"天津大学仁爱学院","members":""}]