[{"externalid":"T019","group_ids":["Observers"],"affiliation":"北京化工大学","id":"T019","icpc_id":"T019","name":"AC亩产一千八","organization_id":"北京化工大学","members":""},{"externalid":"T022","group_ids":["Observers"],"affiliation":"北京化工大学","id":"T022","icpc_id":"T022","name":"飞快地爬","organization_id":"北京化工大学","members":""},{"externalid":"T023","group_ids":["Observers"],"affiliation":"北京化工大学","id":"T023","icpc_id":"T023","name":"三傻大闹北化","organization_id":"北京化工大学","members":""},{"externalid":"T025","group_ids":["Observers"],"affiliation":"北京交通大学","id":"T025","icpc_id":"T025","name":"被题AK","organization_id":"北京交通大学","members":""},{"externalid":"T029","group_ids":["Observers"],"affiliation":"北京林业大学","id":"T029","icpc_id":"T029","name":"北林幻想机场","organization_id":"北京林业大学","members":""},{"externalid":"T035","group_ids":["Observers"],"affiliation":"北京师范大学","id":"T035","icpc_id":"T035","name":"人菜瘾大","organization_id":"北京师范大学","members":""},{"externalid":"T040","group_ids":["Observers"],"affiliation":"北京邮电大学","id":"T040","icpc_id":"T040","name":"0x424E4453","organization_id":"北京邮电大学","members":""},{"externalid":"T041","group_ids":["Observers"],"affiliation":"北京邮电大学","id":"T041","icpc_id":"T041","name":"孤天里的鹤","organization_id":"北京邮电大学","members":""},{"externalid":"T042","group_ids":["Observers"],"affiliation":"北京邮电大学","id":"T042","icpc_id":"T042","name":"鸿蒙","organization_id":"北京邮电大学","members":""},{"externalid":"T044","group_ids":["Observers"],"affiliation":"北京邮电大学","id":"T044","icpc_id":"T044","name":"见到你很高兴","organization_id":"北京邮电大学","members":""},{"externalid":"T047","group_ids":["Observers"],"affiliation":"北京邮电大学","id":"T047","icpc_id":"T047","name":"无限键制","organization_id":"北京邮电大学","members":""},{"externalid":"T048","group_ids":["Observers"],"affiliation":"北京邮电大学","id":"T048","icpc_id":"T048","name":"咸鱼GO","organization_id":"北京邮电大学","members":""},{"externalid":"T049","group_ids":["Observers"],"affiliation":"北京邮电大学","id":"T049","icpc_id":"T049","name":"幸福安心养老所","organization_id":"北京邮电大学","members":""},{"externalid":"T051","group_ids":["Observers"],"affiliation":"常熟理工学院","id":"T051","icpc_id":"T051","name":"东风","organization_id":"常熟理工学院","members":""},{"externalid":"T066","group_ids":["Observers"],"affiliation":"四川大学锦城学院","id":"T066","icpc_id":"T066","name":"不会吧不会吧","organization_id":"四川大学锦城学院","members":""},{"externalid":"T075","group_ids":["Observers"],"affiliation":"中国地质大学（武汉）","id":"T075","icpc_id":"T075","name":"ac automaton","organization_id":"中国地质大学（武汉）","members":""},{"externalid":"T080","group_ids":["Observers"],"affiliation":"东北大学","id":"T080","icpc_id":"T080","name":"河童重工","organization_id":"东北大学","members":""},{"externalid":"T082","group_ids":["Observers"],"affiliation":"东北大学","id":"T082","icpc_id":"T082","name":"起队名好nan","organization_id":"东北大学","members":""},{"externalid":"T083","group_ids":["Observers"],"affiliation":"东北林业大学","id":"T083","icpc_id":"T083","name":"二息步行","organization_id":"东北林业大学","members":""},{"externalid":"T085","group_ids":["Observers"],"affiliation":"东北林业大学","id":"T085","icpc_id":"T085","name":"三个顶个球","organization_id":"东北林业大学","members":""},{"externalid":"T086","group_ids":["Observers"],"affiliation":"东北林业大学","id":"T086","icpc_id":"T086","name":"三个演员","organization_id":"东北林业大学","members":""},{"externalid":"T099","group_ids":["Observers"],"affiliation":"东南大学","id":"T099","icpc_id":"T099","name":"常盘台女子技校","organization_id":"东南大学","members":""},{"externalid":"T101","group_ids":["Observers"],"affiliation":"东北大学秦皇岛分校","id":"T101","icpc_id":"T101","name":"awen粉丝团","organization_id":"东北大学秦皇岛分校","members":""},{"externalid":"T102","group_ids":["Observers"],"affiliation":"东北大学秦皇岛分校","id":"T102","icpc_id":"T102","name":"CFA-Y剑指","organization_id":"东北大学秦皇岛分校","members":""},{"externalid":"T103","group_ids":["Observers"],"affiliation":"东北大学秦皇岛分校","id":"T103","icpc_id":"T103","name":"Friday","organization_id":"东北大学秦皇岛分校","members":""},{"externalid":"T104","group_ids":["Observers"],"affiliation":"东北大学秦皇岛分校","id":"T104","icpc_id":"T104","name":"lucky crystal","organization_id":"东北大学秦皇岛分校","members":""},{"externalid":"T105","group_ids":["Observers"],"affiliation":"东北大学秦皇岛分校","id":"T105","icpc_id":"T105","name":"WA自动机","organization_id":"东北大学秦皇岛分校","members":""},{"externalid":"T106","group_ids":["Observers"],"affiliation":"东北大学秦皇岛分校","id":"T106","icpc_id":"T106","name":"不兼容","organization_id":"东北大学秦皇岛分校","members":""},{"externalid":"T107","group_ids":["Observers"],"affiliation":"东北大学秦皇岛分校","id":"T107","icpc_id":"T107","name":"码码小能手","organization_id":"东北大学秦皇岛分校","members":""},{"externalid":"T108","group_ids":["Observers"],"affiliation":"东北大学秦皇岛分校","id":"T108","icpc_id":"T108","name":"面包杀手","organization_id":"东北大学秦皇岛分校","members":""},{"externalid":"T109","group_ids":["Observers"],"affiliation":"东北大学秦皇岛分校","id":"T109","icpc_id":"T109","name":"面向bug编程","organization_id":"东北大学秦皇岛分校","members":""},{"externalid":"T110","group_ids":["Observers"],"affiliation":"东北大学秦皇岛分校","id":"T110","icpc_id":"T110","name":"妙啊","organization_id":"东北大学秦皇岛分校","members":""},{"externalid":"T111","group_ids":["Observers"],"affiliation":"东北大学秦皇岛分校","id":"T111","icpc_id":"T111","name":"十三","organization_id":"东北大学秦皇岛分校","members":""},{"externalid":"T112","group_ids":["Observers"],"affiliation":"东北大学秦皇岛分校","id":"T112","icpc_id":"T112","name":"西瓜汁小分队","organization_id":"东北大学秦皇岛分校","members":""},{"externalid":"T113","group_ids":["Observers"],"affiliation":"东北大学秦皇岛分校","id":"T113","icpc_id":"T113","name":"严肃活泼","organization_id":"东北大学秦皇岛分校","members":""},{"externalid":"T114","group_ids":["Observers"],"affiliation":"福建工程学院","id":"T114","icpc_id":"T114","name":"就进来看看题","organization_id":"福建工程学院","members":""},{"externalid":"T123","group_ids":["Observers"],"affiliation":"福州大学","id":"T123","icpc_id":"T123","name":"我和两个憨憨","organization_id":"福州大学","members":""},{"externalid":"T134","group_ids":["Observers"],"affiliation":"广东工业大学","id":"T134","icpc_id":"T134","name":"猪猪冲冲冲","organization_id":"广东工业大学","members":""},{"externalid":"T141","group_ids":["Observers"],"affiliation":"桂林电子科技大学","id":"T141","icpc_id":"T141","name":"这题你来写吧","organization_id":"桂林电子科技大学","members":""},{"externalid":"T148","group_ids":["Observers"],"affiliation":"哈尔滨工业大学","id":"T148","icpc_id":"T148","name":"汤姆不在的1e8+7天","organization_id":"哈尔滨工业大学","members":""},{"externalid":"T161","group_ids":["Observers"],"affiliation":"哈尔滨理工大学","id":"T161","icpc_id":"T161","name":"哈理工5队","organization_id":"哈尔滨理工大学","members":""},{"externalid":"T163","group_ids":["Observers"],"affiliation":"哈尔滨学院","id":"T163","icpc_id":"T163","name":"你看我还有机会吗","organization_id":"哈尔滨学院","members":""},{"externalid":"T175","group_ids":["Observers"],"affiliation":"合肥工业大学","id":"T175","icpc_id":"T175","name":"秦皇岛一日游","organization_id":"合肥工业大学","members":""},{"externalid":"T176","group_ids":["Observers"],"affiliation":"合肥工业大学","id":"T176","icpc_id":"T176","name":"歪比巴卜","organization_id":"合肥工业大学","members":""},{"externalid":"T186","group_ids":["Observers"],"affiliation":"河北师范大学","id":"T186","icpc_id":"T186","name":"依旧两极反转","organization_id":"河北师范大学","members":""},{"externalid":"T200","group_ids":["Observers"],"affiliation":"黑龙江大学","id":"T200","icpc_id":"T200","name":"从WA开始的打铁生涯","organization_id":"黑龙江大学","members":""},{"externalid":"T204","group_ids":["Observers"],"affiliation":"湖北第二师范学院","id":"T204","icpc_id":"T204","name":"您看我还有机会吗","organization_id":"湖北第二师范学院","members":""},{"externalid":"T226","group_ids":["Observers"],"affiliation":"嘉应学院","id":"T226","icpc_id":"T226","name":"三只绵羊去秦皇","organization_id":"嘉应学院","members":""},{"externalid":"T231","group_ids":["Observers"],"affiliation":"江西财经大学","id":"T231","icpc_id":"T231","name":"唧唧思密达","organization_id":"江西财经大学","members":""},{"externalid":"T238","group_ids":["Observers"],"affiliation":"江西师范大学","id":"T238","icpc_id":"T238","name":"求求了给萌新一个牌吧","organization_id":"江西师范大学","members":""},{"externalid":"T241","group_ids":["Observers"],"affiliation":"深圳可达教育科技有限公司","id":"T241","icpc_id":"T241","name":"华南虎","organization_id":"深圳可达教育科技有限公司","members":""},{"externalid":"T242","group_ids":["Observers"],"affiliation":"深圳可达教育科技有限公司","id":"T242","icpc_id":"T242","name":"华南三少","organization_id":"深圳可达教育科技有限公司","members":""},{"externalid":"T243","group_ids":["Observers"],"affiliation":"深圳可达教育科技有限公司","id":"T243","icpc_id":"T243","name":"可达二号","organization_id":"深圳可达教育科技有限公司","members":""},{"externalid":"T244","group_ids":["Observers"],"affiliation":"深圳可达教育科技有限公司","id":"T244","icpc_id":"T244","name":"可达深中队","organization_id":"深圳可达教育科技有限公司","members":""},{"externalid":"T245","group_ids":["Observers"],"affiliation":"深圳可达教育科技有限公司","id":"T245","icpc_id":"T245","name":"可达一号","organization_id":"深圳可达教育科技有限公司","members":""},{"externalid":"T246","group_ids":["Observers"],"affiliation":"深圳可达教育科技有限公司","id":"T246","icpc_id":"T246","name":"三个臭皮匠","organization_id":"深圳可达教育科技有限公司","members":""},{"externalid":"T247","group_ids":["Observers"],"affiliation":"深圳可达教育科技有限公司","id":"T247","icpc_id":"T247","name":"星队","organization_id":"深圳可达教育科技有限公司","members":""},{"externalid":"T260","group_ids":["Observers"],"affiliation":"南昌大学","id":"T260","icpc_id":"T260","name":"supernova","organization_id":"南昌大学","members":""},{"externalid":"T261","group_ids":["Observers"],"affiliation":"南昌大学","id":"T261","icpc_id":"T261","name":"大佬带我","organization_id":"南昌大学","members":""},{"externalid":"T265","group_ids":["Observers"],"affiliation":"南昌理工学院","id":"T265","icpc_id":"T265","name":"AC大队","organization_id":"南昌理工学院","members":""},{"externalid":"T266","group_ids":["Observers"],"affiliation":"南昌理工学院","id":"T266","icpc_id":"T266","name":"LLL","organization_id":"南昌理工学院","members":""},{"externalid":"T267","group_ids":["Observers"],"affiliation":"南昌理工学院","id":"T267","icpc_id":"T267","name":"啾咪","organization_id":"南昌理工学院","members":""},{"externalid":"T270","group_ids":["Observers"],"affiliation":"南京大学","id":"T270","icpc_id":"T270","name":"AquaNeko","organization_id":"南京大学","members":""},{"externalid":"T272","group_ids":["Observers"],"affiliation":"南京大学","id":"T272","icpc_id":"T272","name":"别卷了别卷了","organization_id":"南京大学","members":""},{"externalid":"T273","group_ids":["Observers"],"affiliation":"南京大学","id":"T273","icpc_id":"T273","name":"冰冰三元一个十元三个","organization_id":"南京大学","members":""},{"externalid":"T274","group_ids":["Observers"],"affiliation":"南京大学","id":"T274","icpc_id":"T274","name":"戳戳让戳戳别戳戳戳","organization_id":"南京大学","members":""},{"externalid":"T277","group_ids":["Observers"],"affiliation":"南京大学","id":"T277","icpc_id":"T277","name":"鸽屋咕","organization_id":"南京大学","members":""},{"externalid":"T278","group_ids":["Observers"],"affiliation":"南京大学","id":"T278","icpc_id":"T278","name":"还没想好叫什么","organization_id":"南京大学","members":""},{"externalid":"T279","group_ids":["Observers"],"affiliation":"南京大学","id":"T279","icpc_id":"T279","name":"杰尼龟红烧针不戳","organization_id":"南京大学","members":""},{"externalid":"T280","group_ids":["Observers"],"affiliation":"南京大学","id":"T280","icpc_id":"T280","name":"卷翻天","organization_id":"南京大学","members":""},{"externalid":"T281","group_ids":["Observers"],"affiliation":"南京大学","id":"T281","icpc_id":"T281","name":"看看队名到底能起多长","organization_id":"南京大学","members":""},{"externalid":"T282","group_ids":["Observers"],"affiliation":"南京大学","id":"T282","icpc_id":"T282","name":"烂飞机","organization_id":"南京大学","members":""},{"externalid":"T286","group_ids":["Observers"],"affiliation":"南方科技大学","id":"T286","icpc_id":"T286","name":"阿尔高","organization_id":"南方科技大学","members":""},{"externalid":"T308","group_ids":["Observers"],"affiliation":"南京邮电大学","id":"T308","icpc_id":"T308","name":"三只单身狗","organization_id":"南京邮电大学","members":""},{"externalid":"T321","group_ids":["Observers"],"affiliation":"厦门大学","id":"T321","icpc_id":"T321","name":"雨过天晴二重虹","organization_id":"厦门大学","members":""},{"externalid":"T338","group_ids":["Observers"],"affiliation":"山东大学（威海）","id":"T338","icpc_id":"T338","name":"白给大队","organization_id":"山东大学（威海）","members":""},{"externalid":"T339","group_ids":["Observers"],"affiliation":"山东大学（威海）","id":"T339","icpc_id":"T339","name":"快乐自动机","organization_id":"山东大学（威海）","members":""},{"externalid":"T340","group_ids":["Observers"],"affiliation":"山东大学（威海）","id":"T340","icpc_id":"T340","name":"蓝到紫","organization_id":"山东大学（威海）","members":""},{"externalid":"T342","group_ids":["Observers"],"affiliation":"山东大学（威海）","id":"T342","icpc_id":"T342","name":"老鸽别哇了","organization_id":"山东大学（威海）","members":""},{"externalid":"T343","group_ids":["Observers"],"affiliation":"山东大学（威海）","id":"T343","icpc_id":"T343","name":"石室诗士施氏誓食十狮","organization_id":"山东大学（威海）","members":""},{"externalid":"T344","group_ids":["Observers"],"affiliation":"山东大学（威海）","id":"T344","icpc_id":"T344","name":"树新蜂","organization_id":"山东大学（威海）","members":""},{"externalid":"T345","group_ids":["Observers"],"affiliation":"山东大学（威海）","id":"T345","icpc_id":"T345","name":"徐巨女装哪有这么可爱","organization_id":"山东大学（威海）","members":""},{"externalid":"T346","group_ids":["Observers"],"affiliation":"山东大学（威海）","id":"T346","icpc_id":"T346","name":"这么小声还想AC","organization_id":"山东大学（威海）","members":""},{"externalid":"T368","group_ids":["Observers"],"affiliation":"树德学院","id":"T368","icpc_id":"T368","name":"假如给我三天不爆零","organization_id":"树德学院","members":""},{"externalid":"T382","group_ids":["Observers"],"affiliation":"天津大学仁爱学院","id":"T382","icpc_id":"T382","name":"蜡笔小心","organization_id":"天津大学仁爱学院","members":""},{"externalid":"T424","group_ids":["Observers"],"affiliation":"西南民族大学","id":"T424","icpc_id":"T424","name":"宁说得都对","organization_id":"西南民族大学","members":""},{"externalid":"T434","group_ids":["Observers"],"affiliation":"长春理工大学","id":"T434","icpc_id":"T434","name":"1是素数","organization_id":"长春理工大学","members":""},{"externalid":"T435","group_ids":["Observers"],"affiliation":"长春理工大学","id":"T435","icpc_id":"T435","name":"金猫非猫","organization_id":"长春理工大学","members":""},{"externalid":"T442","group_ids":["Observers"],"affiliation":"长沙理工大学","id":"T442","icpc_id":"T442","name":"邪王真眼","organization_id":"长沙理工大学","members":""},{"externalid":"T452","group_ids":["Observers"],"affiliation":"浙江工业大学","id":"T452","icpc_id":"T452","name":"潮鸣","organization_id":"浙江工业大学","members":""},{"externalid":"T453","group_ids":["Observers"],"affiliation":"浙江工业大学","id":"T453","icpc_id":"T453","name":"耶梦加得","organization_id":"浙江工业大学","members":""},{"externalid":"T468","group_ids":["Observers"],"affiliation":"浙江师范大学","id":"T468","icpc_id":"T468","name":"你们说对不对","organization_id":"浙江师范大学","members":""},{"externalid":"T475","group_ids":["Observers"],"affiliation":"郑州大学","id":"T475","icpc_id":"T475","name":"ZZU_0x22","organization_id":"郑州大学","members":""},{"externalid":"T477","group_ids":["Observers"],"affiliation":"郑州大学","id":"T477","icpc_id":"T477","name":"ZZU_0x88","organization_id":"郑州大学","members":""},{"externalid":"T478","group_ids":["Observers"],"affiliation":"郑州大学","id":"T478","icpc_id":"T478","name":"ZZU_0xEE","organization_id":"郑州大学","members":""},{"externalid":"T479","group_ids":["Observers"],"affiliation":"郑州轻工业大学","id":"T479","icpc_id":"T479","name":"NAN","organization_id":"郑州轻工业大学","members":""},{"externalid":"T481","group_ids":["Observers"],"affiliation":"郑州轻工业大学","id":"T481","icpc_id":"T481","name":"这题太难，交给队友","organization_id":"郑州轻工业大学","members":""},{"externalid":"T483","group_ids":["Observers"],"affiliation":"中北大学","id":"T483","icpc_id":"T483","name":"不做选择我们都要","organization_id":"中北大学","members":""},{"externalid":"T491","group_ids":["Observers"],"affiliation":"中山大学","id":"T491","icpc_id":"T491","name":"歪比歪比","organization_id":"中山大学","members":""},{"externalid":"T502","group_ids":["Observers"],"affiliation":"重庆邮电大学","id":"T502","icpc_id":"T502","name":"乐子","organization_id":"重庆邮电大学","members":""},{"externalid":"T503","group_ids":["Observers"],"affiliation":"重庆邮电大学","id":"T503","icpc_id":"T503","name":"未名","organization_id":"重庆邮电大学","members":""},{"externalid":"T366","group_ids":["Discard"],"affiliation":"中国石油大学（北京）","id":"T366","icpc_id":"T366","name":"英雄扬鞭催战马","organization_id":"中国石油大学（北京）","members":""},{"externalid":"T003","group_ids":["Participants"],"affiliation":"北京大学","id":"T003","icpc_id":"T003","name":"代码养生学","organization_id":"北京大学","members":""},{"externalid":"T004","group_ids":["Participants"],"affiliation":"北京大学","id":"T004","icpc_id":"T004","name":"好丽友派","organization_id":"北京大学","members":""},{"externalid":"T005","group_ids":["Participants"],"affiliation":"北京大学","id":"T005","icpc_id":"T005","name":"校门外歪脖树上的鸽子","organization_id":"北京大学","members":""},{"externalid":"T006","group_ids":["Participants"],"affiliation":"中国地质大学（北京）","id":"T006","icpc_id":"T006","name":"不a也罢","organization_id":"中国地质大学（北京）","members":""},{"externalid":"T008","group_ids":["Participants"],"affiliation":"北方工业大学","id":"T008","icpc_id":"T008","name":"皇家击剑协会","organization_id":"北方工业大学","members":""},{"externalid":"T009","group_ids":["Participants"],"affiliation":"北京航空航天大学","id":"T009","icpc_id":"T009","name":"奔跑的小菜鸡","organization_id":"北京航空航天大学","members":""},{"externalid":"T010","group_ids":["Participants"],"affiliation":"北京航空航天大学","id":"T010","icpc_id":"T010","name":"铲车人","organization_id":"北京航空航天大学","members":""},{"externalid":"T011","group_ids":["Participants"],"affiliation":"北京航空航天大学","id":"T011","icpc_id":"T011","name":"地址过低","organization_id":"北京航空航天大学","members":""},{"externalid":"T012","group_ids":["Participants"],"affiliation":"北华大学","id":"T012","icpc_id":"T012","name":"董学姐带我们吃海底捞","organization_id":"北华大学","members":""},{"externalid":"T013","group_ids":["Participants"],"affiliation":"北华大学","id":"T013","icpc_id":"T013","name":"全体起立","organization_id":"北华大学","members":""},{"externalid":"T020","group_ids":["Participants"],"affiliation":"北京化工大学","id":"T020","icpc_id":"T020","name":"啊这","organization_id":"北京化工大学","members":""},{"externalid":"T021","group_ids":["Participants"],"affiliation":"北京化工大学","id":"T021","icpc_id":"T021","name":"超哥数据库过了吗","organization_id":"北京化工大学","members":""},{"externalid":"T024","group_ids":["Participants"],"affiliation":"北京交通大学","id":"T024","icpc_id":"T024","name":"AC马","organization_id":"北京交通大学","members":""},{"externalid":"T026","group_ids":["Participants"],"affiliation":"北京交通大学","id":"T026","icpc_id":"T026","name":"崂山啤酒酒花","organization_id":"北京交通大学","members":""},{"externalid":"T027","group_ids":["Participants"],"affiliation":"北京理工大学","id":"T027","icpc_id":"T027","name":"阿咆变节biu","organization_id":"北京理工大学","members":""},{"externalid":"T028","group_ids":["Participants"],"affiliation":"北京理工大学","id":"T028","icpc_id":"T028","name":"马拉车拉马","organization_id":"北京理工大学","members":""},{"externalid":"T030","group_ids":["Participants"],"affiliation":"北京林业大学","id":"T030","icpc_id":"T030","name":"北林三十八队","organization_id":"北京林业大学","members":""},{"externalid":"T031","group_ids":["Participants"],"affiliation":"北京林业大学","id":"T031","icpc_id":"T031","name":"打铁自身也不硬","organization_id":"北京林业大学","members":""},{"externalid":"T034","group_ids":["Participants"],"affiliation":"北京师范大学","id":"T034","icpc_id":"T034","name":"快乐水","organization_id":"北京师范大学","members":""},{"externalid":"T036","group_ids":["Participants"],"affiliation":"北京师范大学","id":"T036","icpc_id":"T036","name":"水人波高地","organization_id":"北京师范大学","members":""},{"externalid":"T037","group_ids":["Participants"],"affiliation":"北京师范大学","id":"T037","icpc_id":"T037","name":"想要一个牌子x","organization_id":"北京师范大学","members":""},{"externalid":"T039","group_ids":["Participants"],"affiliation":"北京信息科技大学","id":"T039","icpc_id":"T039","name":"花咲川学院队","organization_id":"北京信息科技大学","members":""},{"externalid":"T043","group_ids":["Participants"],"affiliation":"北京邮电大学","id":"T043","icpc_id":"T043","name":"极限过题","organization_id":"北京邮电大学","members":""},{"externalid":"T045","group_ids":["Participants"],"affiliation":"北京邮电大学","id":"T045","icpc_id":"T045","name":"三只蒟蒻","organization_id":"北京邮电大学","members":""},{"externalid":"T046","group_ids":["Participants"],"affiliation":"北京邮电大学","id":"T046","icpc_id":"T046","name":"沙河软件园","organization_id":"北京邮电大学","members":""},{"externalid":"T052","group_ids":["Participants"],"affiliation":"常熟理工学院","id":"T052","icpc_id":"T052","name":"我爱吃炸鸡","organization_id":"常熟理工学院","members":""},{"externalid":"T054","group_ids":["Participants"],"affiliation":"电子科技大学","id":"T054","icpc_id":"T054","name":"OFFLINE","organization_id":"电子科技大学","members":""},{"externalid":"T055","group_ids":["Participants"],"affiliation":"电子科技大学","id":"T055","icpc_id":"T055","name":"Sticey","organization_id":"电子科技大学","members":""},{"externalid":"T056","group_ids":["Participants"],"affiliation":"电子科技大学","id":"T056","icpc_id":"T056","name":"swimmer","organization_id":"电子科技大学","members":""},{"externalid":"T057","group_ids":["Participants"],"affiliation":"电子科技大学","id":"T057","icpc_id":"T057","name":"赤兔马","organization_id":"电子科技大学","members":""},{"externalid":"T059","group_ids":["Participants"],"affiliation":"成都东软学院","id":"T059","icpc_id":"T059","name":"甘文崔","organization_id":"成都东软学院","members":""},{"externalid":"T060","group_ids":["Participants"],"affiliation":"成都东软学院","id":"T060","icpc_id":"T060","name":"我们队长英语无敌","organization_id":"成都东软学院","members":""},{"externalid":"T064","group_ids":["Participants"],"affiliation":"四川大学","id":"T064","icpc_id":"T064","name":"哎呀不管了怎样都行","organization_id":"四川大学","members":""},{"externalid":"T065","group_ids":["Participants"],"affiliation":"四川大学","id":"T065","icpc_id":"T065","name":"我永远喜欢丁丁妹妹","organization_id":"四川大学","members":""},{"externalid":"T067","group_ids":["Participants"],"affiliation":"四川大学锦城学院","id":"T067","icpc_id":"T067","name":"莫名塘深度优先","organization_id":"四川大学锦城学院","members":""},{"externalid":"T068","group_ids":["Participants"],"affiliation":"四川农业大学","id":"T068","icpc_id":"T068","name":"懂的都懂","organization_id":"四川农业大学","members":""},{"externalid":"T069","group_ids":["Participants"],"affiliation":"四川轻化工大学","id":"T069","icpc_id":"T069","name":"咻咻咻","organization_id":"四川轻化工大学","members":""},{"externalid":"T071","group_ids":["Participants"],"affiliation":"大连理工大学","id":"T071","icpc_id":"T071","name":"寒雨连江夜入吴","organization_id":"大连理工大学","members":""},{"externalid":"T072","group_ids":["Participants"],"affiliation":"大连理工大学","id":"T072","icpc_id":"T072","name":"泥栽柑葚馍","organization_id":"大连理工大学","members":""},{"externalid":"T076","group_ids":["Participants"],"affiliation":"中国地质大学（武汉）","id":"T076","icpc_id":"T076","name":"滑稽自动机","organization_id":"中国地质大学（武汉）","members":""},{"externalid":"T081","group_ids":["Participants"],"affiliation":"东北大学","id":"T081","icpc_id":"T081","name":"剪完枝暴力搜","organization_id":"东北大学","members":""},{"externalid":"T084","group_ids":["Participants"],"affiliation":"东北林业大学","id":"T084","icpc_id":"T084","name":"喵内不要打篮球","organization_id":"东北林业大学","members":""},{"externalid":"T087","group_ids":["Participants"],"affiliation":"东北林业大学","id":"T087","icpc_id":"T087","name":"先WA一发","organization_id":"东北林业大学","members":""},{"externalid":"T090","group_ids":["Participants"],"affiliation":"东北农业大学","id":"T090","icpc_id":"T090","name":"打完比赛回去搬砖","organization_id":"东北农业大学","members":""},{"externalid":"T091","group_ids":["Participants"],"affiliation":"东北农业大学","id":"T091","icpc_id":"T091","name":"我也想参加女生赛","organization_id":"东北农业大学","members":""},{"externalid":"T094","group_ids":["Participants"],"affiliation":"东北师范大学","id":"T094","icpc_id":"T094","name":"凛冬将逝","organization_id":"东北师范大学","members":""},{"externalid":"T096","group_ids":["Participants"],"affiliation":"东华大学","id":"T096","icpc_id":"T096","name":"cf没上红","organization_id":"东华大学","members":""},{"externalid":"T097","group_ids":["Participants"],"affiliation":"东华大学","id":"T097","icpc_id":"T097","name":"华东大学2队","organization_id":"东华大学","members":""},{"externalid":"T098","group_ids":["Participants"],"affiliation":"东南大学","id":"T098","icpc_id":"T098","name":"KAT","organization_id":"东南大学","members":""},{"externalid":"T100","group_ids":["Participants"],"affiliation":"东南大学","id":"T100","icpc_id":"T100","name":"咸水小黄鸭","organization_id":"东南大学","members":""},{"externalid":"T115","group_ids":["Participants"],"affiliation":"福建工程学院","id":"T115","icpc_id":"T115","name":"猫猫不流泪","organization_id":"福建工程学院","members":""},{"externalid":"T118","group_ids":["Participants"],"affiliation":"福建师范大学","id":"T118","icpc_id":"T118","name":"零题上分","organization_id":"福建师范大学","members":""},{"externalid":"T121","group_ids":["Participants"],"affiliation":"福州大学","id":"T121","icpc_id":"T121","name":"从头开始","organization_id":"福州大学","members":""},{"externalid":"T122","group_ids":["Participants"],"affiliation":"福州大学","id":"T122","icpc_id":"T122","name":"全机房都叫大能石米","organization_id":"福州大学","members":""},{"externalid":"T125","group_ids":["Participants"],"affiliation":"复旦大学","id":"T125","icpc_id":"T125","name":"FCT太难啦","organization_id":"复旦大学","members":""},{"externalid":"T126","group_ids":["Participants"],"affiliation":"复旦大学","id":"T126","icpc_id":"T126","name":"稻花香里说丰年","organization_id":"复旦大学","members":""},{"externalid":"T127","group_ids":["Participants"],"affiliation":"复旦大学","id":"T127","icpc_id":"T127","name":"罚时之星","organization_id":"复旦大学","members":""},{"externalid":"T128","group_ids":["Participants"],"affiliation":"香港中文大学（深圳）","id":"T128","icpc_id":"T128","name":"三只天线宝宝","organization_id":"香港中文大学（深圳）","members":""},{"externalid":"T130","group_ids":["Participants"],"affiliation":"广东财经大学","id":"T130","icpc_id":"T130","name":"瓜皮瓜皮瓜","organization_id":"广东财经大学","members":""},{"externalid":"T132","group_ids":["Participants"],"affiliation":"广东工业大学","id":"T132","icpc_id":"T132","name":"轱辘淋巴","organization_id":"广东工业大学","members":""},{"externalid":"T133","group_ids":["Participants"],"affiliation":"广东工业大学","id":"T133","icpc_id":"T133","name":"老爷保号","organization_id":"广东工业大学","members":""},{"externalid":"T136","group_ids":["Participants"],"affiliation":"广西师范大学","id":"T136","icpc_id":"T136","name":"会当凌绝顶","organization_id":"广西师范大学","members":""},{"externalid":"T137","group_ids":["Participants"],"affiliation":"广州大学","id":"T137","icpc_id":"T137","name":"楼下好兄弟","organization_id":"广州大学","members":""},{"externalid":"T138","group_ids":["Participants"],"affiliation":"广州大学","id":"T138","icpc_id":"T138","name":"这里难道不是麦当劳吗","organization_id":"广州大学","members":""},{"externalid":"T139","group_ids":["Participants"],"affiliation":"桂林电子科技大学","id":"T139","icpc_id":"T139","name":"爆0爆0爆0","organization_id":"桂林电子科技大学","members":""},{"externalid":"T140","group_ids":["Participants"],"affiliation":"桂林电子科技大学","id":"T140","icpc_id":"T140","name":"这题必能a","organization_id":"桂林电子科技大学","members":""},{"externalid":"T143","group_ids":["Participants"],"affiliation":"中国科学院大学","id":"T143","icpc_id":"T143","name":"Freshman Pro X","organization_id":"中国科学院大学","members":""},{"externalid":"T144","group_ids":["Participants"],"affiliation":"哈尔滨工程大学","id":"T144","icpc_id":"T144","name":"噔噔咚","organization_id":"哈尔滨工程大学","members":""},{"externalid":"T145","group_ids":["Participants"],"affiliation":"哈尔滨工程大学","id":"T145","icpc_id":"T145","name":"紫罗兰永恒花园","organization_id":"哈尔滨工程大学","members":""},{"externalid":"T147","group_ids":["Participants"],"affiliation":"哈尔滨工业大学","id":"T147","icpc_id":"T147","name":"哈工大还是没有空调","organization_id":"哈尔滨工业大学","members":""},{"externalid":"T149","group_ids":["Participants"],"affiliation":"哈尔滨工业大学","id":"T149","icpc_id":"T149","name":"希望气球没事","organization_id":"哈尔滨工业大学","members":""},{"externalid":"T150","group_ids":["Participants"],"affiliation":"哈尔滨工业大学","id":"T150","icpc_id":"T150","name":"仲夏夜之梦","organization_id":"哈尔滨工业大学","members":""},{"externalid":"T151","group_ids":["Participants"],"affiliation":"哈尔滨工业大学（深圳）","id":"T151","icpc_id":"T151","name":"4队","organization_id":"哈尔滨工业大学（深圳）","members":""},{"externalid":"T152","group_ids":["Participants"],"affiliation":"哈尔滨工业大学（深圳）","id":"T152","icpc_id":"T152","name":"鸽子自动稽","organization_id":"哈尔滨工业大学（深圳）","members":""},{"externalid":"T153","group_ids":["Participants"],"affiliation":"哈尔滨工业大学（深圳）","id":"T153","icpc_id":"T153","name":"逆流沙","organization_id":"哈尔滨工业大学（深圳）","members":""},{"externalid":"T154","group_ids":["Participants"],"affiliation":"哈尔滨工业大学（威海）","id":"T154","icpc_id":"T154","name":"三鸽战队","organization_id":"哈尔滨工业大学（威海）","members":""},{"externalid":"T155","group_ids":["Participants"],"affiliation":"哈尔滨工业大学（威海）","id":"T155","icpc_id":"T155","name":"三个拉跨","organization_id":"哈尔滨工业大学（威海）","members":""},{"externalid":"T156","group_ids":["Participants"],"affiliation":"哈尔滨工业大学（威海）","id":"T156","icpc_id":"T156","name":"窝窝头","organization_id":"哈尔滨工业大学（威海）","members":""},{"externalid":"T157","group_ids":["Participants"],"affiliation":"哈尔滨工业大学（威海）","id":"T157","icpc_id":"T157","name":"芜湖摸鱼","organization_id":"哈尔滨工业大学（威海）","members":""},{"externalid":"T159","group_ids":["Participants"],"affiliation":"哈尔滨理工大学","id":"T159","icpc_id":"T159","name":"哈理工3队","organization_id":"哈尔滨理工大学","members":""},{"externalid":"T160","group_ids":["Participants"],"affiliation":"哈尔滨理工大学","id":"T160","icpc_id":"T160","name":"哈理工4队","organization_id":"哈尔滨理工大学","members":""},{"externalid":"T162","group_ids":["Participants"],"affiliation":"哈尔滨学院","id":"T162","icpc_id":"T162","name":"可乐鸡","organization_id":"哈尔滨学院","members":""},{"externalid":"T165","group_ids":["Participants"],"affiliation":"杭州电子科技大学","id":"T165","icpc_id":"T165","name":"BonVoyage","organization_id":"杭州电子科技大学","members":""},{"externalid":"T166","group_ids":["Participants"],"affiliation":"杭州电子科技大学","id":"T166","icpc_id":"T166","name":"轮到我了","organization_id":"杭州电子科技大学","members":""},{"externalid":"T167","group_ids":["Participants"],"affiliation":"杭州电子科技大学","id":"T167","icpc_id":"T167","name":"吾有一數名之曰誒","organization_id":"杭州电子科技大学","members":""},{"externalid":"T170","group_ids":["Participants"],"affiliation":"杭州师范大学","id":"T170","icpc_id":"T170","name":"TI1049","organization_id":"杭州师范大学","members":""},{"externalid":"T171","group_ids":["Participants"],"affiliation":"杭州师范大学","id":"T171","icpc_id":"T171","name":"洗洗睡了","organization_id":"杭州师范大学","members":""},{"externalid":"T173","group_ids":["Participants"],"affiliation":"合肥学院","id":"T173","icpc_id":"T173","name":"God.random","organization_id":"合肥学院","members":""},{"externalid":"T174","group_ids":["Participants"],"affiliation":"合肥学院","id":"T174","icpc_id":"T174","name":"可乐狗","organization_id":"合肥学院","members":""},{"externalid":"T177","group_ids":["Participants"],"affiliation":"合肥工业大学宣城校区","id":"T177","icpc_id":"T177","name":"飞升辣椒","organization_id":"合肥工业大学宣城校区","members":""},{"externalid":"T179","group_ids":["Participants"],"affiliation":"河北大学","id":"T179","icpc_id":"T179","name":"云帆WA","organization_id":"河北大学","members":""},{"externalid":"T180","group_ids":["Participants"],"affiliation":"河北工业大学","id":"T180","icpc_id":"T180","name":"铁牌镀铜","organization_id":"河北工业大学","members":""},{"externalid":"T182","group_ids":["Participants"],"affiliation":"河北农业大学","id":"T182","icpc_id":"T182","name":"主办方我能看下奖牌吗","organization_id":"河北农业大学","members":""},{"externalid":"T185","group_ids":["Participants"],"affiliation":"河北师范大学","id":"T185","icpc_id":"T185","name":"两极反转","organization_id":"河北师范大学","members":""},{"externalid":"T187","group_ids":["Participants"],"affiliation":"河海大学常州校区","id":"T187","icpc_id":"T187","name":"咸鱼翻身","organization_id":"河海大学常州校区","members":""},{"externalid":"T188","group_ids":["Participants"],"affiliation":"河海大学","id":"T188","icpc_id":"T188","name":"ccpc加油","organization_id":"河海大学","members":""},{"externalid":"T189","group_ids":["Participants"],"affiliation":"河海大学","id":"T189","icpc_id":"T189","name":"我永远喜欢由比滨结衣","organization_id":"河海大学","members":""},{"externalid":"T190","group_ids":["Participants"],"affiliation":"河南财政金融学院","id":"T190","icpc_id":"T190","name":"打铁小分队","organization_id":"河南财政金融学院","members":""},{"externalid":"T192","group_ids":["Participants"],"affiliation":"河南大学","id":"T192","icpc_id":"T192","name":"怎么不问问派大星呢","organization_id":"河南大学","members":""},{"externalid":"T193","group_ids":["Participants"],"affiliation":"河南工业大学","id":"T193","icpc_id":"T193","name":"选错赛区白打三年","organization_id":"河南工业大学","members":""},{"externalid":"T196","group_ids":["Participants"],"affiliation":"河南理工大学","id":"T196","icpc_id":"T196","name":"咕咕自动机","organization_id":"河南理工大学","members":""},{"externalid":"T197","group_ids":["Participants"],"affiliation":"河南理工大学","id":"T197","icpc_id":"T197","name":"三个菜鸡齐力下厨","organization_id":"河南理工大学","members":""},{"externalid":"T199","group_ids":["Participants"],"affiliation":"河南农业大学","id":"T199","icpc_id":"T199","name":"我想要个offer","organization_id":"河南农业大学","members":""},{"externalid":"T201","group_ids":["Participants"],"affiliation":"黑龙江大学","id":"T201","icpc_id":"T201","name":"加帕里哲学三轮车改","organization_id":"黑龙江大学","members":""},{"externalid":"T202","group_ids":["Participants"],"affiliation":"湖北工业大学","id":"T202","icpc_id":"T202","name":"菜鸡抱大腿","organization_id":"湖北工业大学","members":""},{"externalid":"T203","group_ids":["Participants"],"affiliation":"湖北第二师范学院","id":"T203","icpc_id":"T203","name":"不要停下来啊","organization_id":"湖北第二师范学院","members":""},{"externalid":"T205","group_ids":["Participants"],"affiliation":"华东交通大学","id":"T205","icpc_id":"T205","name":"膜先堡的小膜仙","organization_id":"华东交通大学","members":""},{"externalid":"T206","group_ids":["Participants"],"affiliation":"华东师范大学","id":"T206","icpc_id":"T206","name":"下划线","organization_id":"华东师范大学","members":""},{"externalid":"T207","group_ids":["Participants"],"affiliation":"华南理工大学","id":"T207","icpc_id":"T207","name":"零号行星群","organization_id":"华南理工大学","members":""},{"externalid":"T208","group_ids":["Participants"],"affiliation":"华南理工大学","id":"T208","icpc_id":"T208","name":"清炖鸽子汤","organization_id":"华南理工大学","members":""},{"externalid":"T209","group_ids":["Participants"],"affiliation":"华南理工大学","id":"T209","icpc_id":"T209","name":"我亲爱的大佬请带带我","organization_id":"华南理工大学","members":""},{"externalid":"T211","group_ids":["Participants"],"affiliation":"华南师范大学","id":"T211","icpc_id":"T211","name":"我带你们打","organization_id":"华南师范大学","members":""},{"externalid":"T212","group_ids":["Participants"],"affiliation":"华北水利水电大学","id":"T212","icpc_id":"T212","name":"这题不A掉谁也别想睡","organization_id":"华北水利水电大学","members":""},{"externalid":"T213","group_ids":["Participants"],"affiliation":"华中科技大学","id":"T213","icpc_id":"T213","name":"不给牌就捣蛋","organization_id":"华中科技大学","members":""},{"externalid":"T214","group_ids":["Participants"],"affiliation":"华中农业大学","id":"T214","icpc_id":"T214","name":"暴力碾标算","organization_id":"华中农业大学","members":""},{"externalid":"T215","group_ids":["Participants"],"affiliation":"华中农业大学","id":"T215","icpc_id":"T215","name":"你在赣神魔","organization_id":"华中农业大学","members":""},{"externalid":"T218","group_ids":["Participants"],"affiliation":"华中师范大学","id":"T218","icpc_id":"T218","name":"咕咕咕的三只鸽子","organization_id":"华中师范大学","members":""},{"externalid":"T221","group_ids":["Participants"],"affiliation":"吉林大学","id":"T221","icpc_id":"T221","name":"世末鸽者","organization_id":"吉林大学","members":""},{"externalid":"T222","group_ids":["Participants"],"affiliation":"济南大学","id":"T222","icpc_id":"T222","name":"流星","organization_id":"济南大学","members":""},{"externalid":"T224","group_ids":["Participants"],"affiliation":"暨南大学","id":"T224","icpc_id":"T224","name":"hsp的小弟","organization_id":"暨南大学","members":""},{"externalid":"T227","group_ids":["Participants"],"affiliation":"江苏科技大学","id":"T227","icpc_id":"T227","name":"拿金就女装","organization_id":"江苏科技大学","members":""},{"externalid":"T232","group_ids":["Participants"],"affiliation":"江西财经大学","id":"T232","icpc_id":"T232","name":"下一回合就刷cf","organization_id":"江西财经大学","members":""},{"externalid":"T237","group_ids":["Participants"],"affiliation":"江西师范大学","id":"T237","icpc_id":"T237","name":"从零开始的ACM生活","organization_id":"江西师范大学","members":""},{"externalid":"T249","group_ids":["Participants"],"affiliation":"中国矿业大学","id":"T249","icpc_id":"T249","name":"摸着我可爱的自己","organization_id":"中国矿业大学","members":""},{"externalid":"T252","group_ids":["Participants"],"affiliation":"乐山师范学院","id":"T252","icpc_id":"T252","name":"楼上慢一点","organization_id":"乐山师范学院","members":""},{"externalid":"T254","group_ids":["Participants"],"affiliation":"闽江学院","id":"T254","icpc_id":"T254","name":"乱杀代码队","organization_id":"闽江学院","members":""},{"externalid":"T257","group_ids":["Participants"],"affiliation":"闽南师范大学","id":"T257","icpc_id":"T257","name":"英语课代表","organization_id":"闽南师范大学","members":""},{"externalid":"T259","group_ids":["Participants"],"affiliation":"南昌大学","id":"T259","icpc_id":"T259\t","name":"undefine","organization_id":"南昌大学","members":""},{"externalid":"T263","group_ids":["Participants"],"affiliation":"南昌航空大学","id":"T263","icpc_id":"T263","name":"三个工具人","organization_id":"南昌航空大学","members":""},{"externalid":"T264","group_ids":["Participants"],"affiliation":"南昌航空大学","id":"T264","icpc_id":"T264","name":"自古签到是C题","organization_id":"南昌航空大学","members":""},{"externalid":"T268","group_ids":["Participants"],"affiliation":"南昌理工学院","id":"T268","icpc_id":"T268","name":"最终一战","organization_id":"南昌理工学院","members":""},{"externalid":"T271","group_ids":["Participants"],"affiliation":"南京大学","id":"T271","icpc_id":"T271","name":"Icdereap","organization_id":"南京大学","members":""},{"externalid":"T275","group_ids":["Participants"],"affiliation":"南京大学","id":"T275","icpc_id":"T275","name":"吊打yyb","organization_id":"南京大学","members":""},{"externalid":"T276","group_ids":["Participants"],"affiliation":"南京大学","id":"T276","icpc_id":"T276","name":"伽马猪","organization_id":"南京大学","members":""},{"externalid":"T283","group_ids":["Participants"],"affiliation":"南京大学","id":"T283","icpc_id":"T283","name":"想吃派蒙的旅行者","organization_id":"南京大学","members":""},{"externalid":"T287","group_ids":["Participants"],"affiliation":"南方科技大学","id":"T287","icpc_id":"T287","name":"奥奈克斯","organization_id":"南方科技大学","members":""},{"externalid":"T288","group_ids":["Participants"],"affiliation":"南方科技大学","id":"T288","icpc_id":"T288","name":"洛桑","organization_id":"南方科技大学","members":""},{"externalid":"T289","group_ids":["Participants"],"affiliation":"南方科技大学","id":"T289","icpc_id":"T289","name":"日内瓦","organization_id":"南方科技大学","members":""},{"externalid":"T291","group_ids":["Participants"],"affiliation":"南京理工大学","id":"T291","icpc_id":"T291","name":"莼菜的队","organization_id":"南京理工大学","members":""},{"externalid":"T292","group_ids":["Participants"],"affiliation":"南京理工大学","id":"T292","icpc_id":"T292","name":"南理瞎玩","organization_id":"南京理工大学","members":""},{"externalid":"T294","group_ids":["Participants"],"affiliation":"南京晓庄学院","id":"T294","icpc_id":"T294","name":"一千伍","organization_id":"南京晓庄学院","members":""},{"externalid":"T297","group_ids":["Participants"],"affiliation":"南京信息工程大学","id":"T297","icpc_id":"T297","name":"咕咕咕咕咕咕","organization_id":"南京信息工程大学","members":""},{"externalid":"T300","group_ids":["Participants"],"affiliation":"南阳理工学院","id":"T300","icpc_id":"T300","name":"被竞赛耽误的念诗先锋","organization_id":"南阳理工学院","members":""},{"externalid":"T306","group_ids":["Participants"],"affiliation":"南京邮电大学","id":"T306","icpc_id":"T306","name":"池塘超越续蛤蜊蛤","organization_id":"南京邮电大学","members":""},{"externalid":"T307","group_ids":["Participants"],"affiliation":"南京邮电大学","id":"T307","icpc_id":"T307","name":"大草原","organization_id":"南京邮电大学","members":""},{"externalid":"T310","group_ids":["Participants"],"affiliation":"内蒙古师范大学","id":"T310","icpc_id":"T310","name":"可持久化深度学习","organization_id":"内蒙古师范大学","members":""},{"externalid":"T312","group_ids":["Participants"],"affiliation":"宁波大学","id":"T312","icpc_id":"T312","name":"快乐的小马驹","organization_id":"宁波大学","members":""},{"externalid":"T314","group_ids":["Participants"],"affiliation":"浙大宁波理工学院","id":"T314","icpc_id":"T314","name":"灯火辛勤","organization_id":"浙大宁波理工学院","members":""},{"externalid":"T316","group_ids":["Participants"],"affiliation":"青岛大学","id":"T316","icpc_id":"T316","name":"大佬们带我飞","organization_id":"青岛大学","members":""},{"externalid":"T319","group_ids":["Participants"],"affiliation":"三峡大学","id":"T319","icpc_id":"T319","name":"凝固的牌牌","organization_id":"三峡大学","members":""},{"externalid":"T320","group_ids":["Participants"],"affiliation":"厦门大学","id":"T320","icpc_id":"T320","name":"泰深","organization_id":"厦门大学","members":""},{"externalid":"T324","group_ids":["Participants"],"affiliation":"山东大学","id":"T324","icpc_id":"T324","name":"Pikachu","organization_id":"山东大学","members":""},{"externalid":"T325","group_ids":["Participants"],"affiliation":"山东大学","id":"T325","icpc_id":"T325","name":"yaleyale","organization_id":"山东大学","members":""},{"externalid":"T326","group_ids":["Participants"],"affiliation":"山东大学","id":"T326","icpc_id":"T326","name":"大白兔奶糖","organization_id":"山东大学","members":""},{"externalid":"T327","group_ids":["Participants"],"affiliation":"山东财经大学","id":"T327","icpc_id":"T327","name":"西瓜开门","organization_id":"山东财经大学","members":""},{"externalid":"T330","group_ids":["Participants"],"affiliation":"山东理工大学","id":"T330","icpc_id":"T330","name":"lzz上分之旅","organization_id":"山东理工大学","members":""},{"externalid":"T331","group_ids":["Participants"],"affiliation":"山东理工大学","id":"T331","icpc_id":"T331","name":"今天拿铁半价","organization_id":"山东理工大学","members":""},{"externalid":"T332","group_ids":["Participants"],"affiliation":"山东理工大学","id":"T332","icpc_id":"T332","name":"千寻","organization_id":"山东理工大学","members":""},{"externalid":"T334","group_ids":["Participants"],"affiliation":"山东农业大学","id":"T334","icpc_id":"T334","name":"秋天的第一个AC","organization_id":"山东农业大学","members":""},{"externalid":"T336","group_ids":["Participants"],"affiliation":"山东科技大学","id":"T336","icpc_id":"T336","name":"SKD大使号","organization_id":"山东科技大学","members":""},{"externalid":"T337","group_ids":["Participants"],"affiliation":"山东科技大学","id":"T337","icpc_id":"T337","name":"SKD夏延号","organization_id":"山东科技大学","members":""},{"externalid":"T341","group_ids":["Participants"],"affiliation":"山东大学（威海）","id":"T341","icpc_id":"T341","name":"老当益壮","organization_id":"山东大学（威海）","members":""},{"externalid":"T348","group_ids":["Participants"],"affiliation":"上海大学","id":"T348","icpc_id":"T348","name":"魔菜队","organization_id":"上海大学","members":""},{"externalid":"T349","group_ids":["Participants"],"affiliation":"上海大学","id":"T349","icpc_id":"T349","name":"未命名","organization_id":"上海大学","members":""},{"externalid":"T351","group_ids":["Participants"],"affiliation":"上海交通大学","id":"T351","icpc_id":"T351","name":"北落师门","organization_id":"上海交通大学","members":""},{"externalid":"T352","group_ids":["Participants"],"affiliation":"上海交通大学","id":"T352","icpc_id":"T352","name":"竖起天线","organization_id":"上海交通大学","members":""},{"externalid":"T353","group_ids":["Participants"],"affiliation":"上海交通大学","id":"T353","icpc_id":"T353","name":"希神始源","organization_id":"上海交通大学","members":""},{"externalid":"T356","group_ids":["Participants"],"affiliation":"深圳大学","id":"T356","icpc_id":"T356","name":"Team of GB","organization_id":"深圳大学","members":""},{"externalid":"T357","group_ids":["Participants"],"affiliation":"深圳大学","id":"T357","icpc_id":"T357","name":"那么小声还想ac","organization_id":"深圳大学","members":""},{"externalid":"T359","group_ids":["Participants"],"affiliation":"中国石油大学（华东）","id":"T359","icpc_id":"T359","name":"手撕题面","organization_id":"中国石油大学（华东）","members":""},{"externalid":"T360","group_ids":["Participants"],"affiliation":"中国石油大学（华东）","id":"T360","icpc_id":"T360","name":"先定一个小目标","organization_id":"中国石油大学（华东）","members":""},{"externalid":"T365","group_ids":["Participants"],"affiliation":"中国石油大学（北京）","id":"T365","icpc_id":"T365","name":"头顶天山鹅毛雪","organization_id":"中国石油大学（北京）","members":""},{"externalid":"T371","group_ids":["Participants"],"affiliation":"苏州大学","id":"T371","icpc_id":"T371","name":"可持久化键盘冒鸽","organization_id":"苏州大学","members":""},{"externalid":"T372","group_ids":["Participants"],"affiliation":"苏州大学","id":"T372","icpc_id":"T372","name":"树上停滞机","organization_id":"苏州大学","members":""},{"externalid":"T373","group_ids":["Participants"],"affiliation":"太原理工大学","id":"T373","icpc_id":"T373","name":"明向故事","organization_id":"太原理工大学","members":""},{"externalid":"T376","group_ids":["Participants"],"affiliation":"天津大学","id":"T376","icpc_id":"T376","name":"_Tourist","organization_id":"天津大学","members":""},{"externalid":"T377","group_ids":["Participants"],"affiliation":"天津大学","id":"T377","icpc_id":"T377","name":"背着队友偷偷WA","organization_id":"天津大学","members":""},{"externalid":"T378","group_ids":["Participants"],"affiliation":"天津大学","id":"T378","icpc_id":"T378","name":"月下带花树","organization_id":"天津大学","members":""},{"externalid":"T381","group_ids":["Participants"],"affiliation":"天津大学仁爱学院","id":"T381","icpc_id":"T381","name":"small guo guo退役了","organization_id":"天津大学仁爱学院","members":""},{"externalid":"T385","group_ids":["Participants"],"affiliation":"同济大学","id":"T385","icpc_id":"T385","name":"电脑","organization_id":"同济大学","members":""},{"externalid":"T386","group_ids":["Participants"],"affiliation":"同济大学","id":"T386","icpc_id":"T386","name":"机械化就输不了","organization_id":"同济大学","members":""},{"externalid":"T388","group_ids":["Participants"],"affiliation":"浙江万里学院","id":"T388","icpc_id":"T388","name":"左手伏特加右手波波沙","organization_id":"浙江万里学院","members":""},{"externalid":"T389","group_ids":["Participants"],"affiliation":"温州大学","id":"T389","icpc_id":"T389","name":"温大一队","organization_id":"温州大学","members":""},{"externalid":"T390","group_ids":["Participants"],"affiliation":"武汉大学","id":"T390","icpc_id":"T390","name":"队友睡着了","organization_id":"武汉大学","members":""},{"externalid":"T391","group_ids":["Participants"],"affiliation":"武汉大学","id":"T391","icpc_id":"T391","name":"今晚不加班","organization_id":"武汉大学","members":""},{"externalid":"T393","group_ids":["Participants"],"affiliation":"武汉纺织大学","id":"T393","icpc_id":"T393","name":"可持续化TLE","organization_id":"武汉纺织大学","members":""},{"externalid":"T396","group_ids":["Participants"],"affiliation":"武汉科技大学","id":"T396","icpc_id":"T396","name":"换个题继续wa","organization_id":"武汉科技大学","members":""},{"externalid":"T397","group_ids":["Participants"],"affiliation":"武汉科技大学","id":"T397","icpc_id":"T397","name":"咩吖","organization_id":"武汉科技大学","members":""},{"externalid":"T398","group_ids":["Participants"],"affiliation":"武汉理工大学","id":"T398","icpc_id":"T398","name":"WAToFinal","organization_id":"武汉理工大学","members":""},{"externalid":"T400","group_ids":["Participants"],"affiliation":"西安理工大学","id":"T400","icpc_id":"T400","name":"啥都不知道的萌新qaq","organization_id":"西安理工大学","members":""},{"externalid":"T401","group_ids":["Participants"],"affiliation":"西北大学","id":"T401","icpc_id":"T401","name":"1e9V","organization_id":"西北大学","members":""},{"externalid":"T402","group_ids":["Participants"],"affiliation":"西北大学","id":"T402","icpc_id":"T402","name":"双叶一下","organization_id":"西北大学","members":""},{"externalid":"T406","group_ids":["Participants"],"affiliation":"西北工业大学","id":"T406","icpc_id":"T406","name":"教练我们学校有牌啦","organization_id":"西北工业大学","members":""},{"externalid":"T407","group_ids":["Participants"],"affiliation":"西北工业大学","id":"T407","icpc_id":"T407","name":"炼金术士","organization_id":"西北工业大学","members":""},{"externalid":"T408","group_ids":["Participants"],"affiliation":"西北工业大学","id":"T408","icpc_id":"T408","name":"日暮山水","organization_id":"西北工业大学","members":""},{"externalid":"T409","group_ids":["Participants"],"affiliation":"西安交通大学","id":"T409","icpc_id":"T409","name":"渡渡鸟幼儿园","organization_id":"西安交通大学","members":""},{"externalid":"T410","group_ids":["Participants"],"affiliation":"西安交通大学","id":"T410","icpc_id":"T410","name":"非自然AC","organization_id":"西安交通大学","members":""},{"externalid":"T411","group_ids":["Participants"],"affiliation":"西安交通大学","id":"T411","icpc_id":"T411","name":"速八酒痞","organization_id":"西安交通大学","members":""},{"externalid":"T413","group_ids":["Participants"],"affiliation":"西藏民族大学","id":"T413","icpc_id":"T413","name":"秦汉三人组","organization_id":"西藏民族大学","members":""},{"externalid":"T415","group_ids":["Participants"],"affiliation":"西南交通大学","id":"T415","icpc_id":"T415","name":"唯","organization_id":"西南交通大学","members":""},{"externalid":"T416","group_ids":["Participants"],"affiliation":"西南交通大学","id":"T416","icpc_id":"T416","name":"站着挣钱","organization_id":"西南交通大学","members":""},{"externalid":"T418","group_ids":["Participants"],"affiliation":"西南科技大学","id":"T418","icpc_id":"T418","name":"Endless","organization_id":"西南科技大学","members":""},{"externalid":"T419","group_ids":["Participants"],"affiliation":"西南科技大学","id":"T419","icpc_id":"T419","name":"Z.C.R","organization_id":"西南科技大学","members":""},{"externalid":"T420","group_ids":["Participants"],"affiliation":"西南科技大学","id":"T420","icpc_id":"T420","name":"老年打铁选手","organization_id":"西南科技大学","members":""},{"externalid":"T421","group_ids":["Participants"],"affiliation":"西南科技大学","id":"T421","icpc_id":"T421","name":"其实我们是女队","organization_id":"西南科技大学","members":""},{"externalid":"T425","group_ids":["Participants"],"affiliation":"西南民族大学","id":"T425","icpc_id":"T425","name":"肉蛋葱鸡","organization_id":"西南民族大学","members":""},{"externalid":"T426","group_ids":["Participants"],"affiliation":"西南石油大学","id":"T426","icpc_id":"T426","name":"运行错误","organization_id":"西南石油大学","members":""},{"externalid":"T430","group_ids":["Participants"],"affiliation":"烟台大学","id":"T430","icpc_id":"T430","name":"伊丽莎白","organization_id":"烟台大学","members":""},{"externalid":"T432","group_ids":["Participants"],"affiliation":"长安大学","id":"T432","icpc_id":"T432","name":"打完比赛去吃黄焖鸡","organization_id":"长安大学","members":""},{"externalid":"T436","group_ids":["Participants"],"affiliation":"长春理工大学","id":"T436","icpc_id":"T436","name":"听取蛙声一片","organization_id":"长春理工大学","members":""},{"externalid":"T437","group_ids":["Participants"],"affiliation":"长春理工大学","id":"T437","icpc_id":"T437","name":"我才是长理九队","organization_id":"长春理工大学","members":""},{"externalid":"T438","group_ids":["Participants"],"affiliation":"长春理工大学","id":"T438","icpc_id":"T438","name":"我真是长理9队","organization_id":"长春理工大学","members":""},{"externalid":"T439","group_ids":["Participants"],"affiliation":"长春理工大学","id":"T439","icpc_id":"T439","name":"长理-1队","organization_id":"长春理工大学","members":""},{"externalid":"T441","group_ids":["Participants"],"affiliation":"长沙理工大学","id":"T441","icpc_id":"T441","name":"小学生轻点虐","organization_id":"长沙理工大学","members":""},{"externalid":"T443","group_ids":["Participants"],"affiliation":"浙江大学","id":"T443","icpc_id":"T443","name":"CraZyMoon","organization_id":"浙江大学","members":""},{"externalid":"T444","group_ids":["Participants"],"affiliation":"浙江大学","id":"T444","icpc_id":"T444","name":"无人知晓的队伍名称","organization_id":"浙江大学","members":""},{"externalid":"T445","group_ids":["Participants"],"affiliation":"浙江大学","id":"T445","icpc_id":"T445","name":"虚空之梦","organization_id":"浙江大学","members":""},{"externalid":"T446","group_ids":["Participants"],"affiliation":"浙大城市学院","id":"T446","icpc_id":"T446","name":"童话术士","organization_id":"浙大城市学院","members":""},{"externalid":"T450","group_ids":["Participants"],"affiliation":"浙江工业大学","id":"T450","icpc_id":"T450","name":"ZJUT12","organization_id":"浙江工业大学","members":""},{"externalid":"T451","group_ids":["Participants"],"affiliation":"浙江工业大学","id":"T451","icpc_id":"T451","name":"ZJUT13","organization_id":"浙江工业大学","members":""},{"externalid":"T456","group_ids":["Participants"],"affiliation":"浙江科技学院","id":"T456","icpc_id":"T456","name":"这次一定","organization_id":"浙江科技学院","members":""},{"externalid":"T457","group_ids":["Participants"],"affiliation":"浙江理工大学","id":"T457","icpc_id":"T457","name":"奶茶茶","organization_id":"浙江理工大学","members":""},{"externalid":"T458","group_ids":["Participants"],"affiliation":"浙江理工大学","id":"T458","icpc_id":"T458","name":"你好骚啊","organization_id":"浙江理工大学","members":""},{"externalid":"T459","group_ids":["Participants"],"affiliation":"浙江理工大学","id":"T459","icpc_id":"T459","name":"又双叒叕AC了","organization_id":"浙江理工大学","members":""},{"externalid":"T462","group_ids":["Participants"],"affiliation":"浙江农林大学","id":"T462","icpc_id":"T462","name":"AC不如跳舞","organization_id":"浙江农林大学","members":""},{"externalid":"T463","group_ids":["Participants"],"affiliation":"浙江农林大学","id":"T463","icpc_id":"T463","name":"此处为铜牌线","organization_id":"浙江农林大学","members":""},{"externalid":"T464","group_ids":["Participants"],"affiliation":"浙江农林大学","id":"T464","icpc_id":"T464","name":"讨论组","organization_id":"浙江农林大学","members":""},{"externalid":"T467","group_ids":["Participants"],"affiliation":"浙江师范大学","id":"T467","icpc_id":"T467","name":"达芬奇骑芬达","organization_id":"浙江师范大学","members":""},{"externalid":"T469","group_ids":["Participants"],"affiliation":"浙江师范大学","id":"T469","icpc_id":"T469","name":"嘤嘤嘤","organization_id":"浙江师范大学","members":""},{"externalid":"T472","group_ids":["Participants"],"affiliation":"浙江中医药大学","id":"T472","icpc_id":"T472","name":"小伙子你那什么车","organization_id":"浙江中医药大学","members":""},{"externalid":"T473","group_ids":["Participants"],"affiliation":"浙江中医药大学","id":"T473","icpc_id":"T473","name":"一个滑铲","organization_id":"浙江中医药大学","members":""},{"externalid":"T474","group_ids":["Participants"],"affiliation":"郑州大学","id":"T474","icpc_id":"T474","name":"ZZU_0x11","organization_id":"郑州大学","members":""},{"externalid":"T476","group_ids":["Participants"],"affiliation":"郑州大学","id":"T476","icpc_id":"T476","name":"ZZU_0x44","organization_id":"郑州大学","members":""},{"externalid":"T480","group_ids":["Participants"],"affiliation":"郑州轻工业大学","id":"T480","icpc_id":"T480","name":"轻大幼儿园","organization_id":"郑州轻工业大学","members":""},{"externalid":"T484","group_ids":["Participants"],"affiliation":"中北大学","id":"T484","icpc_id":"T484","name":"键盘攻击伤害加倍","organization_id":"中北大学","members":""},{"externalid":"T489","group_ids":["Participants"],"affiliation":"中山大学","id":"T489","icpc_id":"T489","name":"吃啥啥不剩","organization_id":"中山大学","members":""},{"externalid":"T490","group_ids":["Participants"],"affiliation":"中山大学","id":"T490","icpc_id":"T490","name":"枸杞不加冰","organization_id":"中山大学","members":""},{"externalid":"T492","group_ids":["Participants"],"affiliation":"中山大学","id":"T492","icpc_id":"T492","name":"午餐奶","organization_id":"中山大学","members":""},{"externalid":"T494","group_ids":["Participants"],"affiliation":"中国计量大学","id":"T494","icpc_id":"T494","name":"超时自动机","organization_id":"中国计量大学","members":""},{"externalid":"T497","group_ids":["Participants"],"affiliation":"中南民族大学","id":"T497","icpc_id":"T497","name":"队友老划水我好没面子","organization_id":"中南民族大学","members":""},{"externalid":"T498","group_ids":["Participants"],"affiliation":"重庆大学","id":"T498","icpc_id":"T498","name":"今晚打老虎","organization_id":"重庆大学","members":""},{"externalid":"T499","group_ids":["Participants"],"affiliation":"重庆大学","id":"T499","icpc_id":"T499","name":"平安喜乐","organization_id":"重庆大学","members":""},{"externalid":"T500","group_ids":["Participants"],"affiliation":"重庆大学","id":"T500","icpc_id":"T500","name":"一斤甲鱼","organization_id":"重庆大学","members":""},{"externalid":"T501","group_ids":["Participants"],"affiliation":"重庆邮电大学","id":"T501","icpc_id":"T501","name":"老八秘制小汉堡","organization_id":"重庆邮电大学","members":""}]