[{"icpc_id":"安徽大学","shortname":"安徽大学","id":"安徽大学","name":"安徽大学","formal_name":"安徽大学"},{"icpc_id":"安徽科技学院","shortname":"安徽科技学院","id":"安徽科技学院","name":"安徽科技学院","formal_name":"安徽科技学院"},{"icpc_id":"安阳工学院","shortname":"安阳工学院","id":"安阳工学院","name":"安阳工学院","formal_name":"安阳工学院"},{"icpc_id":"北方工业大学","shortname":"北方工业大学","id":"北方工业大学","name":"北方工业大学","formal_name":"北方工业大学"},{"icpc_id":"北华大学","shortname":"北华大学","id":"北华大学","name":"北华大学","formal_name":"北华大学"},{"icpc_id":"北京大学","shortname":"北京大学","id":"北京大学","name":"北京大学","formal_name":"北京大学"},{"icpc_id":"北京航空航天大学","shortname":"北京航空航天大学","id":"北京航空航天大学","name":"北京航空航天大学","formal_name":"北京航空航天大学"},{"icpc_id":"北京化工大学","shortname":"北京化工大学","id":"北京化工大学","name":"北京化工大学","formal_name":"北京化工大学"},{"icpc_id":"北京交通大学","shortname":"北京交通大学","id":"北京交通大学","name":"北京交通大学","formal_name":"北京交通大学"},{"icpc_id":"北京理工大学","shortname":"北京理工大学","id":"北京理工大学","name":"北京理工大学","formal_name":"北京理工大学"},{"icpc_id":"北京林业大学","shortname":"北京林业大学","id":"北京林业大学","name":"北京林业大学","formal_name":"北京林业大学"},{"icpc_id":"北京师范大学","shortname":"北京师范大学","id":"北京师范大学","name":"北京师范大学","formal_name":"北京师范大学"},{"icpc_id":"北京师范大学（珠海校区）","shortname":"北京师范大学（珠海校区）","id":"北京师范大学（珠海校区）","name":"北京师范大学（珠海校区）","formal_name":"北京师范大学（珠海校区）"},{"icpc_id":"北京信息科技大学","shortname":"北京信息科技大学","id":"北京信息科技大学","name":"北京信息科技大学","formal_name":"北京信息科技大学"},{"icpc_id":"北京邮电大学","shortname":"北京邮电大学","id":"北京邮电大学","name":"北京邮电大学","formal_name":"北京邮电大学"},{"icpc_id":"大连大学","shortname":"大连大学","id":"大连大学","name":"大连大学","formal_name":"大连大学"},{"icpc_id":"大连海事大学","shortname":"大连海事大学","id":"大连海事大学","name":"大连海事大学","formal_name":"大连海事大学"},{"icpc_id":"大连理工大学","shortname":"大连理工大学","id":"大连理工大学","name":"大连理工大学","formal_name":"大连理工大学"},{"icpc_id":"电子科技大学","shortname":"电子科技大学","id":"电子科技大学","name":"电子科技大学","formal_name":"电子科技大学"},{"icpc_id":"东北大学","shortname":"东北大学","id":"东北大学","name":"东北大学","formal_name":"东北大学"},{"icpc_id":"东北大学秦皇岛分校","shortname":"东北大学秦皇岛分校","id":"东北大学秦皇岛分校","name":"东北大学秦皇岛分校","formal_name":"东北大学秦皇岛分校"},{"icpc_id":"东北电力大学","shortname":"东北电力大学","id":"东北电力大学","name":"东北电力大学","formal_name":"东北电力大学"},{"icpc_id":"东北林业大学","shortname":"东北林业大学","id":"东北林业大学","name":"东北林业大学","formal_name":"东北林业大学"},{"icpc_id":"东北农业大学","shortname":"东北农业大学","id":"东北农业大学","name":"东北农业大学","formal_name":"东北农业大学"},{"icpc_id":"东北师范大学","shortname":"东北师范大学","id":"东北师范大学","name":"东北师范大学","formal_name":"东北师范大学"},{"icpc_id":"东华大学","shortname":"东华大学","id":"东华大学","name":"东华大学","formal_name":"东华大学"},{"icpc_id":"东南大学","shortname":"东南大学","id":"东南大学","name":"东南大学","formal_name":"东南大学"},{"icpc_id":"福建师范大学","shortname":"福建师范大学","id":"福建师范大学","name":"福建师范大学","formal_name":"福建师范大学"},{"icpc_id":"福州大学","shortname":"福州大学","id":"福州大学","name":"福州大学","formal_name":"福州大学"},{"icpc_id":"复旦大学","shortname":"复旦大学","id":"复旦大学","name":"复旦大学","formal_name":"复旦大学"},{"icpc_id":"广东财经大学","shortname":"广东财经大学","id":"广东财经大学","name":"广东财经大学","formal_name":"广东财经大学"},{"icpc_id":"广东工业大学","shortname":"广东工业大学","id":"广东工业大学","name":"广东工业大学","formal_name":"广东工业大学"},{"icpc_id":"广东外语外贸大学","shortname":"广东外语外贸大学","id":"广东外语外贸大学","name":"广东外语外贸大学","formal_name":"广东外语外贸大学"},{"icpc_id":"广州大学","shortname":"广州大学","id":"广州大学","name":"广州大学","formal_name":"广州大学"},{"icpc_id":"广州大学华软软件学院","shortname":"广州大学华软软件学院","id":"广州大学华软软件学院","name":"广州大学华软软件学院","formal_name":"广州大学华软软件学院"},{"icpc_id":"广州中医药大学","shortname":"广州中医药大学","id":"广州中医药大学","name":"广州中医药大学","formal_name":"广州中医药大学"},{"icpc_id":"贵州大学","shortname":"贵州大学","id":"贵州大学","name":"贵州大学","formal_name":"贵州大学"},{"icpc_id":"桂林电子科技大学","shortname":"桂林电子科技大学","id":"桂林电子科技大学","name":"桂林电子科技大学","formal_name":"桂林电子科技大学"},{"icpc_id":"国防科技大学","shortname":"国防科技大学","id":"国防科技大学","name":"国防科技大学","formal_name":"国防科技大学"},{"icpc_id":"哈尔滨工程大学","shortname":"哈尔滨工程大学","id":"哈尔滨工程大学","name":"哈尔滨工程大学","formal_name":"哈尔滨工程大学"},{"icpc_id":"哈尔滨工业大学","shortname":"哈尔滨工业大学","id":"哈尔滨工业大学","name":"哈尔滨工业大学","formal_name":"哈尔滨工业大学"},{"icpc_id":"哈尔滨工业大学（深圳）","shortname":"哈尔滨工业大学（深圳）","id":"哈尔滨工业大学（深圳）","name":"哈尔滨工业大学（深圳）","formal_name":"哈尔滨工业大学（深圳）"},{"icpc_id":"哈尔滨工业大学（威海）","shortname":"哈尔滨工业大学（威海）","id":"哈尔滨工业大学（威海）","name":"哈尔滨工业大学（威海）","formal_name":"哈尔滨工业大学（威海）"},{"icpc_id":"哈尔滨理工大学","shortname":"哈尔滨理工大学","id":"哈尔滨理工大学","name":"哈尔滨理工大学","formal_name":"哈尔滨理工大学"},{"icpc_id":"杭州电子科技大学","shortname":"杭州电子科技大学","id":"杭州电子科技大学","name":"杭州电子科技大学","formal_name":"杭州电子科技大学"},{"icpc_id":"杭州电子科技大学信息工程学院","shortname":"杭州电子科技大学信息工程学院","id":"杭州电子科技大学信息工程学院","name":"杭州电子科技大学信息工程学院","formal_name":"杭州电子科技大学信息工程学院"},{"icpc_id":"合肥学院","shortname":"合肥学院","id":"合肥学院","name":"合肥学院","formal_name":"合肥学院"},{"icpc_id":"河北大学","shortname":"河北大学","id":"河北大学","name":"河北大学","formal_name":"河北大学"},{"icpc_id":"河北科技师范学院","shortname":"河北科技师范学院","id":"河北科技师范学院","name":"河北科技师范学院","formal_name":"河北科技师范学院"},{"icpc_id":"河海大学","shortname":"河海大学","id":"河海大学","name":"河海大学","formal_name":"河海大学"},{"icpc_id":"河南大学","shortname":"河南大学","id":"河南大学","name":"河南大学","formal_name":"河南大学"},{"icpc_id":"河南工业大学","shortname":"河南工业大学","id":"河南工业大学","name":"河南工业大学","formal_name":"河南工业大学"},{"icpc_id":"河南理工大学","shortname":"河南理工大学","id":"河南理工大学","name":"河南理工大学","formal_name":"河南理工大学"},{"icpc_id":"河南农业大学","shortname":"河南农业大学","id":"河南农业大学","name":"河南农业大学","formal_name":"河南农业大学"},{"icpc_id":"黑龙江大学","shortname":"黑龙江大学","id":"黑龙江大学","name":"黑龙江大学","formal_name":"黑龙江大学"},{"icpc_id":"湖南大学","shortname":"湖南大学","id":"湖南大学","name":"湖南大学","formal_name":"湖南大学"},{"icpc_id":"湖南工业大学","shortname":"湖南工业大学","id":"湖南工业大学","name":"湖南工业大学","formal_name":"湖南工业大学"},{"icpc_id":"湖南师范大学","shortname":"湖南师范大学","id":"湖南师范大学","name":"湖南师范大学","formal_name":"湖南师范大学"},{"icpc_id":"湖南文理学院","shortname":"湖南文理学院","id":"湖南文理学院","name":"湖南文理学院","formal_name":"湖南文理学院"},{"icpc_id":"华北水利水电大学","shortname":"华北水利水电大学","id":"华北水利水电大学","name":"华北水利水电大学","formal_name":"华北水利水电大学"},{"icpc_id":"华东交通大学","shortname":"华东交通大学","id":"华东交通大学","name":"华东交通大学","formal_name":"华东交通大学"},{"icpc_id":"华东理工大学","shortname":"华东理工大学","id":"华东理工大学","name":"华东理工大学","formal_name":"华东理工大学"},{"icpc_id":"华东师范大学","shortname":"华东师范大学","id":"华东师范大学","name":"华东师范大学","formal_name":"华东师范大学"},{"icpc_id":"华南理工大学","shortname":"华南理工大学","id":"华南理工大学","name":"华南理工大学","formal_name":"华南理工大学"},{"icpc_id":"华中科技大学","shortname":"华中科技大学","id":"华中科技大学","name":"华中科技大学","formal_name":"华中科技大学"},{"icpc_id":"惠州学院","shortname":"惠州学院","id":"惠州学院","name":"惠州学院","formal_name":"惠州学院"},{"icpc_id":"吉林大学","shortname":"吉林大学","id":"吉林大学","name":"吉林大学","formal_name":"吉林大学"},{"icpc_id":"吉首大学","shortname":"吉首大学","id":"吉首大学","name":"吉首大学","formal_name":"吉首大学"},{"icpc_id":"暨南大学","shortname":"暨南大学","id":"暨南大学","name":"暨南大学","formal_name":"暨南大学"},{"icpc_id":"江南大学","shortname":"江南大学","id":"江南大学","name":"江南大学","formal_name":"江南大学"},{"icpc_id":"江西师范大学","shortname":"江西师范大学","id":"江西师范大学","name":"江西师范大学","formal_name":"江西师范大学"},{"icpc_id":"兰州大学","shortname":"兰州大学","id":"兰州大学","name":"兰州大学","formal_name":"兰州大学"},{"icpc_id":"鲁东大学","shortname":"鲁东大学","id":"鲁东大学","name":"鲁东大学","formal_name":"鲁东大学"},{"icpc_id":"南方科技大学","shortname":"南方科技大学","id":"南方科技大学","name":"南方科技大学","formal_name":"南方科技大学"},{"icpc_id":"南华大学","shortname":"南华大学","id":"南华大学","name":"南华大学","formal_name":"南华大学"},{"icpc_id":"南京大学","shortname":"南京大学","id":"南京大学","name":"南京大学","formal_name":"南京大学"},{"icpc_id":"南京工业大学","shortname":"南京工业大学","id":"南京工业大学","name":"南京工业大学","formal_name":"南京工业大学"},{"icpc_id":"南京航空航天大学","shortname":"南京航空航天大学","id":"南京航空航天大学","name":"南京航空航天大学","formal_name":"南京航空航天大学"},{"icpc_id":"南京理工大学","shortname":"南京理工大学","id":"南京理工大学","name":"南京理工大学","formal_name":"南京理工大学"},{"icpc_id":"南京信息工程大学","shortname":"南京信息工程大学","id":"南京信息工程大学","name":"南京信息工程大学","formal_name":"南京信息工程大学"},{"icpc_id":"南京邮电大学","shortname":"南京邮电大学","id":"南京邮电大学","name":"南京邮电大学","formal_name":"南京邮电大学"},{"icpc_id":"南阳理工学院","shortname":"南阳理工学院","id":"南阳理工学院","name":"南阳理工学院","formal_name":"南阳理工学院"},{"icpc_id":"内蒙古大学","shortname":"内蒙古大学","id":"内蒙古大学","name":"内蒙古大学","formal_name":"内蒙古大学"},{"icpc_id":"青岛大学","shortname":"青岛大学","id":"青岛大学","name":"青岛大学","formal_name":"青岛大学"},{"icpc_id":"青海大学","shortname":"青海大学","id":"青海大学","name":"青海大学","formal_name":"青海大学"},{"icpc_id":"清华大学","shortname":"清华大学","id":"清华大学","name":"清华大学","formal_name":"清华大学"},{"icpc_id":"三明学院","shortname":"三明学院","id":"三明学院","name":"三明学院","formal_name":"三明学院"},{"icpc_id":"厦门大学","shortname":"厦门大学","id":"厦门大学","name":"厦门大学","formal_name":"厦门大学"},{"icpc_id":"山东大学","shortname":"山东大学","id":"山东大学","name":"山东大学","formal_name":"山东大学"},{"icpc_id":"山东建筑大学","shortname":"山东建筑大学","id":"山东建筑大学","name":"山东建筑大学","formal_name":"山东建筑大学"},{"icpc_id":"山东科技大学","shortname":"山东科技大学","id":"山东科技大学","name":"山东科技大学","formal_name":"山东科技大学"},{"icpc_id":"山东理工大学","shortname":"山东理工大学","id":"山东理工大学","name":"山东理工大学","formal_name":"山东理工大学"},{"icpc_id":"山东师范大学","shortname":"山东师范大学","id":"山东师范大学","name":"山东师范大学","formal_name":"山东师范大学"},{"icpc_id":"上海大学","shortname":"上海大学","id":"上海大学","name":"上海大学","formal_name":"上海大学"},{"icpc_id":"绍兴文理学院元培学院","shortname":"绍兴文理学院元培学院","id":"绍兴文理学院元培学院","name":"绍兴文理学院元培学院","formal_name":"绍兴文理学院元培学院"},{"icpc_id":"深圳大学","shortname":"深圳大学","id":"深圳大学","name":"深圳大学","formal_name":"深圳大学"},{"icpc_id":"深圳技术大学","shortname":"深圳技术大学","id":"深圳技术大学","name":"深圳技术大学","formal_name":"深圳技术大学"},{"icpc_id":"四川大学","shortname":"四川大学","id":"四川大学","name":"四川大学","formal_name":"四川大学"},{"icpc_id":"四川师范大学","shortname":"四川师范大学","id":"四川师范大学","name":"四川师范大学","formal_name":"四川师范大学"},{"icpc_id":"太原理工大学","shortname":"太原理工大学","id":"太原理工大学","name":"太原理工大学","formal_name":"太原理工大学"},{"icpc_id":"天津大学","shortname":"天津大学","id":"天津大学","name":"天津大学","formal_name":"天津大学"},{"icpc_id":"天津工业大学","shortname":"天津工业大学","id":"天津工业大学","name":"天津工业大学","formal_name":"天津工业大学"},{"icpc_id":"通化师范学院","shortname":"通化师范学院","id":"通化师范学院","name":"通化师范学院","formal_name":"通化师范学院"},{"icpc_id":"同济大学","shortname":"同济大学","id":"同济大学","name":"同济大学","formal_name":"同济大学"},{"icpc_id":"武汉大学","shortname":"武汉大学","id":"武汉大学","name":"武汉大学","formal_name":"武汉大学"},{"icpc_id":"武汉纺织大学","shortname":"武汉纺织大学","id":"武汉纺织大学","name":"武汉纺织大学","formal_name":"武汉纺织大学"},{"icpc_id":"武汉工程大学","shortname":"武汉工程大学","id":"武汉工程大学","name":"武汉工程大学","formal_name":"武汉工程大学"},{"icpc_id":"武汉理工大学","shortname":"武汉理工大学","id":"武汉理工大学","name":"武汉理工大学","formal_name":"武汉理工大学"},{"icpc_id":"西安电子科技大学","shortname":"西安电子科技大学","id":"西安电子科技大学","name":"西安电子科技大学","formal_name":"西安电子科技大学"},{"icpc_id":"西安交通大学","shortname":"西安交通大学","id":"西安交通大学","name":"西安交通大学","formal_name":"西安交通大学"},{"icpc_id":"西安理工大学","shortname":"西安理工大学","id":"西安理工大学","name":"西安理工大学","formal_name":"西安理工大学"},{"icpc_id":"西北大学","shortname":"西北大学","id":"西北大学","name":"西北大学","formal_name":"西北大学"},{"icpc_id":"西北农林科技大学","shortname":"西北农林科技大学","id":"西北农林科技大学","name":"西北农林科技大学","formal_name":"西北农林科技大学"},{"icpc_id":"西交利物浦大学","shortname":"西交利物浦大学","id":"西交利物浦大学","name":"西交利物浦大学","formal_name":"西交利物浦大学"},{"icpc_id":"西南交通大学","shortname":"西南交通大学","id":"西南交通大学","name":"西南交通大学","formal_name":"西南交通大学"},{"icpc_id":"西南科技大学","shortname":"西南科技大学","id":"西南科技大学","name":"西南科技大学","formal_name":"西南科技大学"},{"icpc_id":"西南石油大学","shortname":"西南石油大学","id":"西南石油大学","name":"西南石油大学","formal_name":"西南石油大学"},{"icpc_id":"香港城市大学","shortname":"香港城市大学","id":"香港城市大学","name":"香港城市大学","formal_name":"香港城市大学"},{"icpc_id":"湘潭大学","shortname":"湘潭大学","id":"湘潭大学","name":"湘潭大学","formal_name":"湘潭大学"},{"icpc_id":"新疆大学","shortname":"新疆大学","id":"新疆大学","name":"新疆大学","formal_name":"新疆大学"},{"icpc_id":"烟台大学","shortname":"烟台大学","id":"烟台大学","name":"烟台大学","formal_name":"烟台大学"},{"icpc_id":"宜春学院","shortname":"宜春学院","id":"宜春学院","name":"宜春学院","formal_name":"宜春学院"},{"icpc_id":"战略支援部队信息工程大学","shortname":"战略支援部队信息工程大学","id":"战略支援部队信息工程大学","name":"战略支援部队信息工程大学","formal_name":"战略支援部队信息工程大学"},{"icpc_id":"长春工业大学","shortname":"长春工业大学","id":"长春工业大学","name":"长春工业大学","formal_name":"长春工业大学"},{"icpc_id":"长春工业大学人文信息学院","shortname":"长春工业大学人文信息学院","id":"长春工业大学人文信息学院","name":"长春工业大学人文信息学院","formal_name":"长春工业大学人文信息学院"},{"icpc_id":"长春理工大学","shortname":"长春理工大学","id":"长春理工大学","name":"长春理工大学","formal_name":"长春理工大学"},{"icpc_id":"长沙学院","shortname":"长沙学院","id":"长沙学院","name":"长沙学院","formal_name":"长沙学院"},{"icpc_id":"浙江财经大学","shortname":"浙江财经大学","id":"浙江财经大学","name":"浙江财经大学","formal_name":"浙江财经大学"},{"icpc_id":"浙江大学","shortname":"浙江大学","id":"浙江大学","name":"浙江大学","formal_name":"浙江大学"},{"icpc_id":"浙江大学城市学院","shortname":"浙江大学城市学院","id":"浙江大学城市学院","name":"浙江大学城市学院","formal_name":"浙江大学城市学院"},{"icpc_id":"浙江大学宁波理工学院","shortname":"浙江大学宁波理工学院","id":"浙江大学宁波理工学院","name":"浙江大学宁波理工学院","formal_name":"浙江大学宁波理工学院"},{"icpc_id":"浙江工商大学","shortname":"浙江工商大学","id":"浙江工商大学","name":"浙江工商大学","formal_name":"浙江工商大学"},{"icpc_id":"浙江工业大学","shortname":"浙江工业大学","id":"浙江工业大学","name":"浙江工业大学","formal_name":"浙江工业大学"},{"icpc_id":"浙江工业职业技术学院","shortname":"浙江工业职业技术学院","id":"浙江工业职业技术学院","name":"浙江工业职业技术学院","formal_name":"浙江工业职业技术学院"},{"icpc_id":"浙江科技学院","shortname":"浙江科技学院","id":"浙江科技学院","name":"浙江科技学院","formal_name":"浙江科技学院"},{"icpc_id":"浙江理工大学","shortname":"浙江理工大学","id":"浙江理工大学","name":"浙江理工大学","formal_name":"浙江理工大学"},{"icpc_id":"浙江农林大学","shortname":"浙江农林大学","id":"浙江农林大学","name":"浙江农林大学","formal_name":"浙江农林大学"},{"icpc_id":"浙江农林大学暨阳学院","shortname":"浙江农林大学暨阳学院","id":"浙江农林大学暨阳学院","name":"浙江农林大学暨阳学院","formal_name":"浙江农林大学暨阳学院"},{"icpc_id":"浙江师范大学","shortname":"浙江师范大学","id":"浙江师范大学","name":"浙江师范大学","formal_name":"浙江师范大学"},{"icpc_id":"浙江中医药大学","shortname":"浙江中医药大学","id":"浙江中医药大学","name":"浙江中医药大学","formal_name":"浙江中医药大学"},{"icpc_id":"郑州大学","shortname":"郑州大学","id":"郑州大学","name":"郑州大学","formal_name":"郑州大学"},{"icpc_id":"中北大学","shortname":"中北大学","id":"中北大学","name":"中北大学","formal_name":"中北大学"},{"icpc_id":"中国传媒大学","shortname":"中国传媒大学","id":"中国传媒大学","name":"中国传媒大学","formal_name":"中国传媒大学"},{"icpc_id":"中国地质大学（北京）","shortname":"中国地质大学（北京）","id":"中国地质大学（北京）","name":"中国地质大学（北京）","formal_name":"中国地质大学（北京）"},{"icpc_id":"中国地质大学（武汉）","shortname":"中国地质大学（武汉）","id":"中国地质大学（武汉）","name":"中国地质大学（武汉）","formal_name":"中国地质大学（武汉）"},{"icpc_id":"中国计量大学","shortname":"中国计量大学","id":"中国计量大学","name":"中国计量大学","formal_name":"中国计量大学"},{"icpc_id":"中国科学院大学","shortname":"中国科学院大学","id":"中国科学院大学","name":"中国科学院大学","formal_name":"中国科学院大学"},{"icpc_id":"中国矿业大学","shortname":"中国矿业大学","id":"中国矿业大学","name":"中国矿业大学","formal_name":"中国矿业大学"},{"icpc_id":"中国石油大学（华东）","shortname":"中国石油大学（华东）","id":"中国石油大学（华东）","name":"中国石油大学（华东）","formal_name":"中国石油大学（华东）"},{"icpc_id":"中南大学","shortname":"中南大学","id":"中南大学","name":"中南大学","formal_name":"中南大学"},{"icpc_id":"中南林业科技大学","shortname":"中南林业科技大学","id":"中南林业科技大学","name":"中南林业科技大学","formal_name":"中南林业科技大学"},{"icpc_id":"中央民族大学","shortname":"中央民族大学","id":"中央民族大学","name":"中央民族大学","formal_name":"中央民族大学"},{"icpc_id":"重庆大学","shortname":"重庆大学","id":"重庆大学","name":"重庆大学","formal_name":"重庆大学"},{"icpc_id":"重庆邮电大学","shortname":"重庆邮电大学","id":"重庆邮电大学","name":"重庆邮电大学","formal_name":"重庆邮电大学"}]