[{"externalid":"T001","group_ids":["正式队伍"],"affiliation":"安徽大学","id":"T001","icpc_id":"T001","name":"ThreeStupidCats","organization_id":"安徽大学","members":""},{"externalid":"T002","group_ids":["正式队伍"],"affiliation":"安徽大学","id":"T002","icpc_id":"T002","name":"啊我来了呀我走了","organization_id":"安徽大学","members":""},{"externalid":"T003","group_ids":["正式队伍"],"affiliation":"安徽科技学院","id":"T003","icpc_id":"T003","name":"想找人分钱","organization_id":"安徽科技学院","members":""},{"externalid":"T004","group_ids":["正式队伍"],"affiliation":"安阳工学院","id":"T004","icpc_id":"T004","name":"向星星看齐","organization_id":"安阳工学院","members":""},{"externalid":"T005","group_ids":["女队"],"affiliation":"安阳工学院","id":"T005","icpc_id":"T005","name":"向月亮看齐","organization_id":"安阳工学院","members":""},{"externalid":"T006","group_ids":["正式队伍"],"affiliation":"北方工业大学","id":"T006","icpc_id":"T006","name":"1115的野望","organization_id":"北方工业大学","members":""},{"externalid":"T007","group_ids":["女队"],"affiliation":"北方工业大学","id":"T007","icpc_id":"T007","name":"做什么都","organization_id":"北方工业大学","members":""},{"externalid":"T008","group_ids":["正式队伍"],"affiliation":"北华大学","id":"T008","icpc_id":"T008","name":"董学姐带我们吃海底捞","organization_id":"北华大学","members":""},{"externalid":"T009","group_ids":["打星"],"affiliation":"北华大学","id":"T009","icpc_id":"T009","name":"吴学姐带我们吃烤羊腿","organization_id":"北华大学","members":""},{"externalid":"T010","group_ids":["正式队伍"],"affiliation":"北京大学","id":"T010","icpc_id":"T010","name":"逆十字","organization_id":"北京大学","members":""},{"externalid":"T011","group_ids":["正式队伍"],"affiliation":"北京大学","id":"T011","icpc_id":"T011","name":"我是传奇5之面都中考状元传","organization_id":"北京大学","members":""},{"externalid":"T012","group_ids":["正式队伍"],"affiliation":"北京大学","id":"T012","icpc_id":"T012","name":"速七大师","organization_id":"北京大学","members":""},{"externalid":"T013","group_ids":["正式队伍"],"affiliation":"北京航空航天大学","id":"T013","icpc_id":"T013","name":"CE：从爆零开始的ACM生活","organization_id":"北京航空航天大学","members":""},{"externalid":"T014","group_ids":["正式队伍"],"affiliation":"北京航空航天大学","id":"T014","icpc_id":"T014","name":"你看这个面它又长又宽","organization_id":"北京航空航天大学","members":""},{"externalid":"T015","group_ids":["正式队伍"],"affiliation":"北京航空航天大学","id":"T015","icpc_id":"T015","name":"火锅队","organization_id":"北京航空航天大学","members":""},{"externalid":"T016","group_ids":["正式队伍"],"affiliation":"北京化工大学","id":"T016","icpc_id":"T016","name":"我只能爬","organization_id":"北京化工大学","members":""},{"externalid":"T017","group_ids":["正式队伍"],"affiliation":"北京交通大学","id":"T017","icpc_id":"T017","name":"芜湖菜","organization_id":"北京交通大学","members":""},{"externalid":"T018","group_ids":["正式队伍"],"affiliation":"北京交通大学","id":"T018","icpc_id":"T018","name":"快进到和小姐姐约会","organization_id":"北京交通大学","members":""},{"externalid":"T019","group_ids":["正式队伍"],"affiliation":"北京理工大学","id":"T019","icpc_id":"T019","name":"克鲁斯卡尔大战克苏鲁","organization_id":"北京理工大学","members":""},{"externalid":"T020","group_ids":["正式队伍"],"affiliation":"北京理工大学","id":"T020","icpc_id":"T020","name":"无中生wa","organization_id":"北京理工大学","members":""},{"externalid":"T021","group_ids":["正式队伍"],"affiliation":"北京理工大学","id":"T021","icpc_id":"T021","name":"暴搜流派掌门人","organization_id":"北京理工大学","members":""},{"externalid":"T022","group_ids":["正式队伍"],"affiliation":"北京林业大学","id":"T022","icpc_id":"T022","name":"冲就完事","organization_id":"北京林业大学","members":""},{"externalid":"T023","group_ids":["正式队伍"],"affiliation":"北京林业大学","id":"T023","icpc_id":"T023","name":"北林三十八队","organization_id":"北京林业大学","members":""},{"externalid":"T024","group_ids":["正式队伍"],"affiliation":"北京师范大学","id":"T024","icpc_id":"T024","name":"恰饭六队","organization_id":"北京师范大学","members":""},{"externalid":"T025","group_ids":["正式队伍"],"affiliation":"北京师范大学","id":"T025","icpc_id":"T025","name":"水人波高地","organization_id":"北京师范大学","members":""},{"externalid":"T026","group_ids":["正式队伍"],"affiliation":"北京师范大学","id":"T026","icpc_id":"T026","name":"人菜瘾大","organization_id":"北京师范大学","members":""},{"externalid":"T027","group_ids":["正式队伍"],"affiliation":"北京师范大学（珠海校区）","id":"T027","icpc_id":"T027","name":"不会用雷的徐志鸟","organization_id":"北京师范大学（珠海校区）","members":""},{"externalid":"T028","group_ids":["打星"],"affiliation":"北京师范大学（珠海校区）","id":"T028","icpc_id":"T028","name":"公费旅游团","organization_id":"北京师范大学（珠海校区）","members":""},{"externalid":"T029","group_ids":["正式队伍"],"affiliation":"北京信息科技大学","id":"T029","icpc_id":"T029","name":"花咲川学院","organization_id":"北京信息科技大学","members":""},{"externalid":"T030","group_ids":["正式队伍"],"affiliation":"北京邮电大学","id":"T030","icpc_id":"T030","name":"零叉八C","organization_id":"北京邮电大学","members":""},{"externalid":"T031","group_ids":["正式队伍"],"affiliation":"北京邮电大学","id":"T031","icpc_id":"T031","name":"见到你很高兴","organization_id":"北京邮电大学","members":""},{"externalid":"T032","group_ids":["正式队伍"],"affiliation":"北京邮电大学","id":"T032","icpc_id":"T032","name":"咸鱼：GO","organization_id":"北京邮电大学","members":""},{"externalid":"T033","group_ids":["打星"],"affiliation":"北京邮电大学","id":"T033","icpc_id":"T033","name":"最终幻想","organization_id":"北京邮电大学","members":""},{"externalid":"T034","group_ids":["打星"],"affiliation":"北京邮电大学","id":"T034","icpc_id":"T034","name":"老 wrong answer 了","organization_id":"北京邮电大学","members":""},{"externalid":"T035","group_ids":["打星"],"affiliation":"北京邮电大学","id":"T035","icpc_id":"T035","name":"三剑客","organization_id":"北京邮电大学","members":""},{"externalid":"T036","group_ids":["打星"],"affiliation":"北京邮电大学","id":"T036","icpc_id":"T036","name":"啊这","organization_id":"北京邮电大学","members":""},{"externalid":"T037","group_ids":["打星"],"affiliation":"北京邮电大学","id":"T037","icpc_id":"T037","name":"InQueue","organization_id":"北京邮电大学","members":""},{"externalid":"T038","group_ids":["打星"],"affiliation":"北京邮电大学","id":"T038","icpc_id":"T038","name":"起不来名字","organization_id":"北京邮电大学","members":""},{"externalid":"T039","group_ids":["打星"],"affiliation":"北京邮电大学","id":"T039","icpc_id":"T039","name":"五行缺土","organization_id":"北京邮电大学","members":""},{"externalid":"T040","group_ids":["正式队伍"],"affiliation":"大连大学","id":"T040","icpc_id":"T040","name":"今天胖鸽鸽鸽了马","organization_id":"大连大学","members":""},{"externalid":"T041","group_ids":["正式队伍"],"affiliation":"大连海事大学","id":"T041","icpc_id":"T041","name":"风花雪月","organization_id":"大连海事大学","members":""},{"externalid":"T042","group_ids":["正式队伍"],"affiliation":"大连理工大学","id":"T042","icpc_id":"T042","name":"L","organization_id":"大连理工大学","members":""},{"externalid":"T043","group_ids":["正式队伍"],"affiliation":"大连理工大学","id":"T043","icpc_id":"T043","name":"寒雨连江夜入吴","organization_id":"大连理工大学","members":""},{"externalid":"T044","group_ids":["正式队伍"],"affiliation":"大连理工大学","id":"T044","icpc_id":"T044","name":"coca粉丝团","organization_id":"大连理工大学","members":""},{"externalid":"T045","group_ids":["正式队伍"],"affiliation":"大连理工大学","id":"T045","icpc_id":"T045","name":"追星成功","organization_id":"大连理工大学","members":""},{"externalid":"T046","group_ids":["正式队伍"],"affiliation":"电子科技大学","id":"T046","icpc_id":"T046","name":"UESTC_rwby","organization_id":"电子科技大学","members":""},{"externalid":"T047","group_ids":["正式队伍"],"affiliation":"电子科技大学","id":"T047","icpc_id":"T047","name":"UESTC_鸭傻惜","organization_id":"电子科技大学","members":""},{"externalid":"T048","group_ids":["正式队伍"],"affiliation":"电子科技大学","id":"T048","icpc_id":"T048","name":"UESTC_WA2000","organization_id":"电子科技大学","members":""},{"externalid":"T049","group_ids":["正式队伍"],"affiliation":"电子科技大学","id":"T049","icpc_id":"T049","name":"UESTC_FlyPotato","organization_id":"电子科技大学","members":""},{"externalid":"T050","group_ids":["正式队伍"],"affiliation":"东北大学","id":"T050","icpc_id":"T050","name":"时间拖延","organization_id":"东北大学","members":""},{"externalid":"T051","group_ids":["正式队伍"],"affiliation":"东北大学","id":"T051","icpc_id":"T051","name":"the_stars","organization_id":"东北大学","members":""},{"externalid":"T052","group_ids":["正式队伍"],"affiliation":"东北大学","id":"T052","icpc_id":"T052","name":"ACM哟西哟西哟西哟西","organization_id":"东北大学","members":""},{"externalid":"T053","group_ids":["正式队伍"],"affiliation":"东北大学秦皇岛分校","id":"T053","icpc_id":"T053","name":"码码小能手","organization_id":"东北大学秦皇岛分校","members":""},{"externalid":"T054","group_ids":["正式队伍"],"affiliation":"东北大学秦皇岛分校","id":"T054","icpc_id":"T054","name":"爱国敬业诚信友善","organization_id":"东北大学秦皇岛分校","members":""},{"externalid":"T055","group_ids":["正式队伍"],"affiliation":"东北大学秦皇岛分校","id":"T055","icpc_id":"T055","name":"awen粉丝团","organization_id":"东北大学秦皇岛分校","members":""},{"externalid":"T056","group_ids":["正式队伍"],"affiliation":"东北大学秦皇岛分校","id":"T056","icpc_id":"T056","name":"WA自动机","organization_id":"东北大学秦皇岛分校","members":""},{"externalid":"T057","group_ids":["正式队伍"],"affiliation":"东北电力大学","id":"T057","icpc_id":"T057","name":"第五分块","organization_id":"东北电力大学","members":""},{"externalid":"T058","group_ids":["打星"],"affiliation":"东北林业大学","id":"T058","icpc_id":"T058","name":"名字短一点的筛凝矮木","organization_id":"东北林业大学","members":""},{"externalid":"T059","group_ids":["正式队伍"],"affiliation":"东北林业大学","id":"T059","icpc_id":"T059","name":"给大佬倒杯卡布奇洛","organization_id":"东北林业大学","members":""},{"externalid":"T060","group_ids":["正式队伍"],"affiliation":"东北林业大学","id":"T060","icpc_id":"T060","name":"先WA一发","organization_id":"东北林业大学","members":""},{"externalid":"T061","group_ids":["打星"],"affiliation":"东北林业大学","id":"T061","icpc_id":"T061","name":"再来一组测试数据","organization_id":"东北林业大学","members":""},{"externalid":"T062","group_ids":["打星"],"affiliation":"东北林业大学","id":"T062","icpc_id":"T062","name":"分头寻找较为复杂","organization_id":"东北林业大学","members":""},{"externalid":"T063","group_ids":["正式队伍"],"affiliation":"东北农业大学","id":"T063","icpc_id":"T063","name":"Zmqsmmzdymgc","organization_id":"东北农业大学","members":""},{"externalid":"T064","group_ids":["正式队伍"],"affiliation":"东北农业大学","id":"T064","icpc_id":"T064","name":"此队名被占用","organization_id":"东北农业大学","members":""},{"externalid":"T065","group_ids":["正式队伍"],"affiliation":"东北师范大学","id":"T065","icpc_id":"T065","name":"凛冬将逝","organization_id":"东北师范大学","members":""},{"externalid":"T066","group_ids":["正式队伍"],"affiliation":"东北师范大学","id":"T066","icpc_id":"T066","name":"狂气之瞳","organization_id":"东北师范大学","members":""},{"externalid":"T067","group_ids":["正式队伍"],"affiliation":"东北师范大学","id":"T067","icpc_id":"T067","name":"黎明初晓","organization_id":"东北师范大学","members":""},{"externalid":"T068","group_ids":["正式队伍"],"affiliation":"东华大学","id":"T068","icpc_id":"T068","name":"华东大学2队","organization_id":"东华大学","members":""},{"externalid":"T069","group_ids":["打星"],"affiliation":"东华大学","id":"T069","icpc_id":"T069","name":"广告位招租","organization_id":"东华大学","members":""},{"externalid":"T070","group_ids":["正式队伍"],"affiliation":"东南大学","id":"T070","icpc_id":"T070","name":"机饲料","organization_id":"东南大学","members":""},{"externalid":"T071","group_ids":["正式队伍"],"affiliation":"东南大学","id":"T071","icpc_id":"T071","name":"墨西哥鸡肉卷","organization_id":"东南大学","members":""},{"externalid":"T072","group_ids":["正式队伍"],"affiliation":"福建师范大学","id":"T072","icpc_id":"T072","name":"今天天气不错～","organization_id":"福建师范大学","members":""},{"externalid":"T073","group_ids":["女队"],"affiliation":"福建师范大学","id":"T073","icpc_id":"T073","name":"玛卡巴卡","organization_id":"福建师范大学","members":""},{"externalid":"T074","group_ids":["正式队伍"],"affiliation":"福州大学","id":"T074","icpc_id":"T074","name":"Eureka","organization_id":"福州大学","members":""},{"externalid":"T075","group_ids":["正式队伍"],"affiliation":"复旦大学","id":"T075","icpc_id":"T075","name":"共尾喵","organization_id":"复旦大学","members":""},{"externalid":"T076","group_ids":["正式队伍"],"affiliation":"复旦大学","id":"T076","icpc_id":"T076","name":"阿凡提的小毛驴快跑","organization_id":"复旦大学","members":""},{"externalid":"T077","group_ids":["正式队伍"],"affiliation":"复旦大学","id":"T077","icpc_id":"T077","name":"自由泳","organization_id":"复旦大学","members":""},{"externalid":"T078","group_ids":["正式队伍"],"affiliation":"广东财经大学","id":"T078","icpc_id":"T078","name":"瓜皮瓜皮瓜","organization_id":"广东财经大学","members":""},{"externalid":"T079","group_ids":["正式队伍"],"affiliation":"广东工业大学","id":"T079","icpc_id":"T079","name":"沸水","organization_id":"广东工业大学","members":""},{"externalid":"T080","group_ids":["正式队伍"],"affiliation":"广东工业大学","id":"T080","icpc_id":"T080","name":"晨曦的光","organization_id":"广东工业大学","members":""},{"externalid":"T081","group_ids":["正式队伍"],"affiliation":"广东工业大学","id":"T081","icpc_id":"T081","name":"人工智障","organization_id":"广东工业大学","members":""},{"externalid":"T082","group_ids":["正式队伍"],"affiliation":"广东外语外贸大学","id":"T082","icpc_id":"T082","name":"纸上牧羊","organization_id":"广东外语外贸大学","members":""},{"externalid":"T083","group_ids":["正式队伍"],"affiliation":"广州大学","id":"T083","icpc_id":"T083","name":"致命膜术","organization_id":"广州大学","members":""},{"externalid":"T084","group_ids":["正式队伍"],"affiliation":"广州大学华软软件学院","id":"T084","icpc_id":"T084","name":"小邪神飞踢","organization_id":"广州大学华软软件学院","members":""},{"externalid":"T085","group_ids":["正式队伍"],"affiliation":"广州中医药大学","id":"T085","icpc_id":"T085","name":"天选福星wa刺客","organization_id":"广州中医药大学","members":""},{"externalid":"T086","group_ids":["正式队伍"],"affiliation":"贵州大学","id":"T086","icpc_id":"T086","name":"董拼丙凑广搭","organization_id":"贵州大学","members":""},{"externalid":"T087","group_ids":["正式队伍"],"affiliation":"桂林电子科技大学","id":"T087","icpc_id":"T087","name":"吃键盘吗宁","organization_id":"桂林电子科技大学","members":""},{"externalid":"T088","group_ids":["正式队伍"],"affiliation":"国防科技大学","id":"T088","icpc_id":"T088","name":"国防科大","organization_id":"国防科技大学","members":""},{"externalid":"T089","group_ids":["正式队伍"],"affiliation":"国防科技大学","id":"T089","icpc_id":"T089","name":"不懂就问","organization_id":"国防科技大学","members":""},{"externalid":"T090","group_ids":["正式队伍"],"affiliation":"国防科技大学","id":"T090","icpc_id":"T090","name":"造它就完了","organization_id":"国防科技大学","members":""},{"externalid":"T091","group_ids":["女队"],"affiliation":"国防科技大学","id":"T091","icpc_id":"T091","name":"业余选手","organization_id":"国防科技大学","members":""},{"externalid":"T092","group_ids":["正式队伍"],"affiliation":"哈尔滨工程大学","id":"T092","icpc_id":"T092","name":"军工精神","organization_id":"哈尔滨工程大学","members":""},{"externalid":"T093","group_ids":["正式队伍"],"affiliation":"哈尔滨工业大学","id":"T093","icpc_id":"T093","name":"万符必应之破戒","organization_id":"哈尔滨工业大学","members":""},{"externalid":"T094","group_ids":["打星"],"affiliation":"哈尔滨工业大学","id":"T094","icpc_id":"T094","name":"芜湖带飞","organization_id":"哈尔滨工业大学","members":""},{"externalid":"T095","group_ids":["正式队伍"],"affiliation":"哈尔滨工业大学","id":"T095","icpc_id":"T095","name":"很有精神","organization_id":"哈尔滨工业大学","members":""},{"externalid":"T096","group_ids":["正式队伍"],"affiliation":"哈尔滨工业大学（深圳）","id":"T096","icpc_id":"T096","name":"今天AC了么","organization_id":"哈尔滨工业大学（深圳）","members":""},{"externalid":"T097","group_ids":["打星"],"affiliation":"哈尔滨工业大学（深圳）","id":"T097","icpc_id":"T097","name":"无名","organization_id":"哈尔滨工业大学（深圳）","members":""},{"externalid":"T098","group_ids":["打星"],"affiliation":"哈尔滨工业大学（深圳）","id":"T098","icpc_id":"T098","name":"不会起名","organization_id":"哈尔滨工业大学（深圳）","members":""},{"externalid":"T099","group_ids":["正式队伍"],"affiliation":"哈尔滨工业大学（威海）","id":"T099","icpc_id":"T099","name":"galaxy-rising","organization_id":"哈尔滨工业大学（威海）","members":""},{"externalid":"T100","group_ids":["正式队伍"],"affiliation":"哈尔滨工业大学（威海）","id":"T100","icpc_id":"T100","name":"芜湖摸鱼","organization_id":"哈尔滨工业大学（威海）","members":""},{"externalid":"T101","group_ids":["正式队伍"],"affiliation":"哈尔滨工业大学（威海）","id":"T101","icpc_id":"T101","name":"大型粒子堆叠专业团队","organization_id":"哈尔滨工业大学（威海）","members":""},{"externalid":"T102","group_ids":["正式队伍"],"affiliation":"哈尔滨工业大学（威海）","id":"T102","icpc_id":"T102","name":"鶸蒟蒻","organization_id":"哈尔滨工业大学（威海）","members":""},{"externalid":"T103","group_ids":["正式队伍"],"affiliation":"哈尔滨理工大学","id":"T103","icpc_id":"T103","name":"哈理工1队","organization_id":"哈尔滨理工大学","members":""},{"externalid":"T104","group_ids":["正式队伍"],"affiliation":"哈尔滨理工大学","id":"T104","icpc_id":"T104","name":"哈理工6队","organization_id":"哈尔滨理工大学","members":""},{"externalid":"T105","group_ids":["打星"],"affiliation":"哈尔滨理工大学","id":"T105","icpc_id":"T105","name":"哈理工8队","organization_id":"哈尔滨理工大学","members":""},{"externalid":"T106","group_ids":["正式队伍"],"affiliation":"杭州电子科技大学","id":"T106","icpc_id":"T106","name":"自动AC机","organization_id":"杭州电子科技大学","members":""},{"externalid":"T107","group_ids":["正式队伍"],"affiliation":"杭州电子科技大学","id":"T107","icpc_id":"T107","name":"Kirakira","organization_id":"杭州电子科技大学","members":""},{"externalid":"T108","group_ids":["正式队伍"],"affiliation":"杭州电子科技大学","id":"T108","icpc_id":"T108","name":"吾有一數名之曰誒","organization_id":"杭州电子科技大学","members":""},{"externalid":"T109","group_ids":["正式队伍"],"affiliation":"杭州电子科技大学信息工程学院","id":"T109","icpc_id":"T109","name":"小人物","organization_id":"杭州电子科技大学信息工程学院","members":""},{"externalid":"T110","group_ids":["正式队伍"],"affiliation":"合肥学院","id":"T110","icpc_id":"T110","name":"JBrain","organization_id":"合肥学院","members":""},{"externalid":"T111","group_ids":["正式队伍"],"affiliation":"合肥学院","id":"T111","icpc_id":"T111","name":"God.random","organization_id":"合肥学院","members":""},{"externalid":"T112","group_ids":["正式队伍"],"affiliation":"合肥学院","id":"T112","icpc_id":"T112","name":"三个火枪手","organization_id":"合肥学院","members":""},{"externalid":"T113","group_ids":["女队"],"affiliation":"河北大学","id":"T113","icpc_id":"T113","name":"云帆WAHAHAHA","organization_id":"河北大学","members":""},{"externalid":"T114","group_ids":["正式队伍"],"affiliation":"河北科技师范学院","id":"T114","icpc_id":"T114","name":"AcWing-0x3f3f3f3f队","organization_id":"河北科技师范学院","members":""},{"externalid":"T115","group_ids":["正式队伍"],"affiliation":"河海大学","id":"T115","icpc_id":"T115","name":"这么小声还享ACfun","organization_id":"河海大学","members":""},{"externalid":"T116","group_ids":["正式队伍"],"affiliation":"河南大学","id":"T116","icpc_id":"T116","name":"主办方我要吃辣条","organization_id":"河南大学","members":""},{"externalid":"T117","group_ids":["正式队伍"],"affiliation":"河南工业大学","id":"T117","icpc_id":"T117","name":"指尖跳动的电光","organization_id":"河南工业大学","members":""},{"externalid":"T118","group_ids":["女队"],"affiliation":"河南理工大学","id":"T118","icpc_id":"T118","name":"不瞒了我们是女装","organization_id":"河南理工大学","members":""},{"externalid":"T119","group_ids":["正式队伍"],"affiliation":"河南理工大学","id":"T119","icpc_id":"T119","name":"芜湖电台请求起飞","organization_id":"河南理工大学","members":""},{"externalid":"T120","group_ids":["正式队伍"],"affiliation":"河南农业大学","id":"T120","icpc_id":"T120","name":"选对赛区少打两年","organization_id":"河南农业大学","members":""},{"externalid":"T121","group_ids":["女队"],"affiliation":"河南农业大学","id":"T121","icpc_id":"T121","name":"老干爹","organization_id":"河南农业大学","members":""},{"externalid":"T122","group_ids":["正式队伍"],"affiliation":"黑龙江大学","id":"T122","icpc_id":"T122","name":"加帕里哲学三轮车改","organization_id":"黑龙江大学","members":""},{"externalid":"T123","group_ids":["正式队伍"],"affiliation":"湖南大学","id":"T123","icpc_id":"T123","name":"图一乐","organization_id":"湖南大学","members":""},{"externalid":"T124","group_ids":["正式队伍"],"affiliation":"湖南工业大学","id":"T124","icpc_id":"T124","name":"练习时长两年半","organization_id":"湖南工业大学","members":""},{"externalid":"T125","group_ids":["正式队伍"],"affiliation":"湖南师范大学","id":"T125","icpc_id":"T125","name":"亲已经到底了","organization_id":"湖南师范大学","members":""},{"externalid":"T126","group_ids":["正式队伍"],"affiliation":"湖南文理学院","id":"T126","icpc_id":"T126","name":"黑铁-boys","organization_id":"湖南文理学院","members":""},{"externalid":"T127","group_ids":["打星"],"affiliation":"华北水利水电大学","id":"T127","icpc_id":"T127","name":"pow_biss","organization_id":"华北水利水电大学","members":""},{"externalid":"T128","group_ids":["打星"],"affiliation":"华北水利水电大学","id":"T128","icpc_id":"T128","name":"因为刚签到开心发出狒狒叫","organization_id":"华北水利水电大学","members":""},{"externalid":"T129","group_ids":["正式队伍"],"affiliation":"华东交通大学","id":"T129","icpc_id":"T129","name":"为什么又要起队名","organization_id":"华东交通大学","members":""},{"externalid":"T130","group_ids":["正式队伍"],"affiliation":"华东理工大学","id":"T130","icpc_id":"T130","name":"大唐贡泉","organization_id":"华东理工大学","members":""},{"externalid":"T131","group_ids":["正式队伍"],"affiliation":"华东师范大学","id":"T131","icpc_id":"T131","name":"玉米炒葡萄","organization_id":"华东师范大学","members":""},{"externalid":"T132","group_ids":["打星"],"affiliation":"华东师范大学","id":"T132","icpc_id":"T132","name":"_","organization_id":"华东师范大学","members":""},{"externalid":"T133","group_ids":["正式队伍"],"affiliation":"华东师范大学","id":"T133","icpc_id":"T133","name":"二环己基碳二亚胺","organization_id":"华东师范大学","members":""},{"externalid":"T134","group_ids":["打星"],"affiliation":"华东师范大学","id":"T134","icpc_id":"T134","name":"阿萨打发撒","organization_id":"华东师范大学","members":""},{"externalid":"T135","group_ids":["打星"],"affiliation":"华东师范大学","id":"T135","icpc_id":"T135","name":"队友看我wa签到","organization_id":"华东师范大学","members":""},{"externalid":"T136","group_ids":["打星"],"affiliation":"华东师范大学","id":"T136","icpc_id":"T136","name":"你wa我t","organization_id":"华东师范大学","members":""},{"externalid":"T137","group_ids":["正式队伍"],"affiliation":"华南理工大学","id":"T137","icpc_id":"T137","name":"想去决赛圈看看","organization_id":"华南理工大学","members":""},{"externalid":"T138","group_ids":["正式队伍"],"affiliation":"华南理工大学","id":"T138","icpc_id":"T138","name":"CSP-J入门组","organization_id":"华南理工大学","members":""},{"externalid":"T139","group_ids":["正式队伍"],"affiliation":"华南理工大学","id":"T139","icpc_id":"T139","name":"星辰闪耀","organization_id":"华南理工大学","members":""},{"externalid":"T140","group_ids":["正式队伍"],"affiliation":"华中科技大学","id":"T140","icpc_id":"T140","name":"为什么今年不能旅游吃好吃的啊啊啊","organization_id":"华中科技大学","members":""},{"externalid":"T141","group_ids":["正式队伍"],"affiliation":"华中科技大学","id":"T141","icpc_id":"T141","name":"路人ACMer的养成方法","organization_id":"华中科技大学","members":""},{"externalid":"T142","group_ids":["正式队伍"],"affiliation":"惠州学院","id":"T142","icpc_id":"T142","name":"WA哈哈","organization_id":"惠州学院","members":""},{"externalid":"T143","group_ids":["正式队伍"],"affiliation":"吉林大学","id":"T143","icpc_id":"T143","name":"世末鸽者","organization_id":"吉林大学","members":""},{"externalid":"T144","group_ids":["正式队伍"],"affiliation":"吉林大学","id":"T144","icpc_id":"T144","name":"摸鱼爆零真君","organization_id":"吉林大学","members":""},{"externalid":"T145","group_ids":["正式队伍"],"affiliation":"吉林大学","id":"T145","icpc_id":"T145","name":"阿巴阿巴","organization_id":"吉林大学","members":""},{"externalid":"T146","group_ids":["正式队伍"],"affiliation":"吉首大学","id":"T146","icpc_id":"T146","name":"四氧化三铁","organization_id":"吉首大学","members":""},{"externalid":"T147","group_ids":["正式队伍"],"affiliation":"暨南大学","id":"T147","icpc_id":"T147","name":"autowa","organization_id":"暨南大学","members":""},{"externalid":"T148","group_ids":["正式队伍"],"affiliation":"江南大学","id":"T148","icpc_id":"T148","name":"可是A不得","organization_id":"江南大学","members":""},{"externalid":"T149","group_ids":["正式队伍"],"affiliation":"江西师范大学","id":"T149","icpc_id":"T149","name":"队友说打完这场就女装","organization_id":"江西师范大学","members":""},{"externalid":"T150","group_ids":["女队"],"affiliation":"江西师范大学","id":"T150","icpc_id":"T150","name":"啊这这","organization_id":"江西师范大学","members":""},{"externalid":"T151","group_ids":["正式队伍"],"affiliation":"兰州大学","id":"T151","icpc_id":"T151","name":"日常想不出队名","organization_id":"兰州大学","members":""},{"externalid":"T152","group_ids":["正式队伍"],"affiliation":"鲁东大学","id":"T152","icpc_id":"T152","name":"星星之火","organization_id":"鲁东大学","members":""},{"externalid":"T153","group_ids":["正式队伍"],"affiliation":"南方科技大学","id":"T153","icpc_id":"T153","name":"南方科技大学-阿尔高","organization_id":"南方科技大学","members":""},{"externalid":"T154","group_ids":["正式队伍"],"affiliation":"南华大学","id":"T154","icpc_id":"T154","name":"昨天刚学c语言","organization_id":"南华大学","members":""},{"externalid":"T155","group_ids":["正式队伍"],"affiliation":"南京大学","id":"T155","icpc_id":"T155","name":"AquaNeko","organization_id":"南京大学","members":""},{"externalid":"T156","group_ids":["打星"],"affiliation":"南京大学","id":"T156","icpc_id":"T156","name":"还没想好叫什么","organization_id":"南京大学","members":""},{"externalid":"T157","group_ids":["正式队伍"],"affiliation":"南京大学","id":"T157","icpc_id":"T157","name":"冰冰三元一个十元三个","organization_id":"南京大学","members":""},{"externalid":"T158","group_ids":["打星"],"affiliation":"南京大学","id":"T158","icpc_id":"T158","name":"烂飞机","organization_id":"南京大学","members":""},{"externalid":"T159","group_ids":["打星"],"affiliation":"南京大学","id":"T159","icpc_id":"T159","name":"鸽屋咕","organization_id":"南京大学","members":""},{"externalid":"T160","group_ids":["打星"],"affiliation":"南京大学","id":"T160","icpc_id":"T160","name":"Icdereap","organization_id":"南京大学","members":""},{"externalid":"T161","group_ids":["打星"],"affiliation":"南京大学","id":"T161","icpc_id":"T161","name":"卷翻天","organization_id":"南京大学","members":""},{"externalid":"T162","group_ids":["正式队伍"],"affiliation":"南京大学","id":"T162","icpc_id":"T162","name":"戳戳让戳戳别戳戳戳","organization_id":"南京大学","members":""},{"externalid":"T163","group_ids":["正式队伍"],"affiliation":"南京大学","id":"T163","icpc_id":"T163","name":"杰尼龟红烧针不戳","organization_id":"南京大学","members":""},{"externalid":"T164","group_ids":["打星"],"affiliation":"南京大学","id":"T164","icpc_id":"T164","name":"名字短一点的筛凝艾慕","organization_id":"南京大学","members":""},{"externalid":"T165","group_ids":["女队"],"affiliation":"南京工业大学","id":"T165","icpc_id":"T165","name":"Serendipity","organization_id":"南京工业大学","members":""},{"externalid":"T166","group_ids":["正式队伍"],"affiliation":"南京航空航天大学","id":"T166","icpc_id":"T166","name":"五十包邮队","organization_id":"南京航空航天大学","members":""},{"externalid":"T167","group_ids":["正式队伍"],"affiliation":"南京航空航天大学","id":"T167","icpc_id":"T167","name":"带花树儿","organization_id":"南京航空航天大学","members":""},{"externalid":"T168","group_ids":["正式队伍"],"affiliation":"南京理工大学","id":"T168","icpc_id":"T168","name":"跃迁引擎","organization_id":"南京理工大学","members":""},{"externalid":"T169","group_ids":["正式队伍"],"affiliation":"南京理工大学","id":"T169","icpc_id":"T169","name":"Fire and blood","organization_id":"南京理工大学","members":""},{"externalid":"T170","group_ids":["正式队伍"],"affiliation":"南京信息工程大学","id":"T170","icpc_id":"T170","name":"咕咕咕咕咕咕","organization_id":"南京信息工程大学","members":""},{"externalid":"T171","group_ids":["正式队伍"],"affiliation":"南京邮电大学","id":"T171","icpc_id":"T171","name":"三相之力","organization_id":"南京邮电大学","members":""},{"externalid":"T172","group_ids":["正式队伍"],"affiliation":"南京邮电大学","id":"T172","icpc_id":"T172","name":"快进到AC","organization_id":"南京邮电大学","members":""},{"externalid":"T173","group_ids":["女队"],"affiliation":"南京邮电大学","id":"T173","icpc_id":"T173","name":"三只小青wa","organization_id":"南京邮电大学","members":""},{"externalid":"T174","group_ids":["正式队伍"],"affiliation":"南阳理工学院","id":"T174","icpc_id":"T174","name":"向快乐出发","organization_id":"南阳理工学院","members":""},{"externalid":"T175","group_ids":["女队"],"affiliation":"南阳理工学院","id":"T175","icpc_id":"T175","name":"小学生打国家运动队","organization_id":"南阳理工学院","members":""},{"externalid":"T176","group_ids":["女队"],"affiliation":"南阳理工学院","id":"T176","icpc_id":"T176","name":"重在参与","organization_id":"南阳理工学院","members":""},{"externalid":"T177","group_ids":["正式队伍"],"affiliation":"内蒙古大学","id":"T177","icpc_id":"T177","name":"正道的光","organization_id":"内蒙古大学","members":""},{"externalid":"T178","group_ids":["正式队伍"],"affiliation":"青岛大学","id":"T178","icpc_id":"T178","name":"真正的AC钙奶","organization_id":"青岛大学","members":""},{"externalid":"T179","group_ids":["正式队伍"],"affiliation":"青岛大学","id":"T179","icpc_id":"T179","name":"三个小铁匠","organization_id":"青岛大学","members":""},{"externalid":"T180","group_ids":["正式队伍"],"affiliation":"青岛大学","id":"T180","icpc_id":"T180","name":"皆可","organization_id":"青岛大学","members":""},{"externalid":"T181","group_ids":["正式队伍"],"affiliation":"清华大学","id":"T181","icpc_id":"T181","name":"邱宝","organization_id":"清华大学","members":""},{"externalid":"T182","group_ids":["正式队伍"],"affiliation":"清华大学","id":"T182","icpc_id":"T182","name":"三个顶俩","organization_id":"清华大学","members":""},{"externalid":"T183","group_ids":["正式队伍"],"affiliation":"清华大学","id":"T183","icpc_id":"T183","name":"大伊万","organization_id":"清华大学","members":""},{"externalid":"T184","group_ids":["正式队伍"],"affiliation":"清华大学","id":"T184","icpc_id":"T184","name":"粤飞粤精彩","organization_id":"清华大学","members":""},{"externalid":"T185","group_ids":["女队"],"affiliation":"三明学院","id":"T185","icpc_id":"T185","name":"超越组","organization_id":"三明学院","members":""},{"externalid":"T186","group_ids":["正式队伍"],"affiliation":"厦门大学","id":"T186","icpc_id":"T186","name":"雨过天晴二重虹","organization_id":"厦门大学","members":""},{"externalid":"T187","group_ids":["打星"],"affiliation":"厦门大学","id":"T187","icpc_id":"T187","name":"你又会了","organization_id":"厦门大学","members":""},{"externalid":"T188","group_ids":["正式队伍"],"affiliation":"山东大学","id":"T188","icpc_id":"T188","name":"Pikachu","organization_id":"山东大学","members":""},{"externalid":"T189","group_ids":["正式队伍"],"affiliation":"山东大学","id":"T189","icpc_id":"T189","name":"GGjidi","organization_id":"山东大学","members":""},{"externalid":"T190","group_ids":["正式队伍"],"affiliation":"山东大学","id":"T190","icpc_id":"T190","name":"sinsincos","organization_id":"山东大学","members":""},{"externalid":"T191","group_ids":["正式队伍"],"affiliation":"山东建筑大学","id":"T191","icpc_id":"T191","name":"zh的任务罢了","organization_id":"山东建筑大学","members":""},{"externalid":"T192","group_ids":["正式队伍"],"affiliation":"山东建筑大学","id":"T192","icpc_id":"T192","name":"咕咕咕","organization_id":"山东建筑大学","members":""},{"externalid":"T193","group_ids":["女队"],"affiliation":"山东科技大学","id":"T193","icpc_id":"T193","name":"SKD女武神","organization_id":"山东科技大学","members":""},{"externalid":"T194","group_ids":["正式队伍"],"affiliation":"山东科技大学","id":"T194","icpc_id":"T194","name":"SKD新星号","organization_id":"山东科技大学","members":""},{"externalid":"T195","group_ids":["正式队伍"],"affiliation":"山东理工大学","id":"T195","icpc_id":"T195","name":"华灯初上","organization_id":"山东理工大学","members":""},{"externalid":"T196","group_ids":["正式队伍"],"affiliation":"山东师范大学","id":"T196","icpc_id":"T196","name":"SuperQueue","organization_id":"山东师范大学","members":""},{"externalid":"T197","group_ids":["正式队伍"],"affiliation":"上海大学","id":"T197","icpc_id":"T197","name":"三维半空间交","organization_id":"上海大学","members":""},{"externalid":"T198","group_ids":["正式队伍"],"affiliation":"上海大学","id":"T198","icpc_id":"T198","name":"莫问有风尘","organization_id":"上海大学","members":""},{"externalid":"T199","group_ids":["正式队伍"],"affiliation":"上海大学","id":"T199","icpc_id":"T199","name":"相信的心就是你的魔法","organization_id":"上海大学","members":""},{"externalid":"T200","group_ids":["正式队伍"],"affiliation":"绍兴文理学院元培学院","id":"T200","icpc_id":"T200","name":"只为张开双翼","organization_id":"绍兴文理学院元培学院","members":""},{"externalid":"T201","group_ids":["正式队伍"],"affiliation":"深圳大学","id":"T201","icpc_id":"T201","name":"吾晓之以理","organization_id":"深圳大学","members":""},{"externalid":"T202","group_ids":["正式队伍"],"affiliation":"深圳大学","id":"T202","icpc_id":"T202","name":"伊莉雅天下第一","organization_id":"深圳大学","members":""},{"externalid":"T203","group_ids":["正式队伍"],"affiliation":"深圳大学","id":"T203","icpc_id":"T203","name":"激烈的摸鱼对决","organization_id":"深圳大学","members":""},{"externalid":"T204","group_ids":["打星"],"affiliation":"深圳大学","id":"T204","icpc_id":"T204","name":"ac_player","organization_id":"深圳大学","members":""},{"externalid":"T205","group_ids":["女队"],"affiliation":"深圳技术大学","id":"T205","icpc_id":"T205","name":"她们","organization_id":"深圳技术大学","members":""},{"externalid":"T206","group_ids":["正式队伍"],"affiliation":"四川大学","id":"T206","icpc_id":"T206","name":"究极土块","organization_id":"四川大学","members":""},{"externalid":"T207","group_ids":["正式队伍"],"affiliation":"四川大学","id":"T207","icpc_id":"T207","name":"我永远喜欢丁丁妹妹","organization_id":"四川大学","members":""},{"externalid":"T208","group_ids":["女队"],"affiliation":"四川大学","id":"T208","icpc_id":"T208","name":"富婆软饭哭哭","organization_id":"四川大学","members":""},{"externalid":"T209","group_ids":["正式队伍"],"affiliation":"四川师范大学","id":"T209","icpc_id":"T209","name":"我们中出了一个叛徒","organization_id":"四川师范大学","members":""},{"externalid":"T210","group_ids":["正式队伍"],"affiliation":"太原理工大学","id":"T210","icpc_id":"T210","name":"九章算树","organization_id":"太原理工大学","members":""},{"externalid":"T211","group_ids":["正式队伍"],"affiliation":"天津大学","id":"T211","icpc_id":"T211","name":"皮卡皮卡皮","organization_id":"天津大学","members":""},{"externalid":"T212","group_ids":["正式队伍"],"affiliation":"天津大学","id":"T212","icpc_id":"T212","name":"麻烦给我的小姐姐来一杯Mojito","organization_id":"天津大学","members":""},{"externalid":"T213","group_ids":["女队"],"affiliation":"天津工业大学","id":"T213","icpc_id":"T213","name":"时北北学长的后援队","organization_id":"天津工业大学","members":""},{"externalid":"T214","group_ids":["正式队伍"],"affiliation":"通化师范学院","id":"T214","icpc_id":"T214","name":"纪家女将","organization_id":"通化师范学院","members":""},{"externalid":"T215","group_ids":["正式队伍"],"affiliation":"同济大学","id":"T215","icpc_id":"T215","name":"济鸽","organization_id":"同济大学","members":""},{"externalid":"T216","group_ids":["正式队伍"],"affiliation":"同济大学","id":"T216","icpc_id":"T216","name":"五岁来打acm","organization_id":"同济大学","members":""},{"externalid":"T217","group_ids":["女队"],"affiliation":"同济大学","id":"T217","icpc_id":"T217","name":"黄渡少女404","organization_id":"同济大学","members":""},{"externalid":"T218","group_ids":["正式队伍"],"affiliation":"武汉大学","id":"T218","icpc_id":"T218","name":"旭旭洋洋俐俐","organization_id":"武汉大学","members":""},{"externalid":"T219","group_ids":["正式队伍"],"affiliation":"武汉大学","id":"T219","icpc_id":"T219","name":"砸苹果的牛顿","organization_id":"武汉大学","members":""},{"externalid":"T220","group_ids":["正式队伍"],"affiliation":"武汉大学","id":"T220","icpc_id":"T220","name":"待命名","organization_id":"武汉大学","members":""},{"externalid":"T221","group_ids":["女队"],"affiliation":"武汉纺织大学","id":"T221","icpc_id":"T221","name":"AC钙奶","organization_id":"武汉纺织大学","members":""},{"externalid":"T222","group_ids":["正式队伍"],"affiliation":"武汉工程大学","id":"T222","icpc_id":"T222","name":"江湖夜雨十年WA","organization_id":"武汉工程大学","members":""},{"externalid":"T223","group_ids":["正式队伍"],"affiliation":"武汉理工大学","id":"T223","icpc_id":"T223","name":"Manjaro","organization_id":"武汉理工大学","members":""},{"externalid":"T224","group_ids":["正式队伍"],"affiliation":"西安电子科技大学","id":"T224","icpc_id":"T224","name":"答案","organization_id":"西安电子科技大学","members":""},{"externalid":"T225","group_ids":["正式队伍"],"affiliation":"西安电子科技大学","id":"T225","icpc_id":"T225","name":"慢慢来","organization_id":"西安电子科技大学","members":""},{"externalid":"T226","group_ids":["正式队伍"],"affiliation":"西安交通大学","id":"T226","icpc_id":"T226","name":"对对队","organization_id":"西安交通大学","members":""},{"externalid":"T227","group_ids":["正式队伍"],"affiliation":"西安交通大学","id":"T227","icpc_id":"T227","name":"一袋米要扛几楼","organization_id":"西安交通大学","members":""},{"externalid":"T228","group_ids":["女队"],"affiliation":"西安理工大学","id":"T228","icpc_id":"T228","name":"我做的都队","organization_id":"西安理工大学","members":""},{"externalid":"T229","group_ids":["打星"],"affiliation":"西安理工大学","id":"T229","icpc_id":"T229","name":"拿牌就给队友表白","organization_id":"西安理工大学","members":""},{"externalid":"T230","group_ids":["打星"],"affiliation":"西安理工大学","id":"T230","icpc_id":"T230","name":"正在爬楼梯","organization_id":"西安理工大学","members":""},{"externalid":"T231","group_ids":["打星"],"affiliation":"西安理工大学","id":"T231","icpc_id":"T231","name":"我们就是来WAWA","organization_id":"西安理工大学","members":""},{"externalid":"T232","group_ids":["打星"],"affiliation":"西安理工大学","id":"T232","icpc_id":"T232","name":"提交的都队","organization_id":"西安理工大学","members":""},{"externalid":"T233","group_ids":["打星"],"affiliation":"西安理工大学","id":"T233","icpc_id":"T233","name":"再过一题就吃餐包","organization_id":"西安理工大学","members":""},{"externalid":"T234","group_ids":["正式队伍"],"affiliation":"西北大学","id":"T234","icpc_id":"T234","name":"MedalOrSingleDog","organization_id":"西北大学","members":""},{"externalid":"T235","group_ids":["正式队伍"],"affiliation":"西北大学","id":"T235","icpc_id":"T235","name":"纸片人","organization_id":"西北大学","members":""},{"externalid":"T236","group_ids":["正式队伍"],"affiliation":"西北大学","id":"T236","icpc_id":"T236","name":"正在南非上网","organization_id":"西北大学","members":""},{"externalid":"T237","group_ids":["正式队伍"],"affiliation":"西北农林科技大学","id":"T237","icpc_id":"T237","name":"ThreeHappy","organization_id":"西北农林科技大学","members":""},{"externalid":"T238","group_ids":["正式队伍"],"affiliation":"西北农林科技大学","id":"T238","icpc_id":"T238","name":"摩天动物园","organization_id":"西北农林科技大学","members":""},{"externalid":"T239","group_ids":["正式队伍"],"affiliation":"西交利物浦大学","id":"T239","icpc_id":"T239","name":"不挂机","organization_id":"西交利物浦大学","members":""},{"externalid":"T240","group_ids":["正式队伍"],"affiliation":"西南交通大学","id":"T240","icpc_id":"T240","name":"吃饱喝足","organization_id":"西南交通大学","members":""},{"externalid":"T241","group_ids":["正式队伍"],"affiliation":"西南科技大学","id":"T241","icpc_id":"T241","name":"发落皈依，卿容犹记","organization_id":"西南科技大学","members":""},{"externalid":"T242","group_ids":["正式队伍"],"affiliation":"西南科技大学","id":"T242","icpc_id":"T242","name":"仨","organization_id":"西南科技大学","members":""},{"externalid":"T243","group_ids":["正式队伍"],"affiliation":"西南科技大学","id":"T243","icpc_id":"T243","name":"我tm直接打铁","organization_id":"西南科技大学","members":""},{"externalid":"T244","group_ids":["正式队伍"],"affiliation":"西南科技大学","id":"T244","icpc_id":"T244","name":"我亿个人C","organization_id":"西南科技大学","members":""},{"externalid":"T245","group_ids":["正式队伍"],"affiliation":"西南石油大学","id":"T245","icpc_id":"T245","name":"运行错误","organization_id":"西南石油大学","members":""},{"externalid":"T246","group_ids":["正式队伍"],"affiliation":"香港城市大学","id":"T246","icpc_id":"T246","name":"九龙塘妙妙屋","organization_id":"香港城市大学","members":""},{"externalid":"T247","group_ids":["正式队伍"],"affiliation":"湘潭大学","id":"T247","icpc_id":"T247","name":"XTU_k-on","organization_id":"湘潭大学","members":""},{"externalid":"T248","group_ids":["正式队伍"],"affiliation":"湘潭大学","id":"T248","icpc_id":"T248","name":"XTU_Changchun_1","organization_id":"湘潭大学","members":""},{"externalid":"T249","group_ids":["正式队伍"],"affiliation":"新疆大学","id":"T249","icpc_id":"T249","name":"acmOrz","organization_id":"新疆大学","members":""},{"externalid":"T250","group_ids":["女队"],"affiliation":"烟台大学","id":"T250","icpc_id":"T250","name":"洋芋参","organization_id":"烟台大学","members":""},{"externalid":"T251","group_ids":["正式队伍"],"affiliation":"宜春学院","id":"T251","icpc_id":"T251","name":"烂摊子班的两个学生和一个大佬","organization_id":"宜春学院","members":""},{"externalid":"T252","group_ids":["正式队伍"],"affiliation":"战略支援部队信息工程大学","id":"T252","icpc_id":"T252","name":"力口一禾少","organization_id":"战略支援部队信息工程大学","members":""},{"externalid":"T253","group_ids":["正式队伍"],"affiliation":"战略支援部队信息工程大学","id":"T253","icpc_id":"T253","name":"人活着就是为了和樱岛麻衣一起决胜小康","organization_id":"战略支援部队信息工程大学","members":""},{"externalid":"T254","group_ids":["正式队伍"],"affiliation":"战略支援部队信息工程大学","id":"T254","icpc_id":"T254","name":"飞飞飞","organization_id":"战略支援部队信息工程大学","members":""},{"externalid":"T255","group_ids":["正式队伍"],"affiliation":"长春工业大学","id":"T255","icpc_id":"T255","name":"14:29","organization_id":"长春工业大学","members":""},{"externalid":"T256","group_ids":["正式队伍"],"affiliation":"长春工业大学人文信息学院","id":"T256","icpc_id":"T256","name":"群友请速来与我击剑","organization_id":"长春工业大学人文信息学院","members":""},{"externalid":"T257","group_ids":["正式队伍"],"affiliation":"长沙学院","id":"T257","icpc_id":"T257","name":"妙wa种子","organization_id":"长沙学院","members":""},{"externalid":"T258","group_ids":["打星"],"affiliation":"长沙学院","id":"T258","icpc_id":"T258","name":"迪迦长大分迦","organization_id":"长沙学院","members":""},{"externalid":"T259","group_ids":["正式队伍"],"affiliation":"浙江大学城市学院","id":"T259","icpc_id":"T259","name":"童话术士","organization_id":"浙江大学城市学院","members":""},{"externalid":"T260","group_ids":["正式队伍"],"affiliation":"浙江大学城市学院","id":"T260","icpc_id":"T260","name":"三个混子不想打铁","organization_id":"浙江大学城市学院","members":""},{"externalid":"T261","group_ids":["打星"],"affiliation":"浙江大学城市学院","id":"T261","icpc_id":"T261","name":"AC自动机研发小组","organization_id":"浙江大学城市学院","members":""},{"externalid":"T262","group_ids":["正式队伍"],"affiliation":"浙江大学宁波理工学院","id":"T262","icpc_id":"T262","name":"庞然琐事","organization_id":"浙江大学宁波理工学院","members":""},{"externalid":"T263","group_ids":["正式队伍"],"affiliation":"浙江大学宁波理工学院","id":"T263","icpc_id":"T263","name":"运气王拿外卖","organization_id":"浙江大学宁波理工学院","members":""},{"externalid":"T264","group_ids":["正式队伍"],"affiliation":"浙江财经大学","id":"T264","icpc_id":"T264","name":"天团","organization_id":"浙江财经大学","members":""},{"externalid":"T265","group_ids":["正式队伍"],"affiliation":"浙江财经大学","id":"T265","icpc_id":"T265","name":"暮光","organization_id":"浙江财经大学","members":""},{"externalid":"T266","group_ids":["正式队伍"],"affiliation":"浙江大学","id":"T266","icpc_id":"T266","name":"国服前50","organization_id":"浙江大学","members":""},{"externalid":"T267","group_ids":["正式队伍"],"affiliation":"浙江大学","id":"T267","icpc_id":"T267","name":"虚空之梦队","organization_id":"浙江大学","members":""},{"externalid":"T268","group_ids":["正式队伍"],"affiliation":"浙江大学","id":"T268","icpc_id":"T268","name":"calabash chicken","organization_id":"浙江大学","members":""},{"externalid":"T269","group_ids":["正式队伍"],"affiliation":"浙江工商大学","id":"T269","icpc_id":"T269","name":"T1382","organization_id":"浙江工商大学","members":""},{"externalid":"T270","group_ids":["正式队伍"],"affiliation":"浙江工商大学","id":"T270","icpc_id":"T270","name":"粉红毛毛兔","organization_id":"浙江工商大学","members":""},{"externalid":"T271","group_ids":["正式队伍"],"affiliation":"浙江工业大学","id":"T271","icpc_id":"T271","name":"希望之花","organization_id":"浙江工业大学","members":""},{"externalid":"T272","group_ids":["正式队伍"],"affiliation":"浙江工业大学","id":"T272","icpc_id":"T272","name":"ZJUT11","organization_id":"浙江工业大学","members":""},{"externalid":"T273","group_ids":["正式队伍"],"affiliation":"浙江工业大学","id":"T273","icpc_id":"T273","name":"ZJUT5","organization_id":"浙江工业大学","members":""},{"externalid":"T274","group_ids":["正式队伍"],"affiliation":"浙江工业职业技术学院","id":"T274","icpc_id":"T274","name":"第七弱的队伍","organization_id":"浙江工业职业技术学院","members":""},{"externalid":"T275","group_ids":["正式队伍"],"affiliation":"浙江科技学院","id":"T275","icpc_id":"T275","name":"演完就跑","organization_id":"浙江科技学院","members":""},{"externalid":"T276","group_ids":["正式队伍"],"affiliation":"浙江理工大学","id":"T276","icpc_id":"T276","name":"想不出名字","organization_id":"浙江理工大学","members":""},{"externalid":"T277","group_ids":["女队"],"affiliation":"浙江农林大学","id":"T277","icpc_id":"T277","name":"鸭鸭不在乎","organization_id":"浙江农林大学","members":""},{"externalid":"T278","group_ids":["正式队伍"],"affiliation":"浙江农林大学","id":"T278","icpc_id":"T278","name":"三只小老鼠","organization_id":"浙江农林大学","members":""},{"externalid":"T279","group_ids":["打星"],"affiliation":"浙江农林大学","id":"T279","icpc_id":"T279","name":"auto concer","organization_id":"浙江农林大学","members":""},{"externalid":"T280","group_ids":["正式队伍"],"affiliation":"浙江农林大学","id":"T280","icpc_id":"T280","name":"妙WA种子","organization_id":"浙江农林大学","members":""},{"externalid":"T281","group_ids":["打星"],"affiliation":"浙江农林大学","id":"T281","icpc_id":"T281","name":"咸鱼粘锅队","organization_id":"浙江农林大学","members":""},{"externalid":"T282","group_ids":["打星"],"affiliation":"浙江农林大学","id":"T282","icpc_id":"T282","name":"代码敲不队","organization_id":"浙江农林大学","members":""},{"externalid":"T283","group_ids":["正式队伍"],"affiliation":"浙江农林大学暨阳学院","id":"T283","icpc_id":"T283","name":"线段树上数论自动AC机","organization_id":"浙江农林大学暨阳学院","members":""},{"externalid":"T284","group_ids":["正式队伍"],"affiliation":"浙江师范大学","id":"T284","icpc_id":"T284","name":"神様","organization_id":"浙江师范大学","members":""},{"externalid":"T285","group_ids":["正式队伍"],"affiliation":"浙江师范大学","id":"T285","icpc_id":"T285","name":"红鲤鱼与绿鲤鱼与驴","organization_id":"浙江师范大学","members":""},{"externalid":"T286","group_ids":["正式队伍"],"affiliation":"浙江师范大学","id":"T286","icpc_id":"T286","name":"婺城区老年人复健中心","organization_id":"浙江师范大学","members":""},{"externalid":"T287","group_ids":["打星"],"affiliation":"浙江中医药大学","id":"T287","icpc_id":"T287","name":"ZCMU-我你宝","organization_id":"浙江中医药大学","members":""},{"externalid":"T288","group_ids":["正式队伍"],"affiliation":"郑州大学","id":"T288","icpc_id":"T288","name":"ZZU_0x00","organization_id":"郑州大学","members":""},{"externalid":"T289","group_ids":["正式队伍"],"affiliation":"郑州大学","id":"T289","icpc_id":"T289","name":"ZZU_0x55","organization_id":"郑州大学","members":""},{"externalid":"T290","group_ids":["打星"],"affiliation":"郑州大学","id":"T290","icpc_id":"T290","name":"ZZU_0xCC","organization_id":"郑州大学","members":""},{"externalid":"T291","group_ids":["打星"],"affiliation":"郑州大学","id":"T291","icpc_id":"T291","name":"ZZU_0xFF","organization_id":"郑州大学","members":""},{"externalid":"T292","group_ids":["打星"],"affiliation":"郑州大学","id":"T292","icpc_id":"T292","name":"ZZU_0x33","organization_id":"郑州大学","members":""},{"externalid":"T293","group_ids":["正式队伍"],"affiliation":"中北大学","id":"T293","icpc_id":"T293","name":"仨人俩演","organization_id":"中北大学","members":""},{"externalid":"T294","group_ids":["正式队伍"],"affiliation":"中国传媒大学","id":"T294","icpc_id":"T294","name":"赛前必吃烧鸭饭","organization_id":"中国传媒大学","members":""},{"externalid":"T295","group_ids":["正式队伍"],"affiliation":"中国传媒大学","id":"T295","icpc_id":"T295","name":"我一个滑铲","organization_id":"中国传媒大学","members":""},{"externalid":"T296","group_ids":["正式队伍"],"affiliation":"中国地质大学（北京）","id":"T296","icpc_id":"T296","name":"cugb小队","organization_id":"中国地质大学（北京）","members":""},{"externalid":"T297","group_ids":["正式队伍"],"affiliation":"中国地质大学（武汉）","id":"T297","icpc_id":"T297","name":"葱太强了","organization_id":"中国地质大学（武汉）","members":""},{"externalid":"T298","group_ids":["打星"],"affiliation":"中国地质大学（武汉）","id":"T298","icpc_id":"T298","name":"反向AC","organization_id":"中国地质大学（武汉）","members":""},{"externalid":"T299","group_ids":["正式队伍"],"affiliation":"中国计量大学","id":"T299","icpc_id":"T299","name":"线上旅游真好玩","organization_id":"中国计量大学","members":""},{"externalid":"T300","group_ids":["正式队伍"],"affiliation":"中国计量大学","id":"T300","icpc_id":"T300","name":"年年有今日","organization_id":"中国计量大学","members":""},{"externalid":"T301","group_ids":["正式队伍"],"affiliation":"中国科学院大学","id":"T301","icpc_id":"T301","name":"给大佬递JAVA","organization_id":"中国科学院大学","members":""},{"externalid":"T302","group_ids":["正式队伍"],"affiliation":"中国矿业大学","id":"T302","icpc_id":"T302","name":"按坦克进入F","organization_id":"中国矿业大学","members":""},{"externalid":"T303","group_ids":["正式队伍"],"affiliation":"中国石油大学（华东）","id":"T303","icpc_id":"T303","name":"狗蛋无敌","organization_id":"中国石油大学（华东）","members":""},{"externalid":"T304","group_ids":["正式队伍"],"affiliation":"中国石油大学（华东）","id":"T304","icpc_id":"T304","name":"下把一定紫","organization_id":"中国石油大学（华东）","members":""},{"externalid":"T305","group_ids":["正式队伍"],"affiliation":"中南大学","id":"T305","icpc_id":"T305","name":"隔壁叔叔七夕还在掉分","organization_id":"中南大学","members":""},{"externalid":"T306","group_ids":["正式队伍"],"affiliation":"中南大学","id":"T306","icpc_id":"T306","name":"我想要变强","organization_id":"中南大学","members":""},{"externalid":"T307","group_ids":["正式队伍"],"affiliation":"中南大学","id":"T307","icpc_id":"T307","name":"我写得巨对","organization_id":"中南大学","members":""},{"externalid":"T308","group_ids":["正式队伍"],"affiliation":"中南林业科技大学","id":"T308","icpc_id":"T308","name":"CSUFT@CC","organization_id":"中南林业科技大学","members":""},{"externalid":"T309","group_ids":["正式队伍"],"affiliation":"中央民族大学","id":"T309","icpc_id":"T309","name":"美美与共知行合一","organization_id":"中央民族大学","members":""},{"externalid":"T310","group_ids":["正式队伍"],"affiliation":"重庆大学","id":"T310","icpc_id":"T310","name":"几何冲刺","organization_id":"重庆大学","members":""},{"externalid":"T311","group_ids":["正式队伍"],"affiliation":"重庆大学","id":"T311","icpc_id":"T311","name":"一斤甲鱼","organization_id":"重庆大学","members":""},{"externalid":"T312","group_ids":["正式队伍"],"affiliation":"重庆邮电大学","id":"T312","icpc_id":"T312","name":"老八秘制小汉堡","organization_id":"重庆邮电大学","members":""},{"externalid":"T313","group_ids":["打星"],"affiliation":"福州大学","id":"T313","icpc_id":"T313","name":"从头开始","organization_id":"福州大学","members":""},{"externalid":"T314","group_ids":["打星"],"affiliation":"福州大学","id":"T314","icpc_id":"T314","name":"涅槃","organization_id":"福州大学","members":""},{"externalid":"T315","group_ids":["打星"],"affiliation":"福州大学","id":"T315","icpc_id":"T315","name":"FZU旅行团","organization_id":"福州大学","members":""},{"externalid":"T316","group_ids":["打星"],"affiliation":"长春理工大学","id":"T316","icpc_id":"T316","name":"金陵香辣烤虾仁豌豆闷骚牛肉鸭饭","organization_id":"长春理工大学","members":""},{"externalid":"T317","group_ids":["打星"],"affiliation":"长春理工大学","id":"T317","icpc_id":"T317","name":"金猫非猫","organization_id":"长春理工大学","members":""},{"externalid":"T318","group_ids":["打星"],"affiliation":"长春理工大学","id":"T318","icpc_id":"T318","name":"长理-1队","organization_id":"长春理工大学","members":""},{"externalid":"T319","group_ids":["打星"],"affiliation":"长春理工大学","id":"T319","icpc_id":"T319","name":"ACM马晓晓","organization_id":"长春理工大学","members":""},{"externalid":"T320","group_ids":["打星"],"affiliation":"长春理工大学","id":"T320","icpc_id":"T320","name":"听取蛙声一片","organization_id":"长春理工大学","members":""},{"externalid":"T321","group_ids":["打星"],"affiliation":"长春理工大学","id":"T321","icpc_id":"T321","name":"厂里人","organization_id":"长春理工大学","members":""},{"externalid":"T322","group_ids":["打星"],"affiliation":"长春理工大学","id":"T322","icpc_id":"T322","name":"咕咕咕","organization_id":"长春理工大学","members":""},{"externalid":"T323","group_ids":["女队"],"affiliation":"青海大学","id":"T323","icpc_id":"T323","name":"幂零","organization_id":"青海大学","members":""},{"externalid":"T324","group_ids":["打星"],"affiliation":"长春工业大学","id":"T324","icpc_id":"T324","name":"没你好果汁吃","organization_id":"长春工业大学","members":""}]