[{"icpc_id":"南京大学","shortname":"南京大学","id":"南京大学","name":"南京大学","formal_name":"南京大学"},{"icpc_id":"浙大城市学院","shortname":"浙大城市学院","id":"浙大城市学院","name":"浙大城市学院","formal_name":"浙大城市学院"},{"icpc_id":"南阳师范学院","shortname":"南阳师范学院","id":"南阳师范学院","name":"南阳师范学院","formal_name":"南阳师范学院"},{"icpc_id":"浙江师范大学","shortname":"浙江师范大学","id":"浙江师范大学","name":"浙江师范大学","formal_name":"浙江师范大学"},{"icpc_id":"华东理工大学","shortname":"华东理工大学","id":"华东理工大学","name":"华东理工大学","formal_name":"华东理工大学"},{"icpc_id":"华南师范大学","shortname":"华南师范大学","id":"华南师范大学","name":"华南师范大学","formal_name":"华南师范大学"},{"icpc_id":"东北师范大学","shortname":"东北师范大学","id":"东北师范大学","name":"东北师范大学","formal_name":"东北师范大学"},{"icpc_id":"广东技术师范大学","shortname":"广东技术师范大学","id":"广东技术师范大学","name":"广东技术师范大学","formal_name":"广东技术师范大学"},{"icpc_id":"三峡大学","shortname":"三峡大学","id":"三峡大学","name":"三峡大学","formal_name":"三峡大学"},{"icpc_id":"西南民族大学","shortname":"西南民族大学","id":"西南民族大学","name":"西南民族大学","formal_name":"西南民族大学"},{"icpc_id":"南京工业大学","shortname":"南京工业大学","id":"南京工业大学","name":"南京工业大学","formal_name":"南京工业大学"},{"icpc_id":"浙江理工大学","shortname":"浙江理工大学","id":"浙江理工大学","name":"浙江理工大学","formal_name":"浙江理工大学"},{"icpc_id":"东北农业大学","shortname":"东北农业大学","id":"东北农业大学","name":"东北农业大学","formal_name":"东北农业大学"},{"icpc_id":"乐山师范学院","shortname":"乐山师范学院","id":"乐山师范学院","name":"乐山师范学院","formal_name":"乐山师范学院"},{"icpc_id":"北京化工大学","shortname":"北京化工大学","id":"北京化工大学","name":"北京化工大学","formal_name":"北京化工大学"},{"icpc_id":"沧州师范学院","shortname":"沧州师范学院","id":"沧州师范学院","name":"沧州师范学院","formal_name":"沧州师范学院"},{"icpc_id":"成都树德中学","shortname":"成都树德中学","id":"成都树德中学","name":"成都树德中学","formal_name":"成都树德中学"},{"icpc_id":"北方工业大学","shortname":"北方工业大学","id":"北方工业大学","name":"北方工业大学","formal_name":"北方工业大学"},{"icpc_id":"河北科技师范学院","shortname":"河北科技师范学院","id":"河北科技师范学院","name":"河北科技师范学院","formal_name":"河北科技师范学院"},{"icpc_id":"成都理工大学工程技术学院","shortname":"成都理工大学工程技术学院","id":"成都理工大学工程技术学院","name":"成都理工大学工程技术学院","formal_name":"成都理工大学工程技术学院"},{"icpc_id":"武汉工程大学","shortname":"武汉工程大学","id":"武汉工程大学","name":"武汉工程大学","formal_name":"武汉工程大学"},{"icpc_id":"贵州工程应用技术学院","shortname":"贵州工程应用技术学院","id":"贵州工程应用技术学院","name":"贵州工程应用技术学院","formal_name":"贵州工程应用技术学院"},{"icpc_id":"西南科技大学","shortname":"西南科技大学","id":"西南科技大学","name":"西南科技大学","formal_name":"西南科技大学"},{"icpc_id":"西安理工大学","shortname":"西安理工大学","id":"西安理工大学","name":"西安理工大学","formal_name":"西安理工大学"},{"icpc_id":"河南科技大学软件学院","shortname":"河南科技大学软件学院","id":"河南科技大学软件学院","name":"河南科技大学软件学院","formal_name":"河南科技大学软件学院"},{"icpc_id":"合肥学院","shortname":"合肥学院","id":"合肥学院","name":"合肥学院","formal_name":"合肥学院"},{"icpc_id":"河北农业大学","shortname":"河北农业大学","id":"河北农业大学","name":"河北农业大学","formal_name":"河北农业大学"},{"icpc_id":"南阳理工学院","shortname":"南阳理工学院","id":"南阳理工学院","name":"南阳理工学院","formal_name":"南阳理工学院"},{"icpc_id":"东华大学","shortname":"东华大学","id":"东华大学","name":"东华大学","formal_name":"东华大学"},{"icpc_id":"福建师范大学","shortname":"福建师范大学","id":"福建师范大学","name":"福建师范大学","formal_name":"福建师范大学"},{"icpc_id":"电子科技大学","shortname":"电子科技大学","id":"电子科技大学","name":"电子科技大学","formal_name":"电子科技大学"},{"icpc_id":"浙江工业大学之江学院","shortname":"浙江工业大学之江学院","id":"浙江工业大学之江学院","name":"浙江工业大学之江学院","formal_name":"浙江工业大学之江学院"},{"icpc_id":"暨南大学","shortname":"暨南大学","id":"暨南大学","name":"暨南大学","formal_name":"暨南大学"},{"icpc_id":"贺州学院","shortname":"贺州学院","id":"贺州学院","name":"贺州学院","formal_name":"贺州学院"},{"icpc_id":"中国地质大学（武汉）","shortname":"中国地质大学（武汉）","id":"中国地质大学（武汉）","name":"中国地质大学（武汉）","formal_name":"中国地质大学（武汉）"},{"icpc_id":"湖北第二师范学院","shortname":"湖北第二师范学院","id":"湖北第二师范学院","name":"湖北第二师范学院","formal_name":"湖北第二师范学院"},{"icpc_id":"中南民族大学","shortname":"中南民族大学","id":"中南民族大学","name":"中南民族大学","formal_name":"中南民族大学"},{"icpc_id":"华南理工大学广州学院","shortname":"华南理工大学广州学院","id":"华南理工大学广州学院","name":"华南理工大学广州学院","formal_name":"华南理工大学广州学院"},{"icpc_id":"武汉科技大学","shortname":"武汉科技大学","id":"武汉科技大学","name":"武汉科技大学","formal_name":"武汉科技大学"},{"icpc_id":"河南大学","shortname":"河南大学","id":"河南大学","name":"河南大学","formal_name":"河南大学"},{"icpc_id":"苏州大学","shortname":"苏州大学","id":"苏州大学","name":"苏州大学","formal_name":"苏州大学"},{"icpc_id":"西安电子科技大学","shortname":"西安电子科技大学","id":"西安电子科技大学","name":"西安电子科技大学","formal_name":"西安电子科技大学"},{"icpc_id":"浙大宁波理工学院","shortname":"浙大宁波理工学院","id":"浙大宁波理工学院","name":"浙大宁波理工学院","formal_name":"浙大宁波理工学院"},{"icpc_id":"山东大学","shortname":"山东大学","id":"山东大学","name":"山东大学","formal_name":"山东大学"},{"icpc_id":"南京信息工程大学","shortname":"南京信息工程大学","id":"南京信息工程大学","name":"南京信息工程大学","formal_name":"南京信息工程大学"},{"icpc_id":"南京航空航天大学","shortname":"南京航空航天大学","id":"南京航空航天大学","name":"南京航空航天大学","formal_name":"南京航空航天大学"},{"icpc_id":"西北农林科技大学","shortname":"西北农林科技大学","id":"西北农林科技大学","name":"西北农林科技大学","formal_name":"西北农林科技大学"},{"icpc_id":"成都理工大学","shortname":"成都理工大学","id":"成都理工大学","name":"成都理工大学","formal_name":"成都理工大学"},{"icpc_id":"西南大学","shortname":"西南大学","id":"西南大学","name":"西南大学","formal_name":"西南大学"},{"icpc_id":"西南石油大学","shortname":"西南石油大学","id":"西南石油大学","name":"西南石油大学","formal_name":"西南石油大学"},{"icpc_id":"天津大学","shortname":"天津大学","id":"天津大学","name":"天津大学","formal_name":"天津大学"},{"icpc_id":"长安大学","shortname":"长安大学","id":"长安大学","name":"长安大学","formal_name":"长安大学"},{"icpc_id":"北京师范大学","shortname":"北京师范大学","id":"北京师范大学","name":"北京师范大学","formal_name":"北京师范大学"},{"icpc_id":"厦门大学嘉庚学院","shortname":"厦门大学嘉庚学院","id":"厦门大学嘉庚学院","name":"厦门大学嘉庚学院","formal_name":"厦门大学嘉庚学院"},{"icpc_id":"湖南中医药大学","shortname":"湖南中医药大学","id":"湖南中医药大学","name":"湖南中医药大学","formal_name":"湖南中医药大学"},{"icpc_id":"江西师范大学","shortname":"江西师范大学","id":"江西师范大学","name":"江西师范大学","formal_name":"江西师范大学"},{"icpc_id":"湖南工业大学","shortname":"湖南工业大学","id":"湖南工业大学","name":"湖南工业大学","formal_name":"湖南工业大学"},{"icpc_id":"浙江财经大学","shortname":"浙江财经大学","id":"浙江财经大学","name":"浙江财经大学","formal_name":"浙江财经大学"},{"icpc_id":"湖北民族大学","shortname":"湖北民族大学","id":"湖北民族大学","name":"湖北民族大学","formal_name":"湖北民族大学"},{"icpc_id":"泉州师范学院","shortname":"泉州师范学院","id":"泉州师范学院","name":"泉州师范学院","formal_name":"泉州师范学院"},{"icpc_id":"上海科技大学","shortname":"上海科技大学","id":"上海科技大学","name":"上海科技大学","formal_name":"上海科技大学"},{"icpc_id":"广西师范大学","shortname":"广西师范大学","id":"广西师范大学","name":"广西师范大学","formal_name":"广西师范大学"},{"icpc_id":"北京师范大学(珠海校区)","shortname":"北京师范大学(珠海校区)","id":"北京师范大学(珠海校区)","name":"北京师范大学(珠海校区)","formal_name":"北京师范大学(珠海校区)"},{"icpc_id":"哈尔滨理工大学","shortname":"哈尔滨理工大学","id":"哈尔滨理工大学","name":"哈尔滨理工大学","formal_name":"哈尔滨理工大学"},{"icpc_id":"中国人民解放军陆军工程大学","shortname":"中国人民解放军陆军工程大学","id":"中国人民解放军陆军工程大学","name":"中国人民解放军陆军工程大学","formal_name":"中国人民解放军陆军工程大学"},{"icpc_id":"宁波工程学院","shortname":"宁波工程学院","id":"宁波工程学院","name":"宁波工程学院","formal_name":"宁波工程学院"},{"icpc_id":"石家庄铁道大学","shortname":"石家庄铁道大学","id":"石家庄铁道大学","name":"石家庄铁道大学","formal_name":"石家庄铁道大学"},{"icpc_id":"浙江农林大学","shortname":"浙江农林大学","id":"浙江农林大学","name":"浙江农林大学","formal_name":"浙江农林大学"},{"icpc_id":"西藏民族大学","shortname":"西藏民族大学","id":"西藏民族大学","name":"西藏民族大学","formal_name":"西藏民族大学"},{"icpc_id":"淮阴工学院","shortname":"淮阴工学院","id":"淮阴工学院","name":"淮阴工学院","formal_name":"淮阴工学院"},{"icpc_id":"上海电机学院","shortname":"上海电机学院","id":"上海电机学院","name":"上海电机学院","formal_name":"上海电机学院"},{"icpc_id":"南昌理工学院","shortname":"南昌理工学院","id":"南昌理工学院","name":"南昌理工学院","formal_name":"南昌理工学院"},{"icpc_id":"同济大学","shortname":"同济大学","id":"同济大学","name":"同济大学","formal_name":"同济大学"},{"icpc_id":"成都外国语学校","shortname":"成都外国语学校","id":"成都外国语学校","name":"成都外国语学校","formal_name":"成都外国语学校"},{"icpc_id":"天津工业大学","shortname":"天津工业大学","id":"天津工业大学","name":"天津工业大学","formal_name":"天津工业大学"},{"icpc_id":"广东财经大学","shortname":"广东财经大学","id":"广东财经大学","name":"广东财经大学","formal_name":"广东财经大学"},{"icpc_id":"长沙学院","shortname":"长沙学院","id":"长沙学院","name":"长沙学院","formal_name":"长沙学院"},{"icpc_id":"北京理工大学珠海学院","shortname":"北京理工大学珠海学院","id":"北京理工大学珠海学院","name":"北京理工大学珠海学院","formal_name":"北京理工大学珠海学院"},{"icpc_id":"湖北工业大学","shortname":"湖北工业大学","id":"湖北工业大学","name":"湖北工业大学","formal_name":"湖北工业大学"},{"icpc_id":"闽江学院","shortname":"闽江学院","id":"闽江学院","name":"闽江学院","formal_name":"闽江学院"},{"icpc_id":"浙江万里学院","shortname":"浙江万里学院","id":"浙江万里学院","name":"浙江万里学院","formal_name":"浙江万里学院"},{"icpc_id":"南京师范大学","shortname":"南京师范大学","id":"南京师范大学","name":"南京师范大学","formal_name":"南京师范大学"},{"icpc_id":"邢台学院","shortname":"邢台学院","id":"邢台学院","name":"邢台学院","formal_name":"邢台学院"},{"icpc_id":"西南财经大学","shortname":"西南财经大学","id":"西南财经大学","name":"西南财经大学","formal_name":"西南财经大学"},{"icpc_id":"广州大学华软软件学院","shortname":"广州大学华软软件学院","id":"广州大学华软软件学院","name":"广州大学华软软件学院","formal_name":"广州大学华软软件学院"},{"icpc_id":"衡阳师范学院","shortname":"衡阳师范学院","id":"衡阳师范学院","name":"衡阳师范学院","formal_name":"衡阳师范学院"},{"icpc_id":"河南理工大学","shortname":"河南理工大学","id":"河南理工大学","name":"河南理工大学","formal_name":"河南理工大学"},{"icpc_id":"上海理工大学","shortname":"上海理工大学","id":"上海理工大学","name":"上海理工大学","formal_name":"上海理工大学"},{"icpc_id":"上海大学","shortname":"上海大学","id":"上海大学","name":"上海大学","formal_name":"上海大学"},{"icpc_id":"安徽工业大学","shortname":"安徽工业大学","id":"安徽工业大学","name":"安徽工业大学","formal_name":"安徽工业大学"},{"icpc_id":"华东师范大学","shortname":"华东师范大学","id":"华东师范大学","name":"华东师范大学","formal_name":"华东师范大学"},{"icpc_id":"嘉应学院","shortname":"嘉应学院","id":"嘉应学院","name":"嘉应学院","formal_name":"嘉应学院"},{"icpc_id":"安徽科技学院","shortname":"安徽科技学院","id":"安徽科技学院","name":"安徽科技学院","formal_name":"安徽科技学院"},{"icpc_id":"东北电力大学","shortname":"东北电力大学","id":"东北电力大学","name":"东北电力大学","formal_name":"东北电力大学"},{"icpc_id":"安阳工学院","shortname":"安阳工学院","id":"安阳工学院","name":"安阳工学院","formal_name":"安阳工学院"},{"icpc_id":"南昌大学","shortname":"南昌大学","id":"南昌大学","name":"南昌大学","formal_name":"南昌大学"},{"icpc_id":"北京交通大学","shortname":"北京交通大学","id":"北京交通大学","name":"北京交通大学","formal_name":"北京交通大学"},{"icpc_id":"广东外语外贸大学","shortname":"广东外语外贸大学","id":"广东外语外贸大学","name":"广东外语外贸大学","formal_name":"广东外语外贸大学"},{"icpc_id":"河北大学","shortname":"河北大学","id":"河北大学","name":"河北大学","formal_name":"河北大学"},{"icpc_id":"安徽大学","shortname":"安徽大学","id":"安徽大学","name":"安徽大学","formal_name":"安徽大学"},{"icpc_id":"南京邮电大学","shortname":"南京邮电大学","id":"南京邮电大学","name":"南京邮电大学","formal_name":"南京邮电大学"},{"icpc_id":"华侨大学","shortname":"华侨大学","id":"华侨大学","name":"华侨大学","formal_name":"华侨大学"},{"icpc_id":"四川大学","shortname":"四川大学","id":"四川大学","name":"四川大学","formal_name":"四川大学"},{"icpc_id":"商丘学院应用科技学院","shortname":"商丘学院应用科技学院","id":"商丘学院应用科技学院","name":"商丘学院应用科技学院","formal_name":"商丘学院应用科技学院"},{"icpc_id":"深圳技术大学","shortname":"深圳技术大学","id":"深圳技术大学","name":"深圳技术大学","formal_name":"深圳技术大学"},{"icpc_id":"西安明德理工学院","shortname":"西安明德理工学院","id":"西安明德理工学院","name":"西安明德理工学院","formal_name":"西安明德理工学院"},{"icpc_id":"安徽师范大学","shortname":"安徽师范大学","id":"安徽师范大学","name":"安徽师范大学","formal_name":"安徽师范大学"},{"icpc_id":"牡丹江师范学院","shortname":"牡丹江师范学院","id":"牡丹江师范学院","name":"牡丹江师范学院","formal_name":"牡丹江师范学院"},{"icpc_id":"江西理工大学南昌校区","shortname":"江西理工大学南昌校区","id":"江西理工大学南昌校区","name":"江西理工大学南昌校区","formal_name":"江西理工大学南昌校区"},{"icpc_id":"浙江科技学院","shortname":"浙江科技学院","id":"浙江科技学院","name":"浙江科技学院","formal_name":"浙江科技学院"},{"icpc_id":"浙江商业职业技术学院","shortname":"浙江商业职业技术学院","id":"浙江商业职业技术学院","name":"浙江商业职业技术学院","formal_name":"浙江商业职业技术学院"},{"icpc_id":"南京师范大学中北学院","shortname":"南京师范大学中北学院","id":"南京师范大学中北学院","name":"南京师范大学中北学院","formal_name":"南京师范大学中北学院"},{"icpc_id":"福建江夏学院","shortname":"福建江夏学院","id":"福建江夏学院","name":"福建江夏学院","formal_name":"福建江夏学院"},{"icpc_id":"中国民航大学","shortname":"中国民航大学","id":"中国民航大学","name":"中国民航大学","formal_name":"中国民航大学"},{"icpc_id":"黄河科技学院","shortname":"黄河科技学院","id":"黄河科技学院","name":"黄河科技学院","formal_name":"黄河科技学院"},{"icpc_id":"包头师范学院","shortname":"包头师范学院","id":"包头师范学院","name":"包头师范学院","formal_name":"包头师范学院"},{"icpc_id":"郑州航空工业管理学院","shortname":"郑州航空工业管理学院","id":"郑州航空工业管理学院","name":"郑州航空工业管理学院","formal_name":"郑州航空工业管理学院"},{"icpc_id":"西北工业大学","shortname":"西北工业大学","id":"西北工业大学","name":"西北工业大学","formal_name":"西北工业大学"},{"icpc_id":"中国计量大学","shortname":"中国计量大学","id":"中国计量大学","name":"中国计量大学","formal_name":"中国计量大学"},{"icpc_id":"武汉纺织大学","shortname":"武汉纺织大学","id":"武汉纺织大学","name":"武汉纺织大学","formal_name":"武汉纺织大学"},{"icpc_id":"广东金融学院","shortname":"广东金融学院","id":"广东金融学院","name":"广东金融学院","formal_name":"广东金融学院"},{"icpc_id":"南京邮电大学通达学院","shortname":"南京邮电大学通达学院","id":"南京邮电大学通达学院","name":"南京邮电大学通达学院","formal_name":"南京邮电大学通达学院"},{"icpc_id":"中央民族大学","shortname":"中央民族大学","id":"中央民族大学","name":"中央民族大学","formal_name":"中央民族大学"},{"icpc_id":"洛阳师范学院","shortname":"洛阳师范学院","id":"洛阳师范学院","name":"洛阳师范学院","formal_name":"洛阳师范学院"},{"icpc_id":"台州学院","shortname":"台州学院","id":"台州学院","name":"台州学院","formal_name":"台州学院"},{"icpc_id":"河南中医药大学","shortname":"河南中医药大学","id":"河南中医药大学","name":"河南中医药大学","formal_name":"河南中医药大学"},{"icpc_id":"浙江中医药大学","shortname":"浙江中医药大学","id":"浙江中医药大学","name":"浙江中医药大学","formal_name":"浙江中医药大学"},{"icpc_id":"金陵科技学院","shortname":"金陵科技学院","id":"金陵科技学院","name":"金陵科技学院","formal_name":"金陵科技学院"},{"icpc_id":"浙江工商大学杭州商学院","shortname":"浙江工商大学杭州商学院","id":"浙江工商大学杭州商学院","name":"浙江工商大学杭州商学院","formal_name":"浙江工商大学杭州商学院"},{"icpc_id":"河北师范大学","shortname":"河北师范大学","id":"河北师范大学","name":"河北师范大学","formal_name":"河北师范大学"},{"icpc_id":"内蒙古大学创业学院","shortname":"内蒙古大学创业学院","id":"内蒙古大学创业学院","name":"内蒙古大学创业学院","formal_name":"内蒙古大学创业学院"},{"icpc_id":"南方科技大学","shortname":"南方科技大学","id":"南方科技大学","name":"南方科技大学","formal_name":"南方科技大学"},{"icpc_id":"战略支援部队信息工程大学","shortname":"战略支援部队信息工程大学","id":"战略支援部队信息工程大学","name":"战略支援部队信息工程大学","formal_name":"战略支援部队信息工程大学"},{"icpc_id":"惠州学院","shortname":"惠州学院","id":"惠州学院","name":"惠州学院","formal_name":"惠州学院"},{"icpc_id":"陕西师范大学","shortname":"陕西师范大学","id":"陕西师范大学","name":"陕西师范大学","formal_name":"陕西师范大学"},{"icpc_id":"四川农业大学","shortname":"四川农业大学","id":"四川农业大学","name":"四川农业大学","formal_name":"四川农业大学"},{"icpc_id":"南京晓庄学院","shortname":"南京晓庄学院","id":"南京晓庄学院","name":"南京晓庄学院","formal_name":"南京晓庄学院"},{"icpc_id":"同济大学浙江学院","shortname":"同济大学浙江学院","id":"同济大学浙江学院","name":"同济大学浙江学院","formal_name":"同济大学浙江学院"},{"icpc_id":"江南大学","shortname":"江南大学","id":"江南大学","name":"江南大学","formal_name":"江南大学"},{"icpc_id":"河南科技学院","shortname":"河南科技学院","id":"河南科技学院","name":"河南科技学院","formal_name":"河南科技学院"},{"icpc_id":"山东财经大学","shortname":"山东财经大学","id":"山东财经大学","name":"山东财经大学","formal_name":"山东财经大学"},{"icpc_id":"贵州师范学院","shortname":"贵州师范学院","id":"贵州师范学院","name":"贵州师范学院","formal_name":"贵州师范学院"},{"icpc_id":"国防科技大学","shortname":"国防科技大学","id":"国防科技大学","name":"国防科技大学","formal_name":"国防科技大学"},{"icpc_id":"吉林工商学院","shortname":"吉林工商学院","id":"吉林工商学院","name":"吉林工商学院","formal_name":"吉林工商学院"},{"icpc_id":"天津大学仁爱学院","shortname":"天津大学仁爱学院","id":"天津大学仁爱学院","name":"天津大学仁爱学院","formal_name":"天津大学仁爱学院"},{"icpc_id":"武汉商学院","shortname":"武汉商学院","id":"武汉商学院","name":"武汉商学院","formal_name":"武汉商学院"},{"icpc_id":"中山大学","shortname":"中山大学","id":"中山大学","name":"中山大学","formal_name":"中山大学"},{"icpc_id":"辽宁中医药大学","shortname":"辽宁中医药大学","id":"辽宁中医药大学","name":"辽宁中医药大学","formal_name":"辽宁中医药大学"},{"icpc_id":"湖北经济学院","shortname":"湖北经济学院","id":"湖北经济学院","name":"湖北经济学院","formal_name":"湖北经济学院"},{"icpc_id":"三明学院","shortname":"三明学院","id":"三明学院","name":"三明学院","formal_name":"三明学院"},{"icpc_id":"阜阳师范大学","shortname":"阜阳师范大学","id":"阜阳师范大学","name":"阜阳师范大学","formal_name":"阜阳师范大学"},{"icpc_id":"成都大学","shortname":"成都大学","id":"成都大学","name":"成都大学","formal_name":"成都大学"},{"icpc_id":"北部湾大学","shortname":"北部湾大学","id":"北部湾大学","name":"北部湾大学","formal_name":"北部湾大学"},{"icpc_id":"南京中医药大学","shortname":"南京中医药大学","id":"南京中医药大学","name":"南京中医药大学","formal_name":"南京中医药大学"},{"icpc_id":"大连理工大学","shortname":"大连理工大学","id":"大连理工大学","name":"大连理工大学","formal_name":"大连理工大学"},{"icpc_id":"集宁师范学院","shortname":"集宁师范学院","id":"集宁师范学院","name":"集宁师范学院","formal_name":"集宁师范学院"},{"icpc_id":"浙江工业大学","shortname":"浙江工业大学","id":"浙江工业大学","name":"浙江工业大学","formal_name":"浙江工业大学"},{"icpc_id":"黑龙江外国语学院","shortname":"黑龙江外国语学院","id":"黑龙江外国语学院","name":"黑龙江外国语学院","formal_name":"黑龙江外国语学院"},{"icpc_id":"商丘师范学院","shortname":"商丘师范学院","id":"商丘师范学院","name":"商丘师范学院","formal_name":"商丘师范学院"},{"icpc_id":"山东科技大学","shortname":"山东科技大学","id":"山东科技大学","name":"山东科技大学","formal_name":"山东科技大学"},{"icpc_id":"内蒙古师范大学","shortname":"内蒙古师范大学","id":"内蒙古师范大学","name":"内蒙古师范大学","formal_name":"内蒙古师范大学"},{"icpc_id":"内蒙古农业大学","shortname":"内蒙古农业大学","id":"内蒙古农业大学","name":"内蒙古农业大学","formal_name":"内蒙古农业大学"},{"icpc_id":"桂林理工大学","shortname":"桂林理工大学","id":"桂林理工大学","name":"桂林理工大学","formal_name":"桂林理工大学"},{"icpc_id":"重庆工程学院","shortname":"重庆工程学院","id":"重庆工程学院","name":"重庆工程学院","formal_name":"重庆工程学院"},{"icpc_id":"重庆三峡学院","shortname":"重庆三峡学院","id":"重庆三峡学院","name":"重庆三峡学院","formal_name":"重庆三峡学院"},{"icpc_id":"烟台大学","shortname":"烟台大学","id":"烟台大学","name":"烟台大学","formal_name":"烟台大学"},{"icpc_id":"青海大学","shortname":"青海大学","id":"青海大学","name":"青海大学","formal_name":"青海大学"},{"icpc_id":"郑州师范学院","shortname":"郑州师范学院","id":"郑州师范学院","name":"郑州师范学院","formal_name":"郑州师范学院"},{"icpc_id":"吉林建筑大学","shortname":"吉林建筑大学","id":"吉林建筑大学","name":"吉林建筑大学","formal_name":"吉林建筑大学"},{"icpc_id":"河南农业大学","shortname":"河南农业大学","id":"河南农业大学","name":"河南农业大学","formal_name":"河南农业大学"},{"icpc_id":"东莞理工学院","shortname":"东莞理工学院","id":"东莞理工学院","name":"东莞理工学院","formal_name":"东莞理工学院"},{"icpc_id":"哈尔滨工业大学","shortname":"哈尔滨工业大学","id":"哈尔滨工业大学","name":"哈尔滨工业大学","formal_name":"哈尔滨工业大学"},{"icpc_id":"宜春学院","shortname":"宜春学院","id":"宜春学院","name":"宜春学院","formal_name":"宜春学院"},{"icpc_id":"石家庄工商职业学院","shortname":"石家庄工商职业学院","id":"石家庄工商职业学院","name":"石家庄工商职业学院","formal_name":"石家庄工商职业学院"},{"icpc_id":"闽南师范大学","shortname":"闽南师范大学","id":"闽南师范大学","name":"闽南师范大学","formal_name":"闽南师范大学"},{"icpc_id":"怀化学院","shortname":"怀化学院","id":"怀化学院","name":"怀化学院","formal_name":"怀化学院"},{"icpc_id":"杭州电子科技大学","shortname":"杭州电子科技大学","id":"杭州电子科技大学","name":"杭州电子科技大学","formal_name":"杭州电子科技大学"},{"icpc_id":"广东第二师范学院","shortname":"广东第二师范学院","id":"广东第二师范学院","name":"广东第二师范学院","formal_name":"广东第二师范学院"},{"icpc_id":"新疆大学","shortname":"新疆大学","id":"新疆大学","name":"新疆大学","formal_name":"新疆大学"},{"icpc_id":"肇庆学院","shortname":"肇庆学院","id":"肇庆学院","name":"肇庆学院","formal_name":"肇庆学院"},{"icpc_id":"辽宁大学","shortname":"辽宁大学","id":"辽宁大学","name":"辽宁大学","formal_name":"辽宁大学"},{"icpc_id":"江苏科技大学","shortname":"江苏科技大学","id":"江苏科技大学","name":"江苏科技大学","formal_name":"江苏科技大学"},{"icpc_id":"山东工商学院","shortname":"山东工商学院","id":"山东工商学院","name":"山东工商学院","formal_name":"山东工商学院"},{"icpc_id":"武昌首义学院","shortname":"武昌首义学院","id":"武昌首义学院","name":"武昌首义学院","formal_name":"武昌首义学院"},{"icpc_id":"西安交通大学","shortname":"西安交通大学","id":"西安交通大学","name":"西安交通大学","formal_name":"西安交通大学"},{"icpc_id":"四川大学锦城学院","shortname":"四川大学锦城学院","id":"四川大学锦城学院","name":"四川大学锦城学院","formal_name":"四川大学锦城学院"},{"icpc_id":"河北工业大学","shortname":"河北工业大学","id":"河北工业大学","name":"河北工业大学","formal_name":"河北工业大学"},{"icpc_id":"浙江工业职业技术学院","shortname":"浙江工业职业技术学院","id":"浙江工业职业技术学院","name":"浙江工业职业技术学院","formal_name":"浙江工业职业技术学院"},{"icpc_id":"桂林电子科技大学","shortname":"桂林电子科技大学","id":"桂林电子科技大学","name":"桂林电子科技大学","formal_name":"桂林电子科技大学"},{"icpc_id":"吉林大学","shortname":"吉林大学","id":"吉林大学","name":"吉林大学","formal_name":"吉林大学"},{"icpc_id":"南华大学","shortname":"南华大学","id":"南华大学","name":"南华大学","formal_name":"南华大学"},{"icpc_id":"河南工业大学","shortname":"河南工业大学","id":"河南工业大学","name":"河南工业大学","formal_name":"河南工业大学"},{"icpc_id":"长沙理工大学","shortname":"长沙理工大学","id":"长沙理工大学","name":"长沙理工大学","formal_name":"长沙理工大学"},{"icpc_id":"广东工业大学","shortname":"广东工业大学","id":"广东工业大学","name":"广东工业大学","formal_name":"广东工业大学"},{"icpc_id":"南通大学","shortname":"南通大学","id":"南通大学","name":"南通大学","formal_name":"南通大学"},{"icpc_id":"广州大学","shortname":"广州大学","id":"广州大学","name":"广州大学","formal_name":"广州大学"},{"icpc_id":"浙江育英职业技术学院","shortname":"浙江育英职业技术学院","id":"浙江育英职业技术学院","name":"浙江育英职业技术学院","formal_name":"浙江育英职业技术学院"},{"icpc_id":"中南林业科技大学","shortname":"中南林业科技大学","id":"中南林业科技大学","name":"中南林业科技大学","formal_name":"中南林业科技大学"},{"icpc_id":"西北大学","shortname":"西北大学","id":"西北大学","name":"西北大学","formal_name":"西北大学"},{"icpc_id":"杭州电子科技大学信息工程学院","shortname":"杭州电子科技大学信息工程学院","id":"杭州电子科技大学信息工程学院","name":"杭州电子科技大学信息工程学院","formal_name":"杭州电子科技大学信息工程学院"},{"icpc_id":"深圳大学","shortname":"深圳大学","id":"深圳大学","name":"深圳大学","formal_name":"深圳大学"},{"icpc_id":"中国石油大学（华东）","shortname":"中国石油大学（华东）","id":"中国石油大学（华东）","name":"中国石油大学（华东）","formal_name":"中国石油大学（华东）"},{"icpc_id":"徐州工程学院","shortname":"徐州工程学院","id":"徐州工程学院","name":"徐州工程学院","formal_name":"徐州工程学院"},{"icpc_id":"太原理工大学","shortname":"太原理工大学","id":"太原理工大学","name":"太原理工大学","formal_name":"太原理工大学"},{"icpc_id":"鲁东大学","shortname":"鲁东大学","id":"鲁东大学","name":"鲁东大学","formal_name":"鲁东大学"},{"icpc_id":"山东师范大学","shortname":"山东师范大学","id":"山东师范大学","name":"山东师范大学","formal_name":"山东师范大学"},{"icpc_id":"北华大学","shortname":"北华大学","id":"北华大学","name":"北华大学","formal_name":"北华大学"},{"icpc_id":"江西中医药大学","shortname":"江西中医药大学","id":"江西中医药大学","name":"江西中医药大学","formal_name":"江西中医药大学"},{"icpc_id":"北京林业大学","shortname":"北京林业大学","id":"北京林业大学","name":"北京林业大学","formal_name":"北京林业大学"},{"icpc_id":"北京信息科技大学","shortname":"北京信息科技大学","id":"北京信息科技大学","name":"北京信息科技大学","formal_name":"北京信息科技大学"},{"icpc_id":"山东农业大学","shortname":"山东农业大学","id":"山东农业大学","name":"山东农业大学","formal_name":"山东农业大学"},{"icpc_id":"上海海洋大学","shortname":"上海海洋大学","id":"上海海洋大学","name":"上海海洋大学","formal_name":"上海海洋大学"},{"icpc_id":"湘潭大学","shortname":"湘潭大学","id":"湘潭大学","name":"湘潭大学","formal_name":"湘潭大学"},{"icpc_id":"福州大学","shortname":"福州大学","id":"福州大学","name":"福州大学","formal_name":"福州大学"},{"icpc_id":"烟台南山学院","shortname":"烟台南山学院","id":"烟台南山学院","name":"烟台南山学院","formal_name":"烟台南山学院"},{"icpc_id":"哈尔滨学院","shortname":"哈尔滨学院","id":"哈尔滨学院","name":"哈尔滨学院","formal_name":"哈尔滨学院"},{"icpc_id":"南京理工大学","shortname":"南京理工大学","id":"南京理工大学","name":"南京理工大学","formal_name":"南京理工大学"},{"icpc_id":"江西财经大学","shortname":"江西财经大学","id":"江西财经大学","name":"江西财经大学","formal_name":"江西财经大学"},{"icpc_id":"湖南理工学院南湖学院","shortname":"湖南理工学院南湖学院","id":"湖南理工学院南湖学院","name":"湖南理工学院南湖学院","formal_name":"湖南理工学院南湖学院"},{"icpc_id":"绍兴文理学院","shortname":"绍兴文理学院","id":"绍兴文理学院","name":"绍兴文理学院","formal_name":"绍兴文理学院"},{"icpc_id":"湖北中医药大学","shortname":"湖北中医药大学","id":"湖北中医药大学","name":"湖北中医药大学","formal_name":"湖北中医药大学"},{"icpc_id":"河南工程学院","shortname":"河南工程学院","id":"河南工程学院","name":"河南工程学院","formal_name":"河南工程学院"},{"icpc_id":"中国矿业大学","shortname":"中国矿业大学","id":"中国矿业大学","name":"中国矿业大学","formal_name":"中国矿业大学"},{"icpc_id":"湖南大学","shortname":"湖南大学","id":"湖南大学","name":"湖南大学","formal_name":"湖南大学"},{"icpc_id":"南开大学","shortname":"南开大学","id":"南开大学","name":"南开大学","formal_name":"南开大学"},{"icpc_id":"东南大学成贤学院","shortname":"东南大学成贤学院","id":"东南大学成贤学院","name":"东南大学成贤学院","formal_name":"东南大学成贤学院"},{"icpc_id":"西北师范大学","shortname":"西北师范大学","id":"西北师范大学","name":"西北师范大学","formal_name":"西北师范大学"},{"icpc_id":"长春工业大学","shortname":"长春工业大学","id":"长春工业大学","name":"长春工业大学","formal_name":"长春工业大学"},{"icpc_id":"重庆大学","shortname":"重庆大学","id":"重庆大学","name":"重庆大学","formal_name":"重庆大学"},{"icpc_id":"绍兴文理学院元培学院","shortname":"绍兴文理学院元培学院","id":"绍兴文理学院元培学院","name":"绍兴文理学院元培学院","formal_name":"绍兴文理学院元培学院"},{"icpc_id":"合肥工业大学","shortname":"合肥工业大学","id":"合肥工业大学","name":"合肥工业大学","formal_name":"合肥工业大学"},{"icpc_id":"东华理工大学","shortname":"东华理工大学","id":"东华理工大学","name":"东华理工大学","formal_name":"东华理工大学"},{"icpc_id":"临沂大学","shortname":"临沂大学","id":"临沂大学","name":"临沂大学","formal_name":"临沂大学"},{"icpc_id":"衡水学院","shortname":"衡水学院","id":"衡水学院","name":"衡水学院","formal_name":"衡水学院"},{"icpc_id":"中国传媒大学","shortname":"中国传媒大学","id":"中国传媒大学","name":"中国传媒大学","formal_name":"中国传媒大学"},{"icpc_id":"西南科技大学信息工程学院","shortname":"西南科技大学信息工程学院","id":"西南科技大学信息工程学院","name":"西南科技大学信息工程学院","formal_name":"西南科技大学信息工程学院"},{"icpc_id":"哈尔滨工业大学（威海）","shortname":"哈尔滨工业大学（威海）","id":"哈尔滨工业大学（威海）","name":"哈尔滨工业大学（威海）","formal_name":"哈尔滨工业大学（威海）"},{"icpc_id":"河北农业大学现代科技学院","shortname":"河北农业大学现代科技学院","id":"河北农业大学现代科技学院","name":"河北农业大学现代科技学院","formal_name":"河北农业大学现代科技学院"},{"icpc_id":"中北大学","shortname":"中北大学","id":"中北大学","name":"中北大学","formal_name":"中北大学"},{"icpc_id":"江西理工大学","shortname":"江西理工大学","id":"江西理工大学","name":"江西理工大学","formal_name":"江西理工大学"},{"icpc_id":"中国地质大学（北京）","shortname":"中国地质大学（北京）","id":"中国地质大学（北京）","name":"中国地质大学（北京）","formal_name":"中国地质大学（北京）"},{"icpc_id":"北京农学院","shortname":"北京农学院","id":"北京农学院","name":"北京农学院","formal_name":"北京农学院"},{"icpc_id":"复旦大学","shortname":"复旦大学","id":"复旦大学","name":"复旦大学","formal_name":"复旦大学"},{"icpc_id":"华南理工大学","shortname":"华南理工大学","id":"华南理工大学","name":"华南理工大学","formal_name":"华南理工大学"},{"icpc_id":"厦门大学","shortname":"厦门大学","id":"厦门大学","name":"厦门大学","formal_name":"厦门大学"},{"icpc_id":"重庆邮电大学","shortname":"重庆邮电大学","id":"重庆邮电大学","name":"重庆邮电大学","formal_name":"重庆邮电大学"},{"icpc_id":"沈阳化工大学","shortname":"沈阳化工大学","id":"沈阳化工大学","name":"沈阳化工大学","formal_name":"沈阳化工大学"},{"icpc_id":"黑龙江工程学院","shortname":"黑龙江工程学院","id":"黑龙江工程学院","name":"黑龙江工程学院","formal_name":"黑龙江工程学院"},{"icpc_id":"广西民族大学","shortname":"广西民族大学","id":"广西民族大学","name":"广西民族大学","formal_name":"广西民族大学"},{"icpc_id":"中国海洋大学","shortname":"中国海洋大学","id":"中国海洋大学","name":"中国海洋大学","formal_name":"中国海洋大学"},{"icpc_id":"中国矿业大学徐海学院","shortname":"中国矿业大学徐海学院","id":"中国矿业大学徐海学院","name":"中国矿业大学徐海学院","formal_name":"中国矿业大学徐海学院"},{"icpc_id":"中南大学","shortname":"中南大学","id":"中南大学","name":"中南大学","formal_name":"中南大学"},{"icpc_id":"哈尔滨华德学院","shortname":"哈尔滨华德学院","id":"哈尔滨华德学院","name":"哈尔滨华德学院","formal_name":"哈尔滨华德学院"},{"icpc_id":"南京林业大学","shortname":"南京林业大学","id":"南京林业大学","name":"南京林业大学","formal_name":"南京林业大学"},{"icpc_id":"香港中文大学(深圳)","shortname":"香港中文大学(深圳)","id":"香港中文大学(深圳)","name":"香港中文大学(深圳)","formal_name":"香港中文大学(深圳)"},{"icpc_id":"天津商业大学","shortname":"天津商业大学","id":"天津商业大学","name":"天津商业大学","formal_name":"天津商业大学"},{"icpc_id":"合肥工业大学宣城校区","shortname":"合肥工业大学宣城校区","id":"合肥工业大学宣城校区","name":"合肥工业大学宣城校区","formal_name":"合肥工业大学宣城校区"},{"icpc_id":"大连大学","shortname":"大连大学","id":"大连大学","name":"大连大学","formal_name":"大连大学"},{"icpc_id":"上海交通大学","shortname":"上海交通大学","id":"上海交通大学","name":"上海交通大学","formal_name":"上海交通大学"},{"icpc_id":"西安邮电大学","shortname":"西安邮电大学","id":"西安邮电大学","name":"西安邮电大学","formal_name":"西安邮电大学"},{"icpc_id":"郑州科技学院","shortname":"郑州科技学院","id":"郑州科技学院","name":"郑州科技学院","formal_name":"郑州科技学院"},{"icpc_id":"华北理工大学","shortname":"华北理工大学","id":"华北理工大学","name":"华北理工大学","formal_name":"华北理工大学"},{"icpc_id":"浙江工商大学","shortname":"浙江工商大学","id":"浙江工商大学","name":"浙江工商大学","formal_name":"浙江工商大学"},{"icpc_id":"太原工业学院","shortname":"太原工业学院","id":"太原工业学院","name":"太原工业学院","formal_name":"太原工业学院"},{"icpc_id":"温州大学","shortname":"温州大学","id":"温州大学","name":"温州大学","formal_name":"温州大学"},{"icpc_id":"闽南科技学院","shortname":"闽南科技学院","id":"闽南科技学院","name":"闽南科技学院","formal_name":"闽南科技学院"},{"icpc_id":"湖州师范学院","shortname":"湖州师范学院","id":"湖州师范学院","name":"湖州师范学院","formal_name":"湖州师范学院"},{"icpc_id":"湖南文理学院","shortname":"湖南文理学院","id":"湖南文理学院","name":"湖南文理学院","formal_name":"湖南文理学院"},{"icpc_id":"中原工学院_软件学院","shortname":"中原工学院_软件学院","id":"中原工学院_软件学院","name":"中原工学院_软件学院","formal_name":"中原工学院_软件学院"},{"icpc_id":"华东交通大学","shortname":"华东交通大学","id":"华东交通大学","name":"华东交通大学","formal_name":"华东交通大学"},{"icpc_id":"邢台职业技术学院","shortname":"邢台职业技术学院","id":"邢台职业技术学院","name":"邢台职业技术学院","formal_name":"邢台职业技术学院"},{"icpc_id":"黑龙江大学","shortname":"黑龙江大学","id":"黑龙江大学","name":"黑龙江大学","formal_name":"黑龙江大学"},{"icpc_id":"宁波大学","shortname":"宁波大学","id":"宁波大学","name":"宁波大学","formal_name":"宁波大学"},{"icpc_id":"西北民族大学","shortname":"西北民族大学","id":"西北民族大学","name":"西北民族大学","formal_name":"西北民族大学"},{"icpc_id":"山东建筑大学","shortname":"山东建筑大学","id":"山东建筑大学","name":"山东建筑大学","formal_name":"山东建筑大学"},{"icpc_id":"湖南师范大学","shortname":"湖南师范大学","id":"湖南师范大学","name":"湖南师范大学","formal_name":"湖南师范大学"},{"icpc_id":"哈尔滨工业大学（深圳）","shortname":"哈尔滨工业大学（深圳）","id":"哈尔滨工业大学（深圳）","name":"哈尔滨工业大学（深圳）","formal_name":"哈尔滨工业大学（深圳）"},{"icpc_id":"曲阜师范大学","shortname":"曲阜师范大学","id":"曲阜师范大学","name":"曲阜师范大学","formal_name":"曲阜师范大学"},{"icpc_id":"北京师范大学珠海分校","shortname":"北京师范大学珠海分校","id":"北京师范大学珠海分校","name":"北京师范大学珠海分校","formal_name":"北京师范大学珠海分校"},{"icpc_id":"成都信息工程大学","shortname":"成都信息工程大学","id":"成都信息工程大学","name":"成都信息工程大学","formal_name":"成都信息工程大学"},{"icpc_id":"长春理工大学","shortname":"长春理工大学","id":"长春理工大学","name":"长春理工大学","formal_name":"长春理工大学"},{"icpc_id":"广东东软学院","shortname":"广东东软学院","id":"广东东软学院","name":"广东东软学院","formal_name":"广东东软学院"},{"icpc_id":"华中师范大学","shortname":"华中师范大学","id":"华中师范大学","name":"华中师范大学","formal_name":"华中师范大学"},{"icpc_id":"华南农业大学","shortname":"华南农业大学","id":"华南农业大学","name":"华南农业大学","formal_name":"华南农业大学"},{"icpc_id":"河南牧业经济学院","shortname":"河南牧业经济学院","id":"河南牧业经济学院","name":"河南牧业经济学院","formal_name":"河南牧业经济学院"},{"icpc_id":"电子科技大学中山学院","shortname":"电子科技大学中山学院","id":"电子科技大学中山学院","name":"电子科技大学中山学院","formal_name":"电子科技大学中山学院"},{"icpc_id":"贵州大学","shortname":"贵州大学","id":"贵州大学","name":"贵州大学","formal_name":"贵州大学"},{"icpc_id":"浙江大学","shortname":"浙江大学","id":"浙江大学","name":"浙江大学","formal_name":"浙江大学"},{"icpc_id":"邵阳学院","shortname":"邵阳学院","id":"邵阳学院","name":"邵阳学院","formal_name":"邵阳学院"},{"icpc_id":"齐鲁工业大学","shortname":"齐鲁工业大学","id":"齐鲁工业大学","name":"齐鲁工业大学","formal_name":"齐鲁工业大学"},{"icpc_id":"南昌师范学院","shortname":"南昌师范学院","id":"南昌师范学院","name":"南昌师范学院","formal_name":"南昌师范学院"},{"icpc_id":"广西外国语学院","shortname":"广西外国语学院","id":"广西外国语学院","name":"广西外国语学院","formal_name":"广西外国语学院"},{"icpc_id":"郑州升达经贸管理学院","shortname":"郑州升达经贸管理学院","id":"郑州升达经贸管理学院","name":"郑州升达经贸管理学院","formal_name":"郑州升达经贸管理学院"},{"icpc_id":"安庆师范大学","shortname":"安庆师范大学","id":"安庆师范大学","name":"安庆师范大学","formal_name":"安庆师范大学"},{"icpc_id":"苏州科技大学","shortname":"苏州科技大学","id":"苏州科技大学","name":"苏州科技大学","formal_name":"苏州科技大学"},{"icpc_id":"汕头大学","shortname":"汕头大学","id":"汕头大学","name":"汕头大学","formal_name":"汕头大学"},{"icpc_id":"南昌航空大学（软件学院）","shortname":"南昌航空大学（软件学院）","id":"南昌航空大学（软件学院）","name":"南昌航空大学（软件学院）","formal_name":"南昌航空大学（软件学院）"},{"icpc_id":"北京邮电大学","shortname":"北京邮电大学","id":"北京邮电大学","name":"北京邮电大学","formal_name":"北京邮电大学"},{"icpc_id":"中国计量大学现代科技学院","shortname":"中国计量大学现代科技学院","id":"中国计量大学现代科技学院","name":"中国计量大学现代科技学院","formal_name":"中国计量大学现代科技学院"},{"icpc_id":"上海第二工业大学","shortname":"上海第二工业大学","id":"上海第二工业大学","name":"上海第二工业大学","formal_name":"上海第二工业大学"},{"icpc_id":"吉林师范大学","shortname":"吉林师范大学","id":"吉林师范大学","name":"吉林师范大学","formal_name":"吉林师范大学"},{"icpc_id":"北京交通大学海滨学院","shortname":"北京交通大学海滨学院","id":"北京交通大学海滨学院","name":"北京交通大学海滨学院","formal_name":"北京交通大学海滨学院"},{"icpc_id":"青岛理工大学","shortname":"青岛理工大学","id":"青岛理工大学","name":"青岛理工大学","formal_name":"青岛理工大学"},{"icpc_id":"重庆邮电大学移通学院","shortname":"重庆邮电大学移通学院","id":"重庆邮电大学移通学院","name":"重庆邮电大学移通学院","formal_name":"重庆邮电大学移通学院"},{"icpc_id":"湖南工程学院","shortname":"湖南工程学院","id":"湖南工程学院","name":"湖南工程学院","formal_name":"湖南工程学院"},{"icpc_id":"中国石油大学（北京）","shortname":"中国石油大学（北京）","id":"中国石油大学（北京）","name":"中国石油大学（北京）","formal_name":"中国石油大学（北京）"},{"icpc_id":"广州中医药大学","shortname":"广州中医药大学","id":"广州中医药大学","name":"广州中医药大学","formal_name":"广州中医药大学"},{"icpc_id":"南昌航空大学（信息工程学院）","shortname":"南昌航空大学（信息工程学院）","id":"南昌航空大学（信息工程学院）","name":"南昌航空大学（信息工程学院）","formal_name":"南昌航空大学（信息工程学院）"},{"icpc_id":"湖南人文科技学院","shortname":"湖南人文科技学院","id":"湖南人文科技学院","name":"湖南人文科技学院","formal_name":"湖南人文科技学院"},{"icpc_id":"湖南省浏阳市第一中学","shortname":"湖南省浏阳市第一中学","id":"湖南省浏阳市第一中学","name":"湖南省浏阳市第一中学","formal_name":"湖南省浏阳市第一中学"},{"icpc_id":"湖南理工学院","shortname":"湖南理工学院","id":"湖南理工学院","name":"湖南理工学院","formal_name":"湖南理工学院"},{"icpc_id":"内蒙古财经大学","shortname":"内蒙古财经大学","id":"内蒙古财经大学","name":"内蒙古财经大学","formal_name":"内蒙古财经大学"},{"icpc_id":"吉首大学","shortname":"吉首大学","id":"吉首大学","name":"吉首大学","formal_name":"吉首大学"},{"icpc_id":"浙江农林大学暨阳学院","shortname":"浙江农林大学暨阳学院","id":"浙江农林大学暨阳学院","name":"浙江农林大学暨阳学院","formal_name":"浙江农林大学暨阳学院"},{"icpc_id":"保定职业技术学院","shortname":"保定职业技术学院","id":"保定职业技术学院","name":"保定职业技术学院","formal_name":"保定职业技术学院"},{"icpc_id":"福建工程学院","shortname":"福建工程学院","id":"福建工程学院","name":"福建工程学院","formal_name":"福建工程学院"},{"icpc_id":"武汉大学","shortname":"武汉大学","id":"武汉大学","name":"武汉大学","formal_name":"武汉大学"},{"icpc_id":"韶关学院","shortname":"韶关学院","id":"韶关学院","name":"韶关学院","formal_name":"韶关学院"},{"icpc_id":"常熟理工学院","shortname":"常熟理工学院","id":"常熟理工学院","name":"常熟理工学院","formal_name":"常熟理工学院"},{"icpc_id":"泰山学院","shortname":"泰山学院","id":"泰山学院","name":"泰山学院","formal_name":"泰山学院"},{"icpc_id":"百色学院","shortname":"百色学院","id":"百色学院","name":"百色学院","formal_name":"百色学院"},{"icpc_id":"韩山师范学院","shortname":"韩山师范学院","id":"韩山师范学院","name":"韩山师范学院","formal_name":"韩山师范学院"},{"icpc_id":"郑州大学","shortname":"郑州大学","id":"郑州大学","name":"郑州大学","formal_name":"郑州大学"},{"icpc_id":"沈阳航空航天大学","shortname":"沈阳航空航天大学","id":"沈阳航空航天大学","name":"沈阳航空航天大学","formal_name":"沈阳航空航天大学"},{"icpc_id":"北华航天工业学院","shortname":"北华航天工业学院","id":"北华航天工业学院","name":"北华航天工业学院","formal_name":"北华航天工业学院"},{"icpc_id":"香港城市大学","shortname":"香港城市大学","id":"香港城市大学","name":"香港城市大学","formal_name":"香港城市大学"},{"icpc_id":"杭州师范大学","shortname":"杭州师范大学","id":"杭州师范大学","name":"杭州师范大学","formal_name":"杭州师范大学"},{"icpc_id":"燕山大学里仁学院","shortname":"燕山大学里仁学院","id":"燕山大学里仁学院","name":"燕山大学里仁学院","formal_name":"燕山大学里仁学院"},{"icpc_id":"华中农业大学","shortname":"华中农业大学","id":"华中农业大学","name":"华中农业大学","formal_name":"华中农业大学"},{"icpc_id":"山东理工大学","shortname":"山东理工大学","id":"山东理工大学","name":"山东理工大学","formal_name":"山东理工大学"},{"icpc_id":"河北水利电力学院","shortname":"河北水利电力学院","id":"河北水利电力学院","name":"河北水利电力学院","formal_name":"河北水利电力学院"},{"icpc_id":"江西财经大学信息管理学院","shortname":"江西财经大学信息管理学院","id":"江西财经大学信息管理学院","name":"江西财经大学信息管理学院","formal_name":"江西财经大学信息管理学院"},{"icpc_id":"河北金融学院","shortname":"河北金融学院","id":"河北金融学院","name":"河北金融学院","formal_name":"河北金融学院"},{"icpc_id":"潍坊学院","shortname":"潍坊学院","id":"潍坊学院","name":"潍坊学院","formal_name":"潍坊学院"},{"icpc_id":"黑龙江职业学院","shortname":"黑龙江职业学院","id":"黑龙江职业学院","name":"黑龙江职业学院","formal_name":"黑龙江职业学院"},{"icpc_id":"中国科学院大学","shortname":"中国科学院大学","id":"中国科学院大学","name":"中国科学院大学","formal_name":"中国科学院大学"},{"icpc_id":"江西科技学院","shortname":"江西科技学院","id":"江西科技学院","name":"江西科技学院","formal_name":"江西科技学院"},{"icpc_id":"南宁师范大学","shortname":"南宁师范大学","id":"南宁师范大学","name":"南宁师范大学","formal_name":"南宁师范大学"},{"icpc_id":"杭州医学院","shortname":"杭州医学院","id":"杭州医学院","name":"杭州医学院","formal_name":"杭州医学院"},{"icpc_id":"安徽中医药大学","shortname":"安徽中医药大学","id":"安徽中医药大学","name":"安徽中医药大学","formal_name":"安徽中医药大学"},{"icpc_id":"河南财政金融学院","shortname":"河南财政金融学院","id":"河南财政金融学院","name":"河南财政金融学院","formal_name":"河南财政金融学院"},{"icpc_id":"哈尔滨工程大学","shortname":"哈尔滨工程大学","id":"哈尔滨工程大学","name":"哈尔滨工程大学","formal_name":"哈尔滨工程大学"},{"icpc_id":"广西科技大学","shortname":"广西科技大学","id":"广西科技大学","name":"广西科技大学","formal_name":"广西科技大学"},{"icpc_id":"兰州大学","shortname":"兰州大学","id":"兰州大学","name":"兰州大学","formal_name":"兰州大学"},{"icpc_id":"四川师范大学","shortname":"四川师范大学","id":"四川师范大学","name":"四川师范大学","formal_name":"四川师范大学"},{"icpc_id":"集美大学","shortname":"集美大学","id":"集美大学","name":"集美大学","formal_name":"集美大学"},{"icpc_id":"伊利诺伊大学香槟分校","shortname":"伊利诺伊大学香槟分校","id":"伊利诺伊大学香槟分校","name":"伊利诺伊大学香槟分校","formal_name":"伊利诺伊大学香槟分校"},{"icpc_id":"东南大学","shortname":"东南大学","id":"东南大学","name":"东南大学","formal_name":"东南大学"},{"icpc_id":"武汉理工大学","shortname":"武汉理工大学","id":"武汉理工大学","name":"武汉理工大学","formal_name":"武汉理工大学"},{"icpc_id":"郑州轻工业大学","shortname":"郑州轻工业大学","id":"郑州轻工业大学","name":"郑州轻工业大学","formal_name":"郑州轻工业大学"},{"icpc_id":"青岛大学","shortname":"青岛大学","id":"青岛大学","name":"青岛大学","formal_name":"青岛大学"},{"icpc_id":"福建师范大学协和学院","shortname":"福建师范大学协和学院","id":"福建师范大学协和学院","name":"福建师范大学协和学院","formal_name":"福建师范大学协和学院"},{"icpc_id":"郑州商学院","shortname":"郑州商学院","id":"郑州商学院","name":"郑州商学院","formal_name":"郑州商学院"},{"icpc_id":"黄淮学院","shortname":"黄淮学院","id":"黄淮学院","name":"黄淮学院","formal_name":"黄淮学院"},{"icpc_id":"上海财经大学","shortname":"上海财经大学","id":"上海财经大学","name":"上海财经大学","formal_name":"上海财经大学"},{"icpc_id":"西南交通大学","shortname":"西南交通大学","id":"西南交通大学","name":"西南交通大学","formal_name":"西南交通大学"},{"icpc_id":"内蒙古科技大学","shortname":"内蒙古科技大学","id":"内蒙古科技大学","name":"内蒙古科技大学","formal_name":"内蒙古科技大学"},{"icpc_id":"北京理工大学","shortname":"北京理工大学","id":"北京理工大学","name":"北京理工大学","formal_name":"北京理工大学"},{"icpc_id":"范德堡大学","shortname":"范德堡大学","id":"范德堡大学","name":"范德堡大学","formal_name":"范德堡大学"},{"icpc_id":"郑州经贸学院","shortname":"郑州经贸学院","id":"郑州经贸学院","name":"郑州经贸学院","formal_name":"郑州经贸学院"},{"icpc_id":"河池学院","shortname":"河池学院","id":"河池学院","name":"河池学院","formal_name":"河池学院"},{"icpc_id":"东北林业大学","shortname":"东北林业大学","id":"东北林业大学","name":"东北林业大学","formal_name":"东北林业大学"},{"icpc_id":"常州机电职业技术学院","shortname":"常州机电职业技术学院","id":"常州机电职业技术学院","name":"常州机电职业技术学院","formal_name":"常州机电职业技术学院"},{"icpc_id":"东北大学","shortname":"东北大学","id":"东北大学","name":"东北大学","formal_name":"东北大学"},{"icpc_id":"华北水利水电大学","shortname":"华北水利水电大学","id":"华北水利水电大学","name":"华北水利水电大学","formal_name":"华北水利水电大学"},{"icpc_id":"华中科技大学","shortname":"华中科技大学","id":"华中科技大学","name":"华中科技大学","formal_name":"华中科技大学"},{"icpc_id":"黑龙江农垦科技职业学院","shortname":"黑龙江农垦科技职业学院","id":"黑龙江农垦科技职业学院","name":"黑龙江农垦科技职业学院","formal_name":"黑龙江农垦科技职业学院"},{"icpc_id":"三江学院","shortname":"三江学院","id":"三江学院","name":"三江学院","formal_name":"三江学院"},{"icpc_id":"大连海事大学","shortname":"大连海事大学","id":"大连海事大学","name":"大连海事大学","formal_name":"大连海事大学"},{"icpc_id":"南京大学金陵学院","shortname":"南京大学金陵学院","id":"南京大学金陵学院","name":"南京大学金陵学院","formal_name":"南京大学金陵学院"},{"icpc_id":"长春大学","shortname":"长春大学","id":"长春大学","name":"长春大学","formal_name":"长春大学"},{"icpc_id":"安阳师范学院","shortname":"安阳师范学院","id":"安阳师范学院","name":"安阳师范学院","formal_name":"安阳师范学院"},{"icpc_id":"大连东软信息学院","shortname":"大连东软信息学院","id":"大连东软信息学院","name":"大连东软信息学院","formal_name":"大连东软信息学院"},{"icpc_id":"内蒙古大学","shortname":"内蒙古大学","id":"内蒙古大学","name":"内蒙古大学","formal_name":"内蒙古大学"},{"icpc_id":"四川轻化工大学","shortname":"四川轻化工大学","id":"四川轻化工大学","name":"四川轻化工大学","formal_name":"四川轻化工大学"},{"icpc_id":"上海纽约大学","shortname":"上海纽约大学","id":"上海纽约大学","name":"上海纽约大学","formal_name":"上海纽约大学"},{"icpc_id":"安徽工程大学","shortname":"安徽工程大学","id":"安徽工程大学","name":"安徽工程大学","formal_name":"安徽工程大学"},{"icpc_id":"燕山大学","shortname":"燕山大学","id":"燕山大学","name":"燕山大学","formal_name":"燕山大学"},{"icpc_id":"内蒙古工业大学","shortname":"内蒙古工业大学","id":"内蒙古工业大学","name":"内蒙古工业大学","formal_name":"内蒙古工业大学"},{"icpc_id":"温州肯恩大学","shortname":"温州肯恩大学","id":"温州肯恩大学","name":"温州肯恩大学","formal_name":"温州肯恩大学"},{"icpc_id":"吉林建筑科技学院","shortname":"吉林建筑科技学院","id":"吉林建筑科技学院","name":"吉林建筑科技学院","formal_name":"吉林建筑科技学院"},{"icpc_id":"长春工业大学人文信息学院","shortname":"长春工业大学人文信息学院","id":"长春工业大学人文信息学院","name":"长春工业大学人文信息学院","formal_name":"长春工业大学人文信息学院"},{"icpc_id":"江西科技学院附属中学","shortname":"江西科技学院附属中学","id":"江西科技学院附属中学","name":"江西科技学院附属中学","formal_name":"江西科技学院附属中学"},{"icpc_id":"南宁市第三中学","shortname":"南宁市第三中学","id":"南宁市第三中学","name":"南宁市第三中学","formal_name":"南宁市第三中学"},{"icpc_id":"北京航空航天大学","shortname":"北京航空航天大学","id":"北京航空航天大学","name":"北京航空航天大学","formal_name":"北京航空航天大学"},{"icpc_id":"秦皇岛职业技术学院","shortname":"秦皇岛职业技术学院","id":"秦皇岛职业技术学院","name":"秦皇岛职业技术学院","formal_name":"秦皇岛职业技术学院"},{"icpc_id":"河海大学","shortname":"河海大学","id":"河海大学","name":"河海大学","formal_name":"河海大学"},{"icpc_id":"湖南科技大学","shortname":"湖南科技大学","id":"湖南科技大学","name":"湖南科技大学","formal_name":"湖南科技大学"},{"icpc_id":"山东大学（威海）","shortname":"山东大学（威海）","id":"山东大学（威海）","name":"山东大学（威海）","formal_name":"山东大学（威海）"},{"icpc_id":"青岛农业大学","shortname":"青岛农业大学","id":"青岛农业大学","name":"青岛农业大学","formal_name":"青岛农业大学"},{"icpc_id":"华东交通大学理工学院","shortname":"华东交通大学理工学院","id":"华东交通大学理工学院","name":"华东交通大学理工学院","formal_name":"华东交通大学理工学院"},{"icpc_id":"广东石油化工学院","shortname":"广东石油化工学院","id":"广东石油化工学院","name":"广东石油化工学院","formal_name":"广东石油化工学院"},{"icpc_id":"湖北理工学院","shortname":"湖北理工学院","id":"湖北理工学院","name":"湖北理工学院","formal_name":"湖北理工学院"},{"icpc_id":"广西大学","shortname":"广西大学","id":"广西大学","name":"广西大学","formal_name":"广西大学"},{"icpc_id":"许昌学院","shortname":"许昌学院","id":"许昌学院","name":"许昌学院","formal_name":"许昌学院"},{"icpc_id":"南京信息工程大学滨江学院","shortname":"南京信息工程大学滨江学院","id":"南京信息工程大学滨江学院","name":"南京信息工程大学滨江学院","formal_name":"南京信息工程大学滨江学院"},{"icpc_id":"山西大学","shortname":"山西大学","id":"山西大学","name":"山西大学","formal_name":"山西大学"},{"icpc_id":"仲恺农业工程学院","shortname":"仲恺农业工程学院","id":"仲恺农业工程学院","name":"仲恺农业工程学院","formal_name":"仲恺农业工程学院"},{"icpc_id":"中国人民警察大学","shortname":"中国人民警察大学","id":"中国人民警察大学","name":"中国人民警察大学","formal_name":"中国人民警察大学"},{"icpc_id":"黄河交通学院","shortname":"黄河交通学院","id":"黄河交通学院","name":"黄河交通学院","formal_name":"黄河交通学院"},{"icpc_id":"济南大学","shortname":"济南大学","id":"济南大学","name":"济南大学","formal_name":"济南大学"},{"icpc_id":"河北地质大学华信学院","shortname":"河北地质大学华信学院","id":"河北地质大学华信学院","name":"河北地质大学华信学院","formal_name":"河北地质大学华信学院"},{"icpc_id":"沈阳师范大学","shortname":"沈阳师范大学","id":"沈阳师范大学","name":"沈阳师范大学","formal_name":"沈阳师范大学"},{"icpc_id":"滨州学院","shortname":"滨州学院","id":"滨州学院","name":"滨州学院","formal_name":"滨州学院"},{"icpc_id":"清华大学","shortname":"清华大学","id":"清华大学","name":"清华大学","formal_name":"清华大学"},{"icpc_id":"广东药科大学","shortname":"广东药科大学","id":"广东药科大学","name":"广东药科大学","formal_name":"广东药科大学"},{"icpc_id":"中原工学院","shortname":"中原工学院","id":"中原工学院","name":"中原工学院","formal_name":"中原工学院"},{"icpc_id":"哈尔滨理工大学荣成校区","shortname":"哈尔滨理工大学荣成校区","id":"哈尔滨理工大学荣成校区","name":"哈尔滨理工大学荣成校区","formal_name":"哈尔滨理工大学荣成校区"},{"icpc_id":"重庆师范大学","shortname":"重庆师范大学","id":"重庆师范大学","name":"重庆师范大学","formal_name":"重庆师范大学"},{"icpc_id":"海南师范大学","shortname":"海南师范大学","id":"海南师范大学","name":"海南师范大学","formal_name":"海南师范大学"},{"icpc_id":"北京工业大学","shortname":"北京工业大学","id":"北京工业大学","name":"北京工业大学","formal_name":"北京工业大学"},{"icpc_id":"桂林电子科技大学信息科技学院","shortname":"桂林电子科技大学信息科技学院","id":"桂林电子科技大学信息科技学院","name":"桂林电子科技大学信息科技学院","formal_name":"桂林电子科技大学信息科技学院"},{"icpc_id":"河北民族师范学院","shortname":"河北民族师范学院","id":"河北民族师范学院","name":"河北民族师范学院","formal_name":"河北民族师范学院"},{"icpc_id":"东北大学秦皇岛分校","shortname":"东北大学秦皇岛分校","id":"东北大学秦皇岛分校","name":"东北大学秦皇岛分校","formal_name":"东北大学秦皇岛分校"},{"icpc_id":"郑州财经学院","shortname":"郑州财经学院","id":"郑州财经学院","name":"郑州财经学院","formal_name":"郑州财经学院"},{"icpc_id":"梧州职业学院","shortname":"梧州职业学院","id":"梧州职业学院","name":"梧州职业学院","formal_name":"梧州职业学院"},{"icpc_id":"保定学院","shortname":"保定学院","id":"保定学院","name":"保定学院","formal_name":"保定学院"},{"icpc_id":"柳州职业技术学院","shortname":"柳州职业技术学院","id":"柳州职业技术学院","name":"柳州职业技术学院","formal_name":"柳州职业技术学院"},{"icpc_id":"湖南工学院","shortname":"湖南工学院","id":"湖南工学院","name":"湖南工学院","formal_name":"湖南工学院"},{"icpc_id":"辽宁工程技术大学","shortname":"辽宁工程技术大学","id":"辽宁工程技术大学","name":"辽宁工程技术大学","formal_name":"辽宁工程技术大学"},{"icpc_id":"河南财政金融学院象湖校区","shortname":"河南财政金融学院象湖校区","id":"河南财政金融学院象湖校区","name":"河南财政金融学院象湖校区","formal_name":"河南财政金融学院象湖校区"},{"icpc_id":"沈阳工业大学","shortname":"沈阳工业大学","id":"沈阳工业大学","name":"沈阳工业大学","formal_name":"沈阳工业大学"},{"icpc_id":"吕梁学院","shortname":"吕梁学院","id":"吕梁学院","name":"吕梁学院","formal_name":"吕梁学院"},{"icpc_id":"深圳职业技术学院","shortname":"深圳职业技术学院","id":"深圳职业技术学院","name":"深圳职业技术学院","formal_name":"深圳职业技术学院"},{"icpc_id":"中国社会科学院大学","shortname":"中国社会科学院大学","id":"中国社会科学院大学","name":"中国社会科学院大学","formal_name":"中国社会科学院大学"},{"icpc_id":"广西民族大学人工智能学院","shortname":"广西民族大学人工智能学院","id":"广西民族大学人工智能学院","name":"广西民族大学人工智能学院","formal_name":"广西民族大学人工智能学院"},{"icpc_id":"天津文理学院","shortname":"天津文理学院","id":"天津文理学院","name":"天津文理学院","formal_name":"天津文理学院"},{"icpc_id":"中国科学技术大学","shortname":"中国科学技术大学","id":"中国科学技术大学","name":"中国科学技术大学","formal_name":"中国科学技术大学"},{"icpc_id":"兰州理工大学","shortname":"兰州理工大学","id":"兰州理工大学","name":"兰州理工大学","formal_name":"兰州理工大学"},{"icpc_id":"厦门理工学院","shortname":"厦门理工学院","id":"厦门理工学院","name":"厦门理工学院","formal_name":"厦门理工学院"},{"icpc_id":"浙江机电职业技术学院","shortname":"浙江机电职业技术学院","id":"浙江机电职业技术学院","name":"浙江机电职业技术学院","formal_name":"浙江机电职业技术学院"},{"icpc_id":"西交利物浦大学","shortname":"西交利物浦大学","id":"西交利物浦大学","name":"西交利物浦大学","formal_name":"西交利物浦大学"},{"icpc_id":"苏州高博软件技术学院","shortname":"苏州高博软件技术学院","id":"苏州高博软件技术学院","name":"苏州高博软件技术学院","formal_name":"苏州高博软件技术学院"},{"icpc_id":"安徽师范大学皖江学院","shortname":"安徽师范大学皖江学院","id":"安徽师范大学皖江学院","name":"安徽师范大学皖江学院","formal_name":"安徽师范大学皖江学院"},{"icpc_id":"滁州学院","shortname":"滁州学院","id":"滁州学院","name":"滁州学院","formal_name":"滁州学院"},{"icpc_id":"北京大学","shortname":"北京大学","id":"北京大学","name":"北京大学","formal_name":"北京大学"},{"icpc_id":"青岛工学院","shortname":"青岛工学院","id":"青岛工学院","name":"青岛工学院","formal_name":"青岛工学院"},{"icpc_id":"成都东软学院","shortname":"成都东软学院","id":"成都东软学院","name":"成都东软学院","formal_name":"成都东软学院"}]