[{"externalid":"team001","group_ids":["普通高校"],"affiliation":"白城师范学院","id":"team001","icpc_id":"team001","name":"未来可期","organization_id":"白城师范学院","members":""},{"externalid":"team002","group_ids":["普通高校"],"affiliation":"白城师范学院","id":"team002","icpc_id":"team002","name":"神游小分队","organization_id":"白城师范学院","members":""},{"externalid":"team003","group_ids":["普通高校"],"affiliation":"白城师范学院","id":"team003","icpc_id":"team003","name":"火车少女组","organization_id":"白城师范学院","members":""},{"externalid":"team004","group_ids":["普通高校"],"affiliation":"白城师范学院","id":"team004","icpc_id":"team004","name":"一对到底","organization_id":"白城师范学院","members":""},{"externalid":"team005","group_ids":["独立学院"],"affiliation":"白城师范学院","id":"team005","icpc_id":"team005","name":"梦想组","organization_id":"白城师范学院","members":""},{"externalid":"team006","group_ids":["普通高校"],"affiliation":"白城师范学院","id":"team006","icpc_id":"team006","name":"脂粉金刚","organization_id":"白城师范学院","members":""},{"externalid":"team007","group_ids":["普通高校"],"affiliation":"白城师范学院","id":"team007","icpc_id":"team007","name":"王牌队","organization_id":"白城师范学院","members":""},{"externalid":"team008","group_ids":["普通高校（女队）"],"affiliation":"白城师范学院","id":"team008","icpc_id":"team008","name":"青春无悔组","organization_id":"白城师范学院","members":""},{"externalid":"team009","group_ids":["普通高校"],"affiliation":"北华大学","id":"team009","icpc_id":"team009","name":"董学姐带我们吃海底捞","organization_id":"北华大学","members":""},{"externalid":"team010","group_ids":["普通高校"],"affiliation":"北华大学","id":"team010","icpc_id":"team010","name":"全体起立","organization_id":"北华大学","members":""},{"externalid":"team011","group_ids":["普通高校"],"affiliation":"北华大学","id":"team011","icpc_id":"team011","name":"ac到此一游","organization_id":"北华大学","members":""},{"externalid":"team012","group_ids":["普通高校"],"affiliation":"北华大学","id":"team012","icpc_id":"team012","name":"医生说哈恰嘛恰嘛","organization_id":"北华大学","members":""},{"externalid":"team013","group_ids":["普通高校"],"affiliation":"北华大学","id":"team013","icpc_id":"team013","name":"紫罗兰","organization_id":"北华大学","members":""},{"externalid":"team014","group_ids":["普通高校"],"affiliation":"北华大学","id":"team014","icpc_id":"team014","name":"T了，那咋办嘛","organization_id":"北华大学","members":""},{"externalid":"team015","group_ids":["普通高校"],"affiliation":"东北电力大学","id":"team015","icpc_id":"team015","name":"我们都有一副漂亮的黑框眼镜","organization_id":"东北电力大学","members":""},{"externalid":"team016","group_ids":["普通高校"],"affiliation":"东北电力大学","id":"team016","icpc_id":"team016","name":"奥利给","organization_id":"东北电力大学","members":""},{"externalid":"team017","group_ids":["普通高校"],"affiliation":"东北电力大学","id":"team017","icpc_id":"team017","name":"求求你不要再wa了","organization_id":"东北电力大学","members":""},{"externalid":"team018","group_ids":["普通高校"],"affiliation":"东北电力大学","id":"team018","icpc_id":"team018","name":"签到之王","organization_id":"东北电力大学","members":""},{"externalid":"team019","group_ids":["普通高校"],"affiliation":"东北电力大学","id":"team019","icpc_id":"team019","name":"六点半","organization_id":"东北电力大学","members":""},{"externalid":"team020","group_ids":["普通高校"],"affiliation":"东北电力大学","id":"team020","icpc_id":"team020","name":"天无二日我心中只有kuma一个太阳","organization_id":"东北电力大学","members":""},{"externalid":"team021","group_ids":["普通高校"],"affiliation":"东北电力大学","id":"team021","icpc_id":"team021","name":"又见三角形","organization_id":"东北电力大学","members":""},{"externalid":"team022","group_ids":["普通高校"],"affiliation":"东北电力大学","id":"team022","icpc_id":"team022","name":"你们啊NAIVE","organization_id":"东北电力大学","members":""},{"externalid":"team023","group_ids":["普通高校"],"affiliation":"东北电力大学","id":"team023","icpc_id":"team023","name":"原来如此队","organization_id":"东北电力大学","members":""},{"externalid":"team024","group_ids":["普通高校"],"affiliation":"东北电力大学","id":"team024","icpc_id":"team024","name":"莱布妮子的暴力美学","organization_id":"东北电力大学","members":""},{"externalid":"team025","group_ids":["普通高校"],"affiliation":"东北师范大学","id":"team025","icpc_id":"team025","name":"黎明初晓","organization_id":"东北师范大学","members":""},{"externalid":"team026","group_ids":["普通高校"],"affiliation":"东北师范大学","id":"team026","icpc_id":"team026","name":"凛冬将逝","organization_id":"东北师范大学","members":""},{"externalid":"team027","group_ids":["普通高校"],"affiliation":"东北师范大学","id":"team027","icpc_id":"team027","name":"光子","organization_id":"东北师范大学","members":""},{"externalid":"team028","group_ids":["普通高校"],"affiliation":"东北师范大学","id":"team028","icpc_id":"team028","name":"我要起飞","organization_id":"东北师范大学","members":""},{"externalid":"team029","group_ids":["普通高校"],"affiliation":"东北师范大学","id":"team029","icpc_id":"team029","name":"天堂制造","organization_id":"东北师范大学","members":""},{"externalid":"team030","group_ids":["普通高校"],"affiliation":"东北师范大学","id":"team030","icpc_id":"team030","name":"竹取飞翔","organization_id":"东北师范大学","members":""},{"externalid":"team031","group_ids":["普通高校"],"affiliation":"东北师范大学","id":"team031","icpc_id":"team031","name":"碎月","organization_id":"东北师范大学","members":""},{"externalid":"team032","group_ids":["普通高校"],"affiliation":"东北师范大学","id":"team032","icpc_id":"team032","name":"细胞色素","organization_id":"东北师范大学","members":""},{"externalid":"team033","group_ids":["普通高校"],"affiliation":"东北师范大学","id":"team033","icpc_id":"team033","name":"三个铁沸物","organization_id":"东北师范大学","members":""},{"externalid":"team034","group_ids":["普通高校（女队）"],"affiliation":"吉林财经大学","id":"team034","icpc_id":"team034","name":"施工队","organization_id":"吉林财经大学","members":""},{"externalid":"team035","group_ids":["普通高校（女队）"],"affiliation":"吉林财经大学","id":"team035","icpc_id":"team035","name":"希望代码都敲队","organization_id":"吉林财经大学","members":""},{"externalid":"team036","group_ids":["普通高校（女队）"],"affiliation":"吉林财经大学","id":"team036","icpc_id":"team036","name":"对什么队","organization_id":"吉林财经大学","members":""},{"externalid":"team037","group_ids":["普通高校"],"affiliation":"吉林财经大学","id":"team037","icpc_id":"team037","name":"胜羽队","organization_id":"吉林财经大学","members":""},{"externalid":"team038","group_ids":["普通高校（女队）"],"affiliation":"吉林财经大学","id":"team038","icpc_id":"team038","name":"ctrlenter队","organization_id":"吉林财经大学","members":""},{"externalid":"team039","group_ids":["普通高校"],"affiliation":"吉林财经大学","id":"team039","icpc_id":"team039","name":"helloword队","organization_id":"吉林财经大学","members":""},{"externalid":"team040","group_ids":["普通高校"],"affiliation":"吉林财经大学","id":"team040","icpc_id":"team040","name":"1<<4AC队","organization_id":"吉林财经大学","members":""},{"externalid":"team041","group_ids":["普通高校"],"affiliation":"吉林财经大学","id":"team041","icpc_id":"team041","name":"codehare队","organization_id":"吉林财经大学","members":""},{"externalid":"team042","group_ids":["普通高校"],"affiliation":"吉林大学","id":"team042","icpc_id":"team042","name":"十袋的盐类","organization_id":"吉林大学","members":""},{"externalid":"team043","group_ids":["普通高校"],"affiliation":"吉林大学","id":"team043","icpc_id":"team043","name":"世末鸽者","organization_id":"吉林大学","members":""},{"externalid":"team044","group_ids":["普通高校"],"affiliation":"吉林大学","id":"team044","icpc_id":"team044","name":"累计铳满","organization_id":"吉林大学","members":""},{"externalid":"team045","group_ids":["普通高校"],"affiliation":"吉林大学","id":"team045","icpc_id":"team045","name":"不咕鸟","organization_id":"吉林大学","members":""},{"externalid":"team046","group_ids":["普通高校"],"affiliation":"吉林大学","id":"team046","icpc_id":"team046","name":"比丘兽进化","organization_id":"吉林大学","members":""},{"externalid":"team047","group_ids":["普通高校"],"affiliation":"吉林大学","id":"team047","icpc_id":"team047","name":"icarus","organization_id":"吉林大学","members":""},{"externalid":"team048","group_ids":["普通高校"],"affiliation":"吉林大学","id":"team048","icpc_id":"team048","name":"要不跑路吧","organization_id":"吉林大学","members":""},{"externalid":"team049","group_ids":["普通高校"],"affiliation":"吉林大学","id":"team049","icpc_id":"team049","name":"卷卷更秃头","organization_id":"吉林大学","members":""},{"externalid":"team050","group_ids":["普通高校"],"affiliation":"吉林大学","id":"team050","icpc_id":"team050","name":"FreshmanXProPlusMax","organization_id":"吉林大学","members":""},{"externalid":"team051","group_ids":["普通高校"],"affiliation":"吉林工程技术师范学院","id":"team051","icpc_id":"team051","name":"InvincibleTeam","organization_id":"吉林工程技术师范学院","members":""},{"externalid":"team052","group_ids":["普通高校"],"affiliation":"吉林工程技术师范学院","id":"team052","icpc_id":"team052","name":"BeyondtheSelfTeam","organization_id":"吉林工程技术师范学院","members":""},{"externalid":"team053","group_ids":["普通高校"],"affiliation":"吉林工程技术师范学院","id":"team053","icpc_id":"team053","name":"瓜子花生矿泉水","organization_id":"吉林工程技术师范学院","members":""},{"externalid":"team054","group_ids":["普通高校"],"affiliation":"吉林工商学院","id":"team054","icpc_id":"team054","name":"这次一定对","organization_id":"吉林工商学院","members":""},{"externalid":"team055","group_ids":["普通高校（女队）"],"affiliation":"吉林工商学院","id":"team055","icpc_id":"team055","name":"台柱子","organization_id":"吉林工商学院","members":""},{"externalid":"team056","group_ids":["普通高校"],"affiliation":"吉林建筑大学","id":"team056","icpc_id":"team056","name":"WA老学长妄图带领呆萌小学弟在赛上AC","organization_id":"吉林建筑大学","members":""},{"externalid":"team057","group_ids":["普通高校"],"affiliation":"吉林建筑大学","id":"team057","icpc_id":"team057","name":"大Fozy","organization_id":"吉林建筑大学","members":""},{"externalid":"team058","group_ids":["普通高校"],"affiliation":"吉林建筑大学","id":"team058","icpc_id":"team058","name":"肖战拿我电脑A的","organization_id":"吉林建筑大学","members":""},{"externalid":"team059","group_ids":["普通高校"],"affiliation":"吉林建筑大学","id":"team059","icpc_id":"team059","name":"签到小分队","organization_id":"吉林建筑大学","members":""},{"externalid":"team060","group_ids":["普通高校"],"affiliation":"吉林建筑大学","id":"team060","icpc_id":"team060","name":"白色T-shirt","organization_id":"吉林建筑大学","members":""},{"externalid":"team061","group_ids":["普通高校（女队）"],"affiliation":"吉林建筑大学","id":"team061","icpc_id":"team061","name":"危险又迷人的反派小队","organization_id":"吉林建筑大学","members":""},{"externalid":"team062","group_ids":["普通高校"],"affiliation":"吉林建筑大学","id":"team062","icpc_id":"team062","name":"银河火箭队","organization_id":"吉林建筑大学","members":""},{"externalid":"team063","group_ids":["独立学院"],"affiliation":"吉林建筑科技学院","id":"team063","icpc_id":"team063","name":"我爱你三千遍","organization_id":"吉林建筑科技学院","members":""},{"externalid":"team064","group_ids":["独立学院"],"affiliation":"吉林建筑科技学院","id":"team064","icpc_id":"team064","name":"CJTwo","organization_id":"吉林建筑科技学院","members":""},{"externalid":"team065","group_ids":["独立学院"],"affiliation":"吉林建筑科技学院","id":"team065","icpc_id":"team065","name":"67373upup","organization_id":"吉林建筑科技学院","members":""},{"externalid":"team066","group_ids":["独立学院"],"affiliation":"吉林建筑科技学院","id":"team066","icpc_id":"team066","name":"三叶草","organization_id":"吉林建筑科技学院","members":""},{"externalid":"team067","group_ids":["独立学院"],"affiliation":"吉林建筑科技学院","id":"team067","icpc_id":"team067","name":"青鸟","organization_id":"吉林建筑科技学院","members":""},{"externalid":"team068","group_ids":["独立学院"],"affiliation":"吉林建筑科技学院","id":"team068","icpc_id":"team068","name":"向上的神风队","organization_id":"吉林建筑科技学院","members":""},{"externalid":"team069","group_ids":["独立学院"],"affiliation":"吉林建筑科技学院","id":"team069","icpc_id":"team069","name":"Rush","organization_id":"吉林建筑科技学院","members":""},{"externalid":"team070","group_ids":["普通高校"],"affiliation":"吉林农业科技学院","id":"team070","icpc_id":"team070","name":"吉农科1队","organization_id":"吉林农业科技学院","members":""},{"externalid":"team071","group_ids":["普通高校"],"affiliation":"吉林农业科技学院","id":"team071","icpc_id":"team071","name":"吉农科2队","organization_id":"吉林农业科技学院","members":""},{"externalid":"team072","group_ids":["普通高校"],"affiliation":"吉林农业科技学院","id":"team072","icpc_id":"team072","name":"吉农科3队","organization_id":"吉林农业科技学院","members":""},{"externalid":"team073","group_ids":["普通高校"],"affiliation":"吉林农业科技学院","id":"team073","icpc_id":"team073","name":"吉农科4队","organization_id":"吉林农业科技学院","members":""},{"externalid":"team074","group_ids":["普通高校"],"affiliation":"吉林农业科技学院","id":"team074","icpc_id":"team074","name":"吉农科5队","organization_id":"吉林农业科技学院","members":""},{"externalid":"team075","group_ids":["普通高校"],"affiliation":"吉林农业科技学院","id":"team075","icpc_id":"team075","name":"吉农科6队","organization_id":"吉林农业科技学院","members":""},{"externalid":"team076","group_ids":["普通高校"],"affiliation":"吉林农业科技学院","id":"team076","icpc_id":"team076","name":"吉农科7队","organization_id":"吉林农业科技学院","members":""},{"externalid":"team077","group_ids":["普通高校"],"affiliation":"吉林师范大学","id":"team077","icpc_id":"team077","name":"已然遥远的理想之城","organization_id":"吉林师范大学","members":""},{"externalid":"team078","group_ids":["普通高校"],"affiliation":"吉林师范大学","id":"team078","icpc_id":"team078","name":"果冻橙","organization_id":"吉林师范大学","members":""},{"externalid":"team079","group_ids":["普通高校"],"affiliation":"吉林师范大学","id":"team079","icpc_id":"team079","name":"休息休息咖啡队","organization_id":"吉林师范大学","members":""},{"externalid":"team080","group_ids":["普通高校"],"affiliation":"吉林师范大学","id":"team080","icpc_id":"team080","name":"黑化肥发灰","organization_id":"吉林师范大学","members":""},{"externalid":"team081","group_ids":["独立学院"],"affiliation":"吉林师范大学博达学院","id":"team081","icpc_id":"team081","name":"强强生辉","organization_id":"吉林师范大学博达学院","members":""},{"externalid":"team082","group_ids":["独立学院"],"affiliation":"吉林师范大学博达学院","id":"team082","icpc_id":"team082","name":"送分队","organization_id":"吉林师范大学博达学院","members":""},{"externalid":"team083","group_ids":["独立学院"],"affiliation":"吉林师范大学博达学院","id":"team083","icpc_id":"team083","name":"想吃糖醋排骨片儿川","organization_id":"吉林师范大学博达学院","members":""},{"externalid":"team084","group_ids":["独立学院"],"affiliation":"吉林师范大学博达学院","id":"team084","icpc_id":"team084","name":"不过如此","organization_id":"吉林师范大学博达学院","members":""},{"externalid":"team085","group_ids":["独立学院（女队）"],"affiliation":"吉林师范大学博达学院","id":"team085","icpc_id":"team085","name":"你说的都队","organization_id":"吉林师范大学博达学院","members":""},{"externalid":"team086","group_ids":["打星"],"affiliation":"天津大学仁爱学院","id":"team086","icpc_id":"team086","name":"微笑着","organization_id":"天津大学仁爱学院","members":""},{"externalid":"team087","group_ids":["打星（女队）"],"affiliation":"天津大学仁爱学院","id":"team087","icpc_id":"team087","name":"皮卡皮皮卡啾","organization_id":"天津大学仁爱学院","members":""},{"externalid":"team088","group_ids":["打星"],"affiliation":"天津大学仁爱学院","id":"team088","icpc_id":"team088","name":"小白入门","organization_id":"天津大学仁爱学院","members":""},{"externalid":"team089","group_ids":["普通高校"],"affiliation":"通化师范学院","id":"team089","icpc_id":"team089","name":"拿证1队","organization_id":"通化师范学院","members":""},{"externalid":"team090","group_ids":["普通高校（女队）"],"affiliation":"通化师范学院","id":"team090","icpc_id":"team090","name":"拿证二队","organization_id":"通化师范学院","members":""},{"externalid":"team091","group_ids":["普通高校"],"affiliation":"延边大学","id":"team091","icpc_id":"team091","name":"延边大学1队","organization_id":"延边大学","members":""},{"externalid":"team092","group_ids":["普通高校"],"affiliation":"延边大学","id":"team092","icpc_id":"team092","name":"延边大学2队","organization_id":"延边大学","members":""},{"externalid":"team093","group_ids":["普通高校"],"affiliation":"延边大学","id":"team093","icpc_id":"team093","name":"延边大学3队","organization_id":"延边大学","members":""},{"externalid":"team094","group_ids":["独立学院"],"affiliation":"长春财经学院","id":"team094","icpc_id":"team094","name":"再起征程","organization_id":"长春财经学院","members":""},{"externalid":"team095","group_ids":["独立学院"],"affiliation":"长春财经学院","id":"team095","icpc_id":"team095","name":"无情哈拉少","organization_id":"长春财经学院","members":""},{"externalid":"team096","group_ids":["普通高校"],"affiliation":"长春大学","id":"team096","icpc_id":"team096","name":"对都打着倒","organization_id":"长春大学","members":""},{"externalid":"team097","group_ids":["普通高校"],"affiliation":"长春大学","id":"team097","icpc_id":"team097","name":"一言难尽","organization_id":"长春大学","members":""},{"externalid":"team098","group_ids":["普通高校"],"affiliation":"长春大学","id":"team098","icpc_id":"team098","name":"A题都做不队","organization_id":"长春大学","members":""},{"externalid":"team099","group_ids":["普通高校"],"affiliation":"长春工程学院","id":"team099","icpc_id":"team099","name":"积极健康向上队","organization_id":"长春工程学院","members":""},{"externalid":"team100","group_ids":["普通高校"],"affiliation":"长春工程学院","id":"team100","icpc_id":"team100","name":"continue","organization_id":"长春工程学院","members":""},{"externalid":"team101","group_ids":["普通高校"],"affiliation":"长春工程学院","id":"team101","icpc_id":"team101","name":"Numerator","organization_id":"长春工程学院","members":""},{"externalid":"team102","group_ids":["普通高校"],"affiliation":"长春工程学院","id":"team102","icpc_id":"team102","name":"LOTUSBLUE","organization_id":"长春工程学院","members":""},{"externalid":"team103","group_ids":["普通高校"],"affiliation":"长春工程学院","id":"team103","icpc_id":"team103","name":"专业写BUG","organization_id":"长春工程学院","members":""},{"externalid":"team104","group_ids":["普通高校"],"affiliation":"长春工程学院","id":"team104","icpc_id":"team104","name":"小小飞","organization_id":"长春工程学院","members":""},{"externalid":"team105","group_ids":["普通高校"],"affiliation":"长春工程学院","id":"team105","icpc_id":"team105","name":"三个混子","organization_id":"长春工程学院","members":""},{"externalid":"team106","group_ids":["普通高校"],"affiliation":"长春工业大学","id":"team106","icpc_id":"team106","name":"工大拆迁办","organization_id":"长春工业大学","members":""},{"externalid":"team107","group_ids":["普通高校"],"affiliation":"长春工业大学","id":"team107","icpc_id":"team107","name":"冲鸭菜鸟","organization_id":"长春工业大学","members":""},{"externalid":"team108","group_ids":["普通高校"],"affiliation":"长春工业大学","id":"team108","icpc_id":"team108","name":"除非包吃包住","organization_id":"长春工业大学","members":""},{"externalid":"team109","group_ids":["普通高校"],"affiliation":"长春工业大学","id":"team109","icpc_id":"team109","name":"ACM没有小姐姐","organization_id":"长春工业大学","members":""},{"externalid":"team110","group_ids":["普通高校"],"affiliation":"长春工业大学","id":"team110","icpc_id":"team110","name":"20:52","organization_id":"长春工业大学","members":""},{"externalid":"team111","group_ids":["普通高校"],"affiliation":"长春工业大学","id":"team111","icpc_id":"team111","name":"提交什么都队","organization_id":"长春工业大学","members":""},{"externalid":"team112","group_ids":["普通高校"],"affiliation":"长春工业大学","id":"team112","icpc_id":"team112","name":"ACBAC","organization_id":"长春工业大学","members":""},{"externalid":"team113","group_ids":["普通高校"],"affiliation":"长春工业大学","id":"team113","icpc_id":"team113","name":"我变秃了也变强了","organization_id":"长春工业大学","members":""},{"externalid":"team114","group_ids":["普通高校"],"affiliation":"长春工业大学","id":"team114","icpc_id":"team114","name":"有手就行","organization_id":"长春工业大学","members":""},{"externalid":"team115","group_ids":["打星"],"affiliation":"长春工业大学","id":"team115","icpc_id":"team115","name":"*没有才艺只会wa","organization_id":"长春工业大学","members":""},{"externalid":"team116","group_ids":["打星"],"affiliation":"长春工业大学","id":"team116","icpc_id":"team116","name":"*吃好喝好","organization_id":"长春工业大学","members":""},{"externalid":"team117","group_ids":["独立学院"],"affiliation":"长春工业大学","id":"team117","icpc_id":"team117","name":"歪比歪比","organization_id":"长春工业大学","members":""},{"externalid":"team118","group_ids":["独立学院"],"affiliation":"长春工业大学","id":"team118","icpc_id":"team118","name":"三个臭皮匠","organization_id":"长春工业大学","members":""},{"externalid":"team119","group_ids":["普通高校"],"affiliation":"长春工业大学","id":"team119","icpc_id":"team119","name":"汤不理卜","organization_id":"长春工业大学","members":""},{"externalid":"team120","group_ids":["独立学院"],"affiliation":"长春工业大学","id":"team120","icpc_id":"team120","name":"歪比巴卜","organization_id":"长春工业大学","members":""},{"externalid":"team121","group_ids":["打星"],"affiliation":"长春工业大学","id":"team121","icpc_id":"team121","name":"*博金队(ccutfame)","organization_id":"长春工业大学","members":""},{"externalid":"team122","group_ids":["打星"],"affiliation":"长春工业大学","id":"team122","icpc_id":"team122","name":"*谁在乎队(whocare)","organization_id":"长春工业大学","members":""},{"externalid":"team123","group_ids":["普通高校"],"affiliation":"长春工业大学人文信息学院","id":"team123","icpc_id":"team123","name":"发际线和我作队","organization_id":"长春工业大学人文信息学院","members":""},{"externalid":"team124","group_ids":["独立学院"],"affiliation":"长春工业大学人文信息学院","id":"team124","icpc_id":"team124","name":"队长是抽签抽出来的","organization_id":"长春工业大学人文信息学院","members":""},{"externalid":"team125","group_ids":["独立学院"],"affiliation":"长春工业大学人文信息学院","id":"team125","icpc_id":"team125","name":"我们代码很队","organization_id":"长春工业大学人文信息学院","members":""},{"externalid":"team126","group_ids":["独立学院"],"affiliation":"长春工业大学人文信息学院","id":"team126","icpc_id":"team126","name":"甄不错战队","organization_id":"长春工业大学人文信息学院","members":""},{"externalid":"team127","group_ids":["独立学院"],"affiliation":"长春工业大学人文信息学院","id":"team127","icpc_id":"team127","name":"提搂鳎蚂的喇嘛给了别着喇叭的哑巴一鳎蚂","organization_id":"长春工业大学人文信息学院","members":""},{"externalid":"team128","group_ids":["独立学院"],"affiliation":"长春工业大学人文信息学院","id":"team128","icpc_id":"team128","name":"队员是半路骗过来的","organization_id":"长春工业大学人文信息学院","members":""},{"externalid":"team129","group_ids":["独立学院"],"affiliation":"长春工业大学人文信息学院","id":"team129","icpc_id":"team129","name":"吃瓜群众","organization_id":"长春工业大学人文信息学院","members":""},{"externalid":"team130","group_ids":["独立学院"],"affiliation":"长春光华学院","id":"team130","icpc_id":"team130","name":"光华1队","organization_id":"长春光华学院","members":""},{"externalid":"team131","group_ids":["独立学院"],"affiliation":"长春光华学院","id":"team131","icpc_id":"team131","name":"光华2队","organization_id":"长春光华学院","members":""},{"externalid":"team132","group_ids":["独立学院"],"affiliation":"长春光华学院","id":"team132","icpc_id":"team132","name":"光华3队","organization_id":"长春光华学院","members":""},{"externalid":"team133","group_ids":["独立学院"],"affiliation":"长春光华学院","id":"team133","icpc_id":"team133","name":"光华4队","organization_id":"长春光华学院","members":""},{"externalid":"team134","group_ids":["独立学院"],"affiliation":"长春光华学院","id":"team134","icpc_id":"team134","name":"光华5队","organization_id":"长春光华学院","members":""},{"externalid":"team135","group_ids":["独立学院"],"affiliation":"长春光华学院","id":"team135","icpc_id":"team135","name":"光华6队","organization_id":"长春光华学院","members":""},{"externalid":"team136","group_ids":["独立学院"],"affiliation":"长春光华学院","id":"team136","icpc_id":"team136","name":"光华7队","organization_id":"长春光华学院","members":""},{"externalid":"team137","group_ids":["独立学院"],"affiliation":"长春建筑学校","id":"team137","icpc_id":"team137","name":"问就是冲","organization_id":"长春建筑学校","members":""},{"externalid":"team138","group_ids":["独立学院"],"affiliation":"长春建筑学院","id":"team138","icpc_id":"team138","name":"下岗工人再就业","organization_id":"长春建筑学院","members":""},{"externalid":"team139","group_ids":["独立学院"],"affiliation":"长春建筑学院","id":"team139","icpc_id":"team139","name":"梦之精灵","organization_id":"长春建筑学院","members":""},{"externalid":"team140","group_ids":["独立学院"],"affiliation":"长春建筑学院","id":"team140","icpc_id":"team140","name":"建筑工地在线招人","organization_id":"长春建筑学院","members":""},{"externalid":"team141","group_ids":["独立学院"],"affiliation":"长春建筑学院","id":"team141","icpc_id":"team141","name":"theone","organization_id":"长春建筑学院","members":""},{"externalid":"team142","group_ids":["普通高校"],"affiliation":"长春理工大学","id":"team142","icpc_id":"team142","name":"金陵香辣烤虾仁豌豆闷骚牛肉鸭饭","organization_id":"长春理工大学","members":""},{"externalid":"team143","group_ids":["普通高校"],"affiliation":"长春理工大学","id":"team143","icpc_id":"team143","name":"用蛇毒毒毒蛇毒蛇会被蛇毒毒死吗","organization_id":"长春理工大学","members":""},{"externalid":"team144","group_ids":["普通高校"],"affiliation":"长春理工大学","id":"team144","icpc_id":"team144","name":"三个java选手","organization_id":"长春理工大学","members":""},{"externalid":"team145","group_ids":["普通高校"],"affiliation":"长春理工大学","id":"team145","icpc_id":"team145","name":"哥哥们有什么好想法吗","organization_id":"长春理工大学","members":""},{"externalid":"team146","group_ids":["普通高校"],"affiliation":"长春理工大学","id":"team146","icpc_id":"team146","name":"C++不标准委员会","organization_id":"长春理工大学","members":""},{"externalid":"team147","group_ids":["普通高校"],"affiliation":"长春理工大学","id":"team147","icpc_id":"team147","name":"AC马三人开黑","organization_id":"长春理工大学","members":""},{"externalid":"team148","group_ids":["普通高校"],"affiliation":"长春理工大学","id":"team148","icpc_id":"team148","name":"先wa它个一个亿","organization_id":"长春理工大学","members":""},{"externalid":"team149","group_ids":["普通高校"],"affiliation":"长春理工大学","id":"team149","icpc_id":"team149","name":"抓紧时间","organization_id":"长春理工大学","members":""},{"externalid":"team150","group_ids":["普通高校"],"affiliation":"长春理工大学","id":"team150","icpc_id":"team150","name":"别骂了别骂了在签到了","organization_id":"长春理工大学","members":""},{"externalid":"team151","group_ids":["普通高校"],"affiliation":"长春理工大学","id":"team151","icpc_id":"team151","name":"洋葱圈","organization_id":"长春理工大学","members":""},{"externalid":"team152","group_ids":["普通高校"],"affiliation":"长春理工大学","id":"team152","icpc_id":"team152","name":"在线摸鱼","organization_id":"长春理工大学","members":""},{"externalid":"team153","group_ids":["普通高校"],"affiliation":"长春理工大学","id":"team153","icpc_id":"team153","name":"天尊杨戬","organization_id":"长春理工大学","members":""},{"externalid":"team154","group_ids":["独立学院"],"affiliation":"长春理工大学光电信息学院","id":"team154","icpc_id":"team154","name":"Tcd","organization_id":"长春理工大学光电信息学院","members":""},{"externalid":"team155","group_ids":["独立学院"],"affiliation":"长春理工大学光电信息学院","id":"team155","icpc_id":"team155","name":"摸鱼专业户","organization_id":"长春理工大学光电信息学院","members":""},{"externalid":"team156","group_ids":["独立学院"],"affiliation":"长春理工大学光电信息学院","id":"team156","icpc_id":"team156","name":"喜之郎果冻","organization_id":"长春理工大学光电信息学院","members":""},{"externalid":"team157","group_ids":["独立学院"],"affiliation":"长春理工大学光电信息学院","id":"team157","icpc_id":"team157","name":"LML","organization_id":"长春理工大学光电信息学院","members":""},{"externalid":"team158","group_ids":["独立学院"],"affiliation":"长春理工大学光电信息学院","id":"team158","icpc_id":"team158","name":"CPDD","organization_id":"长春理工大学光电信息学院","members":""},{"externalid":"team159","group_ids":["独立学院"],"affiliation":"长春理工大学光电信息学院","id":"team159","icpc_id":"team159","name":"高压锅","organization_id":"长春理工大学光电信息学院","members":""},{"externalid":"team160","group_ids":["独立学院"],"affiliation":"长春理工大学光电信息学院","id":"team160","icpc_id":"team160","name":"YXR","organization_id":"长春理工大学光电信息学院","members":""},{"externalid":"team161","group_ids":["普通高校"],"affiliation":"长春师范大学","id":"team161","icpc_id":"team161","name":"发光的眼睛","organization_id":"长春师范大学","members":""},{"externalid":"team162","group_ids":["普通高校"],"affiliation":"长春师范大学","id":"team162","icpc_id":"team162","name":"菜瓜小组","organization_id":"长春师范大学","members":""},{"externalid":"team163","group_ids":["普通高校"],"affiliation":"长春师范大学","id":"team163","icpc_id":"team163","name":"菠萝","organization_id":"长春师范大学","members":""},{"externalid":"team164","group_ids":["普通高校"],"affiliation":"长春师范大学","id":"team164","icpc_id":"team164","name":"美杜莎","organization_id":"长春师范大学","members":""},{"externalid":"team165","group_ids":["普通高校"],"affiliation":"吉林化工学院","id":"team165","icpc_id":"team165","name":"划水大队","organization_id":"吉林化工学院","members":""},{"externalid":"team166","group_ids":["普通高校"],"affiliation":"吉林化工学院","id":"team166","icpc_id":"team166","name":"化腾","organization_id":"吉林化工学院","members":""},{"externalid":"team167","group_ids":["普通高校"],"affiliation":"吉林化工学院","id":"team167","icpc_id":"team167","name":"大可不必","organization_id":"吉林化工学院","members":""},{"externalid":"team168","group_ids":["普通高校"],"affiliation":"吉林化工学院","id":"team168","icpc_id":"team168","name":"划丫划","organization_id":"吉林化工学院","members":""}]