[{"icpc_id":"白城师范学院","shortname":"白城师范学院","id":"白城师范学院","name":"白城师范学院","formal_name":"白城师范学院"},{"icpc_id":"北华大学","shortname":"北华大学","id":"北华大学","name":"北华大学","formal_name":"北华大学"},{"icpc_id":"东北电力大学","shortname":"东北电力大学","id":"东北电力大学","name":"东北电力大学","formal_name":"东北电力大学"},{"icpc_id":"东北师范大学","shortname":"东北师范大学","id":"东北师范大学","name":"东北师范大学","formal_name":"东北师范大学"},{"icpc_id":"吉林财经大学","shortname":"吉林财经大学","id":"吉林财经大学","name":"吉林财经大学","formal_name":"吉林财经大学"},{"icpc_id":"吉林大学","shortname":"吉林大学","id":"吉林大学","name":"吉林大学","formal_name":"吉林大学"},{"icpc_id":"吉林工程技术师范学院","shortname":"吉林工程技术师范学院","id":"吉林工程技术师范学院","name":"吉林工程技术师范学院","formal_name":"吉林工程技术师范学院"},{"icpc_id":"吉林工商学院","shortname":"吉林工商学院","id":"吉林工商学院","name":"吉林工商学院","formal_name":"吉林工商学院"},{"icpc_id":"吉林建筑大学","shortname":"吉林建筑大学","id":"吉林建筑大学","name":"吉林建筑大学","formal_name":"吉林建筑大学"},{"icpc_id":"吉林建筑科技学院","shortname":"吉林建筑科技学院","id":"吉林建筑科技学院","name":"吉林建筑科技学院","formal_name":"吉林建筑科技学院"},{"icpc_id":"吉林农业科技学院","shortname":"吉林农业科技学院","id":"吉林农业科技学院","name":"吉林农业科技学院","formal_name":"吉林农业科技学院"},{"icpc_id":"吉林师范大学","shortname":"吉林师范大学","id":"吉林师范大学","name":"吉林师范大学","formal_name":"吉林师范大学"},{"icpc_id":"吉林师范大学博达学院","shortname":"吉林师范大学博达学院","id":"吉林师范大学博达学院","name":"吉林师范大学博达学院","formal_name":"吉林师范大学博达学院"},{"icpc_id":"天津大学仁爱学院","shortname":"天津大学仁爱学院","id":"天津大学仁爱学院","name":"天津大学仁爱学院","formal_name":"天津大学仁爱学院"},{"icpc_id":"通化师范学院","shortname":"通化师范学院","id":"通化师范学院","name":"通化师范学院","formal_name":"通化师范学院"},{"icpc_id":"延边大学","shortname":"延边大学","id":"延边大学","name":"延边大学","formal_name":"延边大学"},{"icpc_id":"长春财经学院","shortname":"长春财经学院","id":"长春财经学院","name":"长春财经学院","formal_name":"长春财经学院"},{"icpc_id":"长春大学","shortname":"长春大学","id":"长春大学","name":"长春大学","formal_name":"长春大学"},{"icpc_id":"长春工程学院","shortname":"长春工程学院","id":"长春工程学院","name":"长春工程学院","formal_name":"长春工程学院"},{"icpc_id":"长春工业大学","shortname":"长春工业大学","id":"长春工业大学","name":"长春工业大学","formal_name":"长春工业大学"},{"icpc_id":"长春工业大学人文信息学院","shortname":"长春工业大学人文信息学院","id":"长春工业大学人文信息学院","name":"长春工业大学人文信息学院","formal_name":"长春工业大学人文信息学院"},{"icpc_id":"长春光华学院","shortname":"长春光华学院","id":"长春光华学院","name":"长春光华学院","formal_name":"长春光华学院"},{"icpc_id":"长春建筑学校","shortname":"长春建筑学校","id":"长春建筑学校","name":"长春建筑学校","formal_name":"长春建筑学校"},{"icpc_id":"长春建筑学院","shortname":"长春建筑学院","id":"长春建筑学院","name":"长春建筑学院","formal_name":"长春建筑学院"},{"icpc_id":"长春理工大学","shortname":"长春理工大学","id":"长春理工大学","name":"长春理工大学","formal_name":"长春理工大学"},{"icpc_id":"长春理工大学光电信息学院","shortname":"长春理工大学光电信息学院","id":"长春理工大学光电信息学院","name":"长春理工大学光电信息学院","formal_name":"长春理工大学光电信息学院"},{"icpc_id":"长春师范大学","shortname":"长春师范大学","id":"长春师范大学","name":"长春师范大学","formal_name":"长春师范大学"},{"icpc_id":"吉林化工学院","shortname":"吉林化工学院","id":"吉林化工学院","name":"吉林化工学院","formal_name":"吉林化工学院"}]