[{"hidden":false,"icpc_id":"普通高校","id":"普通高校","name":"普通高校","sortorder":0,"color":"#ffffff"},{"hidden":false,"icpc_id":"独立学院","id":"独立学院","name":"独立学院","sortorder":0,"color":"#33cc44"},{"hidden":false,"icpc_id":"普通高校（女队）","id":"普通高校（女队）","name":"普通高校（女队）","sortorder":0,"color":"#ff99cc"},{"hidden":false,"icpc_id":"独立学院（女队）","id":"独立学院（女队）","name":"独立学院（女队）","sortorder":0,"color":"#33cc44"},{"hidden":false,"icpc_id":"打星","id":"打星","name":"打星","sortorder":0,"color":"#ffcc33"},{"hidden":false,"icpc_id":"打星（女队）","id":"打星（女队）","name":"打星（女队）","sortorder":0,"color":"#ffcc33"}]